# Entry removed Wed Aug 19 06:46:13 2026
# Track:  https://youtube.com/watch?v=PThRzauX8pk
# Reason: Error in yt-dlp while downloading media data: ERROR: unable to download video data: HTTP Error 403: Forbidden

################################

# Entry removed Wed Aug 19 06:46:15 2026
# Track:  https://youtube.com/watch?v=0IxiUognQe0
# Reason: Error in yt-dlp while downloading media data: ERROR: unable to download video data: HTTP Error 403: Forbidden

################################

# Entry removed Wed Aug 19 06:46:17 2026
# Track:  https://youtube.com/watch?v=K_h1geOaLvY
# Reason: Error in yt-dlp while downloading media data: ERROR: unable to download video data: HTTP Error 403: Forbidden

################################

# Entry removed Wed Aug 19 06:46:17 2026
# Track:  https://youtube.com/watch?v=rwYU8jq6Qw0
# Reason: Error in yt-dlp while downloading media data: ERROR: [youtube] rwYU8jq6Qw0: Private video. Sign in if you've been granted access to this video. Use --cookies-from-browser or --cookies for the authentication. See  https://github.com/yt-dlp/yt-dlp/wiki/FAQ#how-do-i-pass-cookies-to-yt-dlp  for how to manually pass cookies. Also see  https://github.com/yt-dlp/yt-dlp/wiki/Extractors#exporting-youtube-cookies  for tips on effectively exporting YouTube cookies

################################

# Entry removed Wed Aug 19 06:46:19 2026
# Track:  https://youtube.com/watch?v=KmxaY_OVvWA
# Reason: Error in yt-dlp while downloading media data: ERROR: unable to download video data: HTTP Error 403: Forbidden

################################

# Entry removed Wed Aug 19 06:46:21 2026
# Track:  https://youtube.com/watch?v=O8tIRYECJbk
# Reason: Error in yt-dlp while downloading media data: ERROR: unable to download video data: HTTP Error 403: Forbidden

################################

# Entry removed Wed Aug 19 06:46:22 2026
# Track:  https://youtube.com/watch?v=KEXQkrllGbA
# Reason: Error in yt-dlp while downloading media data: ERROR: [youtube] KEXQkrllGbA: Video unavailable. It was blocked due to the claimed content by SME.

################################

# Entry removed Wed Aug 19 06:46:25 2026
# Track:  https://youtube.com/watch?v=2sh0ENwPGXw
# Reason: Error in yt-dlp while downloading media data: ERROR: unable to download video data: HTTP Error 403: Forbidden

################################

# Entry removed Wed Aug 19 06:46:27 2026
# Track:  https://youtube.com/watch?v=FHccClTAdzc
# Reason: Error in yt-dlp while downloading media data: ERROR: unable to download video data: HTTP Error 403: Forbidden

################################

# Entry removed Wed Aug 19 06:46:29 2026
# Track:  https://youtube.com/watch?v=Mke9EHMQMYI
# Reason: Error in yt-dlp while downloading media data: ERROR: unable to download video data: HTTP Error 403: Forbidden

################################

# Entry removed Wed Aug 19 06:46:31 2026
# Track:  https://youtube.com/watch?v=kc823UD0LeU
# Reason: Error in yt-dlp while downloading media data: ERROR: unable to download video data: HTTP Error 403: Forbidden

################################

# Entry removed Wed Aug 19 06:46:31 2026
# Track:  https://youtube.com/watch?v=Ga7Hh6EzV0o
# Reason: Error in yt-dlp while downloading media data: ERROR: [youtube] Ga7Hh6EzV0o: Video unavailable

################################

# Entry removed Wed Aug 19 06:46:33 2026
# Track:  https://youtube.com/watch?v=oYXqb6x50lA
# Reason: Error in yt-dlp while downloading media data: ERROR: unable to download video data: HTTP Error 403: Forbidden

################################

# Entry removed Wed Aug 19 06:46:35 2026
# Track:  https://youtube.com/watch?v=t8gdslsaCkM
# Reason: Error in yt-dlp while downloading media data: ERROR: unable to download video data: HTTP Error 403: Forbidden

################################

# Entry removed Wed Aug 19 06:46:38 2026
# Track:  https://youtube.com/watch?v=s0igE09HI1U
# Reason: Error in yt-dlp while downloading media data: ERROR: unable to download video data: HTTP Error 403: Forbidden

################################

# Entry removed Wed Aug 19 06:46:38 2026
# Track:  https://youtube.com/watch?v=xshEZzpS4CQ
# Reason: Error in yt-dlp while downloading media data: ERROR: [youtube] xshEZzpS4CQ: Private video. Sign in if you've been granted access to this video. Use --cookies-from-browser or --cookies for the authentication. See  https://github.com/yt-dlp/yt-dlp/wiki/FAQ#how-do-i-pass-cookies-to-yt-dlp  for how to manually pass cookies. Also see  https://github.com/yt-dlp/yt-dlp/wiki/Extractors#exporting-youtube-cookies  for tips on effectively exporting YouTube cookies

################################

# Entry removed Wed Aug 19 06:46:40 2026
# Track:  https://youtube.com/watch?v=ZIGxnhQDjh8
# Reason: Error in yt-dlp while downloading media data: ERROR: unable to download video data: HTTP Error 403: Forbidden

################################

# Entry removed Wed Aug 19 06:46:42 2026
# Track:  https://youtube.com/watch?v=wPqwxBnNxWU
# Reason: Error in yt-dlp while downloading media data: ERROR: unable to download video data: HTTP Error 403: Forbidden

################################

# Entry removed Wed Aug 19 06:46:42 2026
# Track:  https://youtube.com/watch?v=Z9IFiHiSq88
# Reason: Error in yt-dlp while downloading media data: ERROR: [youtube] Z9IFiHiSq88: Video unavailable. This video is no longer available because the YouTube account associated with this video has been terminated.

################################

# Entry removed Wed Aug 19 06:46:44 2026
# Track:  https://youtube.com/watch?v=5eAQa4MOGkE
# Reason: Error in yt-dlp while downloading media data: ERROR: unable to download video data: HTTP Error 403: Forbidden

################################

# Entry removed Wed Aug 19 06:46:47 2026
# Track:  https://youtube.com/watch?v=1AfNOKQdY-U
# Reason: Error in yt-dlp while downloading media data: ERROR: unable to download video data: HTTP Error 403: Forbidden

################################

# Entry removed Wed Aug 19 06:46:49 2026
# Track:  https://youtube.com/watch?v=gg1Wl-NmzWg
# Reason: Error in yt-dlp while downloading media data: ERROR: unable to download video data: HTTP Error 403: Forbidden

################################

# Entry removed Wed Aug 19 06:46:51 2026
# Track:  https://youtube.com/watch?v=pxdOHJjjNek
# Reason: Error in yt-dlp while downloading media data: ERROR: unable to download video data: HTTP Error 403: Forbidden

################################

# Entry removed Wed Aug 19 06:46:51 2026
# Track:  https://youtube.com/watch?v=UbHmYTbHlmA
# Reason: Error in yt-dlp while downloading media data: ERROR: [youtube] UbHmYTbHlmA: Video unavailable

################################

# Entry removed Wed Aug 19 06:46:54 2026
# Track:  https://youtube.com/watch?v=sZLKtjATZt0
# Reason: Error in yt-dlp while downloading media data: ERROR: unable to download video data: HTTP Error 403: Forbidden

################################

# Entry removed Wed Aug 19 06:46:56 2026
# Track:  https://youtube.com/watch?v=NV2qji32jic
# Reason: Error in yt-dlp while downloading media data: ERROR: unable to download video data: HTTP Error 403: Forbidden

################################

# Entry removed Wed Aug 19 06:46:56 2026
# Track:  https://youtube.com/watch?v=_KMywQHeDWI
# Reason: Error in yt-dlp while downloading media data: ERROR: [youtube] _KMywQHeDWI: Video unavailable

################################

# Entry removed Wed Aug 19 06:46:58 2026
# Track:  https://youtube.com/watch?v=iM-eewbBOCA
# Reason: Error in yt-dlp while downloading media data: ERROR: unable to download video data: HTTP Error 403: Forbidden

################################

# Entry removed Wed Aug 19 06:47:00 2026
# Track:  https://youtube.com/watch?v=Yvwo8f3SXKA
# Reason: Error in yt-dlp while downloading media data: ERROR: unable to download video data: HTTP Error 403: Forbidden

################################

# Entry removed Wed Aug 19 06:47:02 2026
# Track:  https://youtube.com/watch?v=CIZ1FIK3-HU
# Reason: Error in yt-dlp while downloading media data: ERROR: unable to download video data: HTTP Error 403: Forbidden

################################

# Entry removed Wed Aug 19 06:47:02 2026
# Track:  https://youtube.com/watch?v=GqH21LEmfbQ
# Reason: Error in yt-dlp while downloading media data: ERROR: [youtube] GqH21LEmfbQ: Video unavailable

################################

# Entry removed Wed Aug 19 06:47:04 2026
# Track:  https://youtube.com/watch?v=1hJKhiew2O0
# Reason: Error in yt-dlp while downloading media data: ERROR: unable to download video data: HTTP Error 403: Forbidden

################################

# Entry removed Wed Aug 19 06:47:04 2026
# Track:  https://youtube.com/watch?v=8zuiIENc7lE
# Reason: Error in yt-dlp while downloading media data: ERROR: [youtube] 8zuiIENc7lE: Video unavailable

################################

# Entry removed Wed Aug 19 06:47:05 2026
# Track:  https://youtube.com/watch?v=m3auI7AYoZA
# Reason: Error in yt-dlp while downloading media data: ERROR: [youtube] m3auI7AYoZA: Private video. Sign in if you've been granted access to this video. Use --cookies-from-browser or --cookies for the authentication. See  https://github.com/yt-dlp/yt-dlp/wiki/FAQ#how-do-i-pass-cookies-to-yt-dlp  for how to manually pass cookies. Also see  https://github.com/yt-dlp/yt-dlp/wiki/Extractors#exporting-youtube-cookies  for tips on effectively exporting YouTube cookies

################################

# Entry removed Wed Aug 19 06:47:07 2026
# Track:  https://youtube.com/watch?v=n5vdgTt9VPU
# Reason: Error in yt-dlp while downloading media data: ERROR: unable to download video data: HTTP Error 403: Forbidden

################################

# Entry removed Wed Aug 19 06:47:09 2026
# Track:  https://youtube.com/watch?v=j4n7fWjmomA
# Reason: Error in yt-dlp while downloading media data: ERROR: unable to download video data: HTTP Error 403: Forbidden

################################

# Entry removed Wed Aug 19 06:47:11 2026
# Track:  https://youtube.com/watch?v=dba3MYL6Nzc
# Reason: Error in yt-dlp while downloading media data: ERROR: unable to download video data: HTTP Error 403: Forbidden

################################

# Entry removed Wed Aug 19 06:47:11 2026
# Track:  https://youtube.com/watch?v=x0q8Oho_RjM
# Reason: Error in yt-dlp while downloading media data: ERROR: [youtube] x0q8Oho_RjM: Video unavailable. This video is no longer available because the YouTube account associated with this video has been terminated.

################################

# Entry removed Wed Aug 19 06:47:11 2026
# Track:  https://youtube.com/watch?v=KUv2zaj9mPs
# Reason: Error in yt-dlp while downloading media data: ERROR: [youtube] KUv2zaj9mPs: Video unavailable

################################

# Entry removed Wed Aug 19 06:47:11 2026
# Track:  https://youtube.com/watch?v=OuJUq58VQXQ
# Reason: Error in yt-dlp while downloading media data: ERROR: [youtube] OuJUq58VQXQ: Video unavailable

################################

# Entry removed Wed Aug 19 06:47:14 2026
# Track:  https://youtube.com/watch?v=-9r7ezjl1us
# Reason: Error in yt-dlp while downloading media data: ERROR: unable to download video data: HTTP Error 403: Forbidden

################################

# Entry removed Wed Aug 19 06:47:16 2026
# Track:  https://youtube.com/watch?v=UifuuynvrlY
# Reason: Error in yt-dlp while downloading media data: ERROR: unable to download video data: HTTP Error 403: Forbidden

################################

# Entry removed Wed Aug 19 06:47:16 2026
# Track:  https://youtube.com/watch?v=enEZjjk77Nk
# Reason: Error in yt-dlp while downloading media data: ERROR: [youtube] enEZjjk77Nk: Video unavailable

################################

# Entry removed Wed Aug 19 06:47:17 2026
# Track:  https://youtube.com/watch?v=LP5JaEJ5jHY
# Reason: Error in yt-dlp while downloading media data: ERROR: [youtube] LP5JaEJ5jHY: Video unavailable. This video is no longer available because the YouTube account associated with this video has been terminated.

################################

# Entry removed Wed Aug 19 06:47:19 2026
# Track:  https://youtube.com/watch?v=_yQl3C52Smw
# Reason: Error in yt-dlp while downloading media data: ERROR: unable to download video data: HTTP Error 403: Forbidden

################################

# Entry removed Wed Aug 19 06:47:21 2026
# Track:  https://youtube.com/watch?v=6DB6hBRPsWc
# Reason: Error in yt-dlp while downloading media data: ERROR: unable to download video data: HTTP Error 403: Forbidden

################################

# Entry removed Wed Aug 19 06:47:23 2026
# Track:  https://youtube.com/watch?v=E8zlthr2-xA
# Reason: Error in yt-dlp while downloading media data: ERROR: unable to download video data: HTTP Error 403: Forbidden

################################

# Entry removed Wed Aug 19 06:47:23 2026
# Track:  https://youtube.com/watch?v=jlV3zeWnWZY
# Reason: Error in yt-dlp while downloading media data: ERROR: [youtube] jlV3zeWnWZY: Video unavailable. This video is no longer available because the YouTube account associated with this video has been terminated.

################################

# Entry removed Wed Aug 19 06:47:25 2026
# Track:  https://youtube.com/watch?v=HAIDqt2aUek
# Reason: Error in yt-dlp while downloading media data: ERROR: unable to download video data: HTTP Error 403: Forbidden

################################

# Entry removed Wed Aug 19 06:47:27 2026
# Track:  https://youtube.com/watch?v=xRRen4nuVkg
# Reason: Error in yt-dlp while downloading media data: ERROR: unable to download video data: HTTP Error 403: Forbidden

################################

# Entry removed Wed Aug 19 06:47:29 2026
# Track:  https://youtube.com/watch?v=FU89y-AWDSg
# Reason: Error in yt-dlp while downloading media data: ERROR: unable to download video data: HTTP Error 403: Forbidden

################################

# Entry removed Wed Aug 19 06:47:30 2026
# Track:  https://youtube.com/watch?v=_9eHO1V-EYw
# Reason: Error in yt-dlp while downloading media data: ERROR: [youtube] _9eHO1V-EYw: Private video. Sign in if you've been granted access to this video. Use --cookies-from-browser or --cookies for the authentication. See  https://github.com/yt-dlp/yt-dlp/wiki/FAQ#how-do-i-pass-cookies-to-yt-dlp  for how to manually pass cookies. Also see  https://github.com/yt-dlp/yt-dlp/wiki/Extractors#exporting-youtube-cookies  for tips on effectively exporting YouTube cookies

################################

# Entry removed Wed Aug 19 06:47:30 2026
# Track:  https://youtube.com/watch?v=IhSG1deLTmY
# Reason: Error in yt-dlp while downloading media data: ERROR: [youtube] IhSG1deLTmY: Video unavailable. This video is not available

################################

# Entry removed Wed Aug 19 06:47:32 2026
# Track:  https://youtube.com/watch?v=qkogQxKXwZc
# Reason: Error in yt-dlp while downloading media data: ERROR: unable to download video data: HTTP Error 403: Forbidden

################################

# Entry removed Wed Aug 19 06:47:34 2026
# Track:  https://youtube.com/watch?v=cU4GXgaCFTI
# Reason: Error in yt-dlp while downloading media data: ERROR: unable to download video data: HTTP Error 403: Forbidden

################################

# Entry removed Wed Aug 19 06:47:36 2026
# Track:  https://youtube.com/watch?v=WZNHgs8QIs8
# Reason: Error in yt-dlp while downloading media data: ERROR: unable to download video data: HTTP Error 403: Forbidden

################################

# Entry removed Wed Aug 19 06:47:39 2026
# Track:  https://youtube.com/watch?v=yhPNZKdVRh8
# Reason: Error in yt-dlp while downloading media data: ERROR: unable to download video data: HTTP Error 403: Forbidden

################################

# Entry removed Wed Aug 19 06:55:50 2026
# Track:  https://youtube.com/watch?v=5QkoOHvrViM
# Reason: Error in yt-dlp while downloading media data: ERROR: unable to download video data: HTTP Error 403: Forbidden

################################

# Entry removed Wed Aug 19 06:55:52 2026
# Track:  https://youtube.com/watch?v=tOlsYflFiEE
# Reason: Error in yt-dlp while downloading media data: ERROR: unable to download video data: HTTP Error 403: Forbidden

################################

# Entry removed Wed Aug 19 06:55:54 2026
# Track:  https://youtube.com/watch?v=hwmRQ0PBtXU
# Reason: Error in yt-dlp while downloading media data: ERROR: unable to download video data: HTTP Error 403: Forbidden

################################

# Entry removed Wed Aug 19 06:55:57 2026
# Track:  https://youtube.com/watch?v=TIwKZLcQM0E
# Reason: Error in yt-dlp while downloading media data: ERROR: unable to download video data: HTTP Error 403: Forbidden

################################

# Entry removed Wed Aug 19 06:55:59 2026
# Track:  https://youtube.com/watch?v=pQ9pYwCKopE
# Reason: Error in yt-dlp while downloading media data: ERROR: unable to download video data: HTTP Error 403: Forbidden

################################

# Entry removed Wed Aug 19 06:56:01 2026
# Track:  https://youtube.com/watch?v=lznKG_PovSo
# Reason: Error in yt-dlp while downloading media data: ERROR: unable to download video data: HTTP Error 403: Forbidden

################################

# Entry removed Wed Aug 19 06:56:03 2026
# Track:  https://youtube.com/watch?v=KUBw0B6RdBQ
# Reason: Error in yt-dlp while downloading media data: ERROR: unable to download video data: HTTP Error 403: Forbidden

################################

# Entry removed Wed Aug 19 06:56:05 2026
# Track:  https://youtube.com/watch?v=3bZfVORx54g
# Reason: Error in yt-dlp while downloading media data: ERROR: unable to download video data: HTTP Error 403: Forbidden

################################

# Entry removed Wed Aug 19 06:56:07 2026
# Track:  https://youtube.com/watch?v=3QGMCSCFoKA
# Reason: Error in yt-dlp while downloading media data: ERROR: unable to download video data: HTTP Error 403: Forbidden

################################

# Entry removed Wed Aug 19 06:56:07 2026
# Track:  https://youtube.com/watch?v=hNmW-QA_kmU
# Reason: Error in yt-dlp while downloading media data: ERROR: [youtube] hNmW-QA_kmU: Video unavailable. The uploader has not made this video available.

################################

# Entry removed Wed Aug 19 06:56:10 2026
# Track:  https://youtube.com/watch?v=BvsMPOfblfg
# Reason: Error in yt-dlp while downloading media data: ERROR: unable to download video data: HTTP Error 403: Forbidden

################################

# Entry removed Wed Aug 19 06:56:10 2026
# Track:  https://youtube.com/watch?v=qqszqHKIqEk
# Reason: Error in yt-dlp while downloading media data: ERROR: [youtube] qqszqHKIqEk: Video unavailable. This video is no longer available because the YouTube account associated with this video has been terminated.

################################

# Entry removed Wed Aug 19 06:56:12 2026
# Track:  https://youtube.com/watch?v=sIPdH7vLmgQ
# Reason: Error in yt-dlp while downloading media data: ERROR: unable to download video data: HTTP Error 403: Forbidden

################################

# Entry removed Wed Aug 19 06:56:12 2026
# Track:  https://youtube.com/watch?v=Y9rxeyzyKVw
# Reason: Error in yt-dlp while downloading media data: ERROR: [youtube] Y9rxeyzyKVw: Private video. Sign in if you've been granted access to this video. Use --cookies-from-browser or --cookies for the authentication. See  https://github.com/yt-dlp/yt-dlp/wiki/FAQ#how-do-i-pass-cookies-to-yt-dlp  for how to manually pass cookies. Also see  https://github.com/yt-dlp/yt-dlp/wiki/Extractors#exporting-youtube-cookies  for tips on effectively exporting YouTube cookies

################################

# Entry removed Wed Aug 19 06:56:15 2026
# Track:  https://youtube.com/watch?v=Q2gFi6R_h-I
# Reason: Error in yt-dlp while downloading media data: ERROR: unable to download video data: HTTP Error 403: Forbidden

################################

# Entry removed Wed Aug 19 06:56:17 2026
# Track:  https://youtube.com/watch?v=7lI2HST_lvA
# Reason: Error in yt-dlp while downloading media data: ERROR: unable to download video data: HTTP Error 403: Forbidden

################################

# Entry removed Wed Aug 19 06:56:17 2026
# Track:  https://youtube.com/watch?v=xRvdCRM_jzk
# Reason: Error in yt-dlp while downloading media data: ERROR: [youtube] xRvdCRM_jzk: Video unavailable

################################

# Entry removed Wed Aug 19 06:56:18 2026
# Track:  https://youtube.com/watch?v=HWbE2mz68ZE
# Reason: Error in yt-dlp while downloading media data: ERROR: [youtube] HWbE2mz68ZE: Video unavailable

################################

# Entry removed Wed Aug 19 06:56:20 2026
# Track:  https://youtube.com/watch?v=FYyCbKZIkgc
# Reason: Error in yt-dlp while downloading media data: ERROR: unable to download video data: HTTP Error 403: Forbidden

################################

# Entry removed Wed Aug 19 06:56:22 2026
# Track:  https://youtube.com/watch?v=DQYNM6SjD_o
# Reason: Error in yt-dlp while downloading media data: ERROR: unable to download video data: HTTP Error 403: Forbidden

################################

# Entry removed Wed Aug 19 06:56:24 2026
# Track:  https://youtube.com/watch?v=HmroWIcCNUI
# Reason: Error in yt-dlp while downloading media data: ERROR: unable to download video data: HTTP Error 403: Forbidden

################################

# Entry removed Wed Aug 19 06:56:26 2026
# Track:  https://youtube.com/watch?v=ZtdRdbjgPBc
# Reason: Error in yt-dlp while downloading media data: ERROR: unable to download video data: HTTP Error 403: Forbidden

################################

# Entry removed Wed Aug 19 06:56:28 2026
# Track:  https://youtube.com/watch?v=f_DX1A7f43o
# Reason: Error in yt-dlp while downloading media data: ERROR: unable to download video data: HTTP Error 403: Forbidden

################################

# Entry removed Wed Aug 19 06:56:31 2026
# Track:  https://youtube.com/watch?v=fyHXlE9Z3m8
# Reason: Error in yt-dlp while downloading media data: ERROR: unable to download video data: HTTP Error 403: Forbidden

################################

# Entry removed Wed Aug 19 06:56:33 2026
# Track:  https://youtube.com/watch?v=Y-fYkVi3HjQ
# Reason: Error in yt-dlp while downloading media data: ERROR: unable to download video data: HTTP Error 403: Forbidden

################################

# Entry removed Wed Aug 19 06:56:35 2026
# Track:  https://youtube.com/watch?v=kn9_rgoX14A
# Reason: Error in yt-dlp while downloading media data: ERROR: unable to download video data: HTTP Error 403: Forbidden

################################

# Entry removed Wed Aug 19 06:56:37 2026
# Track:  https://youtube.com/watch?v=1AZsIIX4k1c
# Reason: Error in yt-dlp while downloading media data: ERROR: unable to download video data: HTTP Error 403: Forbidden

################################

# Entry removed Wed Aug 19 06:56:39 2026
# Track:  https://youtube.com/watch?v=D3fHXpgqGEc
# Reason: Error in yt-dlp while downloading media data: ERROR: unable to download video data: HTTP Error 403: Forbidden

################################

# Entry removed Wed Aug 19 06:56:41 2026
# Track:  https://youtube.com/watch?v=PFVvgETFoUk
# Reason: Error in yt-dlp while downloading media data: ERROR: unable to download video data: HTTP Error 403: Forbidden

################################

# Entry removed Wed Aug 19 06:56:43 2026
# Track:  https://youtube.com/watch?v=LDnJPW-PYgA
# Reason: Error in yt-dlp while downloading media data: ERROR: unable to download video data: HTTP Error 403: Forbidden

################################

# Entry removed Wed Aug 19 06:56:43 2026
# Track:  https://youtube.com/watch?v=FGT67EzVcfs
# Reason: Error in yt-dlp while downloading media data: ERROR: [youtube] FGT67EzVcfs: Video unavailable. This video is no longer available because the YouTube account associated with this video has been terminated.

################################

# Entry removed Wed Aug 19 06:56:46 2026
# Track:  https://youtube.com/watch?v=5lLclBfKj48
# Reason: Error in yt-dlp while downloading media data: ERROR: unable to download video data: HTTP Error 403: Forbidden

################################

# Entry removed Wed Aug 19 06:56:47 2026
# Track:  https://youtube.com/watch?v=vW8Qcgo7X8A
# Reason: Error in yt-dlp while downloading media data: ERROR: unable to download video data: HTTP Error 403: Forbidden

################################

# Entry removed Wed Aug 19 06:56:50 2026
# Track:  https://youtube.com/watch?v=jK2aIUmmdP4
# Reason: Error in yt-dlp while downloading media data: ERROR: unable to download video data: HTTP Error 403: Forbidden

################################

# Entry removed Wed Aug 19 06:56:52 2026
# Track:  https://youtube.com/watch?v=CSJXle3LP_Q
# Reason: Error in yt-dlp while downloading media data: ERROR: unable to download video data: HTTP Error 403: Forbidden

################################

# Entry removed Wed Aug 19 06:56:54 2026
# Track:  https://youtube.com/watch?v=AlgvnoigyLE
# Reason: Error in yt-dlp while downloading media data: ERROR: unable to download video data: HTTP Error 403: Forbidden

################################

# Entry removed Wed Aug 19 06:56:56 2026
# Track:  https://youtube.com/watch?v=WnAvNdVyJB0
# Reason: Error in yt-dlp while downloading media data: ERROR: unable to download video data: HTTP Error 403: Forbidden

################################

# Entry removed Wed Aug 19 06:57:54 2026
# Track:  https://youtube.com/watch?v=RwPLmiwf9fM
# Reason: Error in yt-dlp while downloading media data: ERROR: [youtube] RwPLmiwf9fM: Video unavailable. This video is no longer available because the YouTube account associated with this video has been terminated.

################################

# Entry removed Wed Aug 19 06:57:57 2026
# Track:  https://youtube.com/watch?v=k0kI8tcFxM8
# Reason: Error in yt-dlp while downloading media data: ERROR: unable to download video data: HTTP Error 403: Forbidden

################################

# Entry removed Wed Aug 19 06:57:59 2026
# Track:  https://youtube.com/watch?v=khby51sf82s
# Reason: Error in yt-dlp while downloading media data: ERROR: unable to download video data: HTTP Error 403: Forbidden

################################

# Entry removed Wed Aug 19 06:58:02 2026
# Track:  https://youtube.com/watch?v=rNJwu-YkQlc
# Reason: Error in yt-dlp while downloading media data: ERROR: unable to download video data: HTTP Error 403: Forbidden

################################

# Entry removed Wed Aug 19 06:58:04 2026
# Track:  https://youtube.com/watch?v=n7Vbps6GLoI
# Reason: Error in yt-dlp while downloading media data: ERROR: unable to download video data: HTTP Error 403: Forbidden

################################

# Entry removed Wed Aug 19 06:58:04 2026
# Track:  https://youtube.com/watch?v=3-FjESLZytk
# Reason: Error in yt-dlp while downloading media data: ERROR: [youtube] 3-FjESLZytk: Video unavailable

################################

# Entry removed Wed Aug 19 06:58:06 2026
# Track:  https://youtube.com/watch?v=ckt4ScASUhg
# Reason: Error in yt-dlp while downloading media data: ERROR: unable to download video data: HTTP Error 403: Forbidden

################################

# Entry removed Wed Aug 19 06:58:09 2026
# Track:  https://youtube.com/watch?v=YLs1oVbbaEg
# Reason: Error in yt-dlp while downloading media data: ERROR: unable to download video data: HTTP Error 403: Forbidden

################################

# Entry removed Wed Aug 19 06:58:11 2026
# Track:  https://youtube.com/watch?v=ih0c1UeFC_4
# Reason: Error in yt-dlp while downloading media data: ERROR: unable to download video data: HTTP Error 403: Forbidden

################################

# Entry removed Wed Aug 19 06:58:13 2026
# Track:  https://youtube.com/watch?v=XektDORSOQs
# Reason: Error in yt-dlp while downloading media data: ERROR: unable to download video data: HTTP Error 403: Forbidden

################################

# Entry removed Wed Aug 19 06:58:15 2026
# Track:  https://youtube.com/watch?v=iYVPkqpS_Dw
# Reason: Error in yt-dlp while downloading media data: ERROR: unable to download video data: HTTP Error 403: Forbidden

################################

# Entry removed Wed Aug 19 06:58:17 2026
# Track:  https://youtube.com/watch?v=9K09Ra2l0G8
# Reason: Error in yt-dlp while downloading media data: ERROR: unable to download video data: HTTP Error 403: Forbidden

################################

# Entry removed Wed Aug 19 06:58:19 2026
# Track:  https://youtube.com/watch?v=UVnn6ueVs9A
# Reason: Error in yt-dlp while downloading media data: ERROR: unable to download video data: HTTP Error 403: Forbidden

################################

# Entry removed Wed Aug 19 06:58:21 2026
# Track:  https://youtube.com/watch?v=c3Lui73UEk4
# Reason: Error in yt-dlp while downloading media data: ERROR: unable to download video data: HTTP Error 403: Forbidden

################################

# Entry removed Wed Aug 19 06:58:23 2026
# Track:  https://youtube.com/watch?v=8fY5oRxwCoM
# Reason: Error in yt-dlp while downloading media data: ERROR: unable to download video data: HTTP Error 403: Forbidden

################################

# Entry removed Wed Aug 19 06:58:26 2026
# Track:  https://youtube.com/watch?v=eMBZHUhBAYU
# Reason: Error in yt-dlp while downloading media data: ERROR: unable to download video data: HTTP Error 403: Forbidden

################################

# Entry removed Wed Aug 19 06:58:28 2026
# Track:  https://youtube.com/watch?v=ZrfzenYhv9w
# Reason: Error in yt-dlp while downloading media data: ERROR: unable to download video data: HTTP Error 403: Forbidden

################################

# Entry removed Wed Aug 19 06:58:30 2026
# Track:  https://youtube.com/watch?v=cb2w2m1JmCY
# Reason: Error in yt-dlp while downloading media data: ERROR: unable to download video data: HTTP Error 403: Forbidden

################################

# Entry removed Wed Aug 19 06:58:32 2026
# Track:  https://youtube.com/watch?v=3mpAJjXSVUE
# Reason: Error in yt-dlp while downloading media data: ERROR: unable to download video data: HTTP Error 403: Forbidden

################################

# Entry removed Wed Aug 19 06:58:34 2026
# Track:  https://youtube.com/watch?v=ZXhuso4OTG4
# Reason: Error in yt-dlp while downloading media data: ERROR: unable to download video data: HTTP Error 403: Forbidden

################################

# Entry removed Wed Aug 19 06:58:36 2026
# Track:  https://youtube.com/watch?v=GfTBEZP09D8
# Reason: Error in yt-dlp while downloading media data: ERROR: unable to download video data: HTTP Error 403: Forbidden

################################

# Entry removed Wed Aug 19 06:58:37 2026
# Track:  https://youtube.com/watch?v=mabK8AEGY3s
# Reason: Error in yt-dlp while downloading media data: ERROR: [youtube] mabK8AEGY3s: Private video. Sign in if you've been granted access to this video. Use --cookies-from-browser or --cookies for the authentication. See  https://github.com/yt-dlp/yt-dlp/wiki/FAQ#how-do-i-pass-cookies-to-yt-dlp  for how to manually pass cookies. Also see  https://github.com/yt-dlp/yt-dlp/wiki/Extractors#exporting-youtube-cookies  for tips on effectively exporting YouTube cookies

################################

# Entry removed Wed Aug 19 06:58:39 2026
# Track:  https://youtube.com/watch?v=cd1HS2Yf7Yw
# Reason: Error in yt-dlp while downloading media data: ERROR: unable to download video data: HTTP Error 403: Forbidden

################################

# Entry removed Wed Aug 19 06:58:41 2026
# Track:  https://youtube.com/watch?v=CEmq2V1IMkk
# Reason: Error in yt-dlp while downloading media data: ERROR: unable to download video data: HTTP Error 403: Forbidden

################################

# Entry removed Wed Aug 19 06:58:43 2026
# Track:  https://youtube.com/watch?v=QU4MkRugX2E
# Reason: Error in yt-dlp while downloading media data: ERROR: unable to download video data: HTTP Error 403: Forbidden

################################

# Entry removed Wed Aug 19 06:58:45 2026
# Track:  https://youtube.com/watch?v=FiyXZhhqWqc
# Reason: Error in yt-dlp while downloading media data: ERROR: unable to download video data: HTTP Error 403: Forbidden

################################

# Entry removed Wed Aug 19 06:58:47 2026
# Track:  https://youtube.com/watch?v=X62lV9WdVmo
# Reason: Error in yt-dlp while downloading media data: ERROR: unable to download video data: HTTP Error 403: Forbidden

################################

# Entry removed Wed Aug 19 06:58:49 2026
# Track:  https://youtube.com/watch?v=Tz6OUIjtM6E
# Reason: Error in yt-dlp while downloading media data: ERROR: unable to download video data: HTTP Error 403: Forbidden

################################

# Entry removed Wed Aug 19 06:58:52 2026
# Track:  https://youtube.com/watch?v=9NcPvmk4vfo
# Reason: Error in yt-dlp while downloading media data: ERROR: unable to download video data: HTTP Error 403: Forbidden

################################

# Entry removed Wed Aug 19 06:58:52 2026
# Track:  https://youtube.com/watch?v=RZ_arKTDkmA
# Reason: Error in yt-dlp while downloading media data: ERROR: [youtube] RZ_arKTDkmA: Private video. Sign in if you've been granted access to this video. Use --cookies-from-browser or --cookies for the authentication. See  https://github.com/yt-dlp/yt-dlp/wiki/FAQ#how-do-i-pass-cookies-to-yt-dlp  for how to manually pass cookies. Also see  https://github.com/yt-dlp/yt-dlp/wiki/Extractors#exporting-youtube-cookies  for tips on effectively exporting YouTube cookies

################################

# Entry removed Wed Aug 19 06:58:54 2026
# Track:  https://youtube.com/watch?v=du8iQQ0zoRc
# Reason: Error in yt-dlp while downloading media data: ERROR: unable to download video data: HTTP Error 403: Forbidden

################################

# Entry removed Wed Aug 19 06:58:56 2026
# Track:  https://youtube.com/watch?v=MRHojNbDEUg
# Reason: Error in yt-dlp while downloading media data: ERROR: unable to download video data: HTTP Error 403: Forbidden

################################

# Entry removed Wed Aug 19 06:58:58 2026
# Track:  https://youtube.com/watch?v=SgxlkyqN_Js
# Reason: Error in yt-dlp while downloading media data: ERROR: unable to download video data: HTTP Error 403: Forbidden

################################

# Entry removed Wed Aug 19 06:58:59 2026
# Track:  https://youtube.com/watch?v=2lLmYLw0WRI
# Reason: Error in yt-dlp while downloading media data: ERROR: [youtube] 2lLmYLw0WRI: Video unavailable

################################

# Entry removed Wed Aug 19 06:59:01 2026
# Track:  https://youtube.com/watch?v=-N0UcnswlUQ
# Reason: Error in yt-dlp while downloading media data: ERROR: unable to download video data: HTTP Error 403: Forbidden

################################

# Entry removed Wed Aug 19 06:59:03 2026
# Track:  https://youtube.com/watch?v=YjQ0tFIpAn8
# Reason: Error in yt-dlp while downloading media data: ERROR: unable to download video data: HTTP Error 403: Forbidden

################################

# Entry removed Wed Aug 19 06:59:05 2026
# Track:  https://youtube.com/watch?v=i2RKWJD5ops
# Reason: Error in yt-dlp while downloading media data: ERROR: unable to download video data: HTTP Error 403: Forbidden

################################

# Entry removed Wed Aug 19 06:59:07 2026
# Track:  https://youtube.com/watch?v=DRjOBvnpXVU
# Reason: Error in yt-dlp while downloading media data: ERROR: unable to download video data: HTTP Error 403: Forbidden

################################

# Entry removed Wed Aug 19 06:59:08 2026
# Track:  https://youtube.com/watch?v=5QQ0ebVrLQw
# Reason: Error in yt-dlp while downloading media data: ERROR: [youtube] 5QQ0ebVrLQw: Private video. Sign in if you've been granted access to this video. Use --cookies-from-browser or --cookies for the authentication. See  https://github.com/yt-dlp/yt-dlp/wiki/FAQ#how-do-i-pass-cookies-to-yt-dlp  for how to manually pass cookies. Also see  https://github.com/yt-dlp/yt-dlp/wiki/Extractors#exporting-youtube-cookies  for tips on effectively exporting YouTube cookies

################################

# Entry removed Wed Aug 19 06:59:10 2026
# Track:  https://youtube.com/watch?v=k4bBu9HD_Qo
# Reason: Error in yt-dlp while downloading media data: ERROR: unable to download video data: HTTP Error 403: Forbidden

################################

# Entry removed Wed Aug 19 06:59:12 2026
# Track:  https://youtube.com/watch?v=ONoNjKtf3z8
# Reason: Error in yt-dlp while downloading media data: ERROR: unable to download video data: HTTP Error 403: Forbidden

################################

# Entry removed Wed Aug 19 06:59:14 2026
# Track:  https://youtube.com/watch?v=_ILsdcs__ME
# Reason: Error in yt-dlp while downloading media data: ERROR: unable to download video data: HTTP Error 403: Forbidden

################################

# Entry removed Wed Aug 19 06:59:17 2026
# Track:  https://youtube.com/watch?v=jQH0GPL33uc
# Reason: Error in yt-dlp while downloading media data: ERROR: unable to download video data: HTTP Error 403: Forbidden

################################

# Entry removed Wed Aug 19 06:59:18 2026
# Track:  https://youtube.com/watch?v=byODfQUUsEI
# Reason: Error in yt-dlp while downloading media data: ERROR: [youtube] byODfQUUsEI: Video unavailable. This video is not available

################################

# Entry removed Wed Aug 19 06:59:20 2026
# Track:  https://youtube.com/watch?v=yis_itRsT_8
# Reason: Error in yt-dlp while downloading media data: ERROR: unable to download video data: HTTP Error 403: Forbidden

################################

# Entry removed Wed Aug 19 06:59:22 2026
# Track:  https://youtube.com/watch?v=LTCyZvb2Uzw
# Reason: Error in yt-dlp while downloading media data: ERROR: unable to download video data: HTTP Error 403: Forbidden

################################

# Entry removed Wed Aug 19 06:59:24 2026
# Track:  https://youtube.com/watch?v=vbjoupCWk_M
# Reason: Error in yt-dlp while downloading media data: ERROR: unable to download video data: HTTP Error 403: Forbidden

################################

# Entry removed Wed Aug 19 06:59:27 2026
# Track:  https://youtube.com/watch?v=y-LJIWMeLNY
# Reason: Error in yt-dlp while downloading media data: ERROR: unable to download video data: HTTP Error 403: Forbidden

################################

# Entry removed Wed Aug 19 06:59:29 2026
# Track:  https://youtube.com/watch?v=VhbG1JPe_JI
# Reason: Error in yt-dlp while downloading media data: ERROR: unable to download video data: HTTP Error 403: Forbidden

################################

# Entry removed Wed Aug 19 06:59:31 2026
# Track:  https://youtube.com/watch?v=Cx-TxiBi43c
# Reason: Error in yt-dlp while downloading media data: ERROR: unable to download video data: HTTP Error 403: Forbidden

################################

# Entry removed Wed Aug 19 06:59:33 2026
# Track:  https://youtube.com/watch?v=aXzIeI0mkFI
# Reason: Error in yt-dlp while downloading media data: ERROR: unable to download video data: HTTP Error 403: Forbidden

################################

# Entry removed Wed Aug 19 06:59:35 2026
# Track:  https://youtube.com/watch?v=hpKFRP05Po4
# Reason: Error in yt-dlp while downloading media data: ERROR: unable to download video data: HTTP Error 403: Forbidden

################################

# Entry removed Wed Aug 19 06:59:36 2026
# Track:  https://youtube.com/watch?v=ClE5MBXh4rg
# Reason: Error in yt-dlp while downloading media data: ERROR: [youtube] ClE5MBXh4rg: The uploader has not made this video available in your country
#          You might want to use a VPN or a proxy server (with --proxy) to workaround.

################################

# Entry removed Wed Aug 19 06:59:39 2026
# Track:  https://youtube.com/watch?v=CCVp_X9YquA
# Reason: Error in yt-dlp while downloading media data: ERROR: unable to download video data: HTTP Error 403: Forbidden

################################

# Entry removed Wed Aug 19 06:59:41 2026
# Track:  https://youtube.com/watch?v=Bm1NxfevGro
# Reason: Error in yt-dlp while downloading media data: ERROR: unable to download video data: HTTP Error 403: Forbidden

################################

# Entry removed Wed Aug 19 06:59:43 2026
# Track:  https://youtube.com/watch?v=FMUf8K-dkIk
# Reason: Error in yt-dlp while downloading media data: ERROR: unable to download video data: HTTP Error 403: Forbidden

################################

# Entry removed Wed Aug 19 06:59:45 2026
# Track:  https://youtube.com/watch?v=48eAYnfgrAo
# Reason: Error in yt-dlp while downloading media data: ERROR: unable to download video data: HTTP Error 403: Forbidden

################################

# Entry removed Wed Aug 19 06:59:46 2026
# Track:  https://youtube.com/watch?v=4bjPlBC4h_8
# Reason: Error in yt-dlp while downloading media data: ERROR: [youtube] 4bjPlBC4h_8: Video unavailable. It was blocked due to the claimed content by SME.

################################

# Entry removed Wed Aug 19 06:59:48 2026
# Track:  https://youtube.com/watch?v=AtxRk7kzU0Q
# Reason: Error in yt-dlp while downloading media data: ERROR: unable to download video data: HTTP Error 403: Forbidden

################################

# Entry removed Wed Aug 19 06:59:51 2026
# Track:  https://youtube.com/watch?v=zY9es8R4PD4
# Reason: Error in yt-dlp while downloading media data: ERROR: unable to download video data: HTTP Error 403: Forbidden

################################

# Entry removed Wed Aug 19 06:59:53 2026
# Track:  https://youtube.com/watch?v=xPmAHhcWEvE
# Reason: Error in yt-dlp while downloading media data: ERROR: unable to download video data: HTTP Error 403: Forbidden

################################

# Entry removed Wed Aug 19 06:59:55 2026
# Track:  https://youtube.com/watch?v=PKfxmFU3lWY
# Reason: Error in yt-dlp while downloading media data: ERROR: unable to download video data: HTTP Error 403: Forbidden

################################

# Entry removed Wed Aug 19 06:59:55 2026
# Track:  https://youtube.com/watch?v=1MVAIf-leiQ
# Reason: Error in yt-dlp while downloading media data: ERROR: [youtube] 1MVAIf-leiQ: Video unavailable. This video is no longer available because the YouTube account associated with this video has been terminated.

################################

# Entry removed Wed Aug 19 06:59:57 2026
# Track:  https://youtube.com/watch?v=qebEy8p6pAY
# Reason: Error in yt-dlp while downloading media data: ERROR: unable to download video data: HTTP Error 403: Forbidden

################################

# Entry removed Wed Aug 19 06:59:58 2026
# Track:  https://youtube.com/watch?v=wOuNZMNGwWo
# Reason: Error in yt-dlp while downloading media data: ERROR: [youtube] wOuNZMNGwWo: Video unavailable. This video is not available

################################

# Entry removed Wed Aug 19 07:00:01 2026
# Track:  https://youtube.com/watch?v=yf9OAFML_Eg
# Reason: Error in yt-dlp while downloading media data: ERROR: unable to download video data: HTTP Error 403: Forbidden

################################

# Entry removed Wed Aug 19 07:00:02 2026
# Track:  https://youtube.com/watch?v=mjwV5w0IrcA
# Reason: Error in yt-dlp while downloading media data: ERROR: [youtube] mjwV5w0IrcA: Video unavailable. This video is not available

################################

# Entry removed Wed Aug 19 07:00:02 2026
# Track:  https://youtube.com/watch?v=el9WpGaoLFw
# Reason: Error in yt-dlp while downloading media data: ERROR: [youtube] el9WpGaoLFw: Private video. Sign in if you've been granted access to this video. Use --cookies-from-browser or --cookies for the authentication. See  https://github.com/yt-dlp/yt-dlp/wiki/FAQ#how-do-i-pass-cookies-to-yt-dlp  for how to manually pass cookies. Also see  https://github.com/yt-dlp/yt-dlp/wiki/Extractors#exporting-youtube-cookies  for tips on effectively exporting YouTube cookies

################################

# Entry removed Wed Aug 19 07:00:04 2026
# Track:  https://youtube.com/watch?v=xF9J06CAXm8
# Reason: Error in yt-dlp while downloading media data: ERROR: unable to download video data: HTTP Error 403: Forbidden

################################

# Entry removed Wed Aug 19 07:00:06 2026
# Track:  https://youtube.com/watch?v=Ut-Rk8cYaHA
# Reason: Error in yt-dlp while downloading media data: ERROR: unable to download video data: HTTP Error 403: Forbidden

################################

# Entry removed Wed Aug 19 07:00:09 2026
# Track:  https://youtube.com/watch?v=IufdJpZT_ak
# Reason: Error in yt-dlp while downloading media data: ERROR: unable to download video data: HTTP Error 403: Forbidden

################################

# Entry removed Wed Aug 19 07:00:09 2026
# Track:  https://youtube.com/watch?v=B51pw1teuSg
# Reason: Error in yt-dlp while downloading media data: ERROR: [youtube] B51pw1teuSg: Private video. Sign in if you've been granted access to this video. Use --cookies-from-browser or --cookies for the authentication. See  https://github.com/yt-dlp/yt-dlp/wiki/FAQ#how-do-i-pass-cookies-to-yt-dlp  for how to manually pass cookies. Also see  https://github.com/yt-dlp/yt-dlp/wiki/Extractors#exporting-youtube-cookies  for tips on effectively exporting YouTube cookies

################################

# Entry removed Wed Aug 19 07:00:12 2026
# Track:  https://youtube.com/watch?v=VAWjsVoDpm0
# Reason: Error in yt-dlp while downloading media data: ERROR: unable to download video data: HTTP Error 403: Forbidden

################################

# Entry removed Wed Aug 19 07:00:14 2026
# Track:  https://youtube.com/watch?v=a633nyqWA48
# Reason: Error in yt-dlp while downloading media data: ERROR: unable to download video data: HTTP Error 403: Forbidden

################################

# Entry removed Wed Aug 19 07:00:14 2026
# Track:  https://youtube.com/watch?v=oge5XXXMcys
# Reason: Error in yt-dlp while downloading media data: ERROR: [youtube] oge5XXXMcys: Video unavailable

################################

# Entry removed Wed Aug 19 07:00:16 2026
# Track:  https://youtube.com/watch?v=PL5ZyYJBU4c
# Reason: Error in yt-dlp while downloading media data: ERROR: unable to download video data: HTTP Error 403: Forbidden

################################

# Entry removed Wed Aug 19 07:00:18 2026
# Track:  https://youtube.com/watch?v=dCN4QH2peJQ
# Reason: Error in yt-dlp while downloading media data: ERROR: unable to download video data: HTTP Error 403: Forbidden

################################

# Entry removed Wed Aug 19 07:00:18 2026
# Track:  https://youtube.com/watch?v=5M7LdviC2IQ
# Reason: Error in yt-dlp while downloading media data: ERROR: [youtube] 5M7LdviC2IQ: Video unavailable. This video is no longer available because the YouTube account associated with this video has been terminated.

################################

# Entry removed Wed Aug 19 07:00:20 2026
# Track:  https://youtube.com/watch?v=EvuL5jyCHOw
# Reason: Error in yt-dlp while downloading media data: ERROR: unable to download video data: HTTP Error 403: Forbidden

################################

# Entry removed Wed Aug 19 07:00:21 2026
# Track:  https://youtube.com/watch?v=q7MH68ayDXY
# Reason: Error in yt-dlp while downloading media data: ERROR: [youtube] q7MH68ayDXY: Video unavailable. This video is not available

################################

# Entry removed Wed Aug 19 07:00:23 2026
# Track:  https://youtube.com/watch?v=9VPfprmtSF4
# Reason: Error in yt-dlp while downloading media data: ERROR: unable to download video data: HTTP Error 403: Forbidden

################################

# Entry removed Wed Aug 19 07:00:25 2026
# Track:  https://youtube.com/watch?v=icuMgDWZw2A
# Reason: Error in yt-dlp while downloading media data: ERROR: unable to download video data: HTTP Error 403: Forbidden

################################

# Entry removed Wed Aug 19 07:00:28 2026
# Track:  https://youtube.com/watch?v=b1RKaRgVFKk
# Reason: Error in yt-dlp while downloading media data: ERROR: unable to download video data: HTTP Error 403: Forbidden

################################

# Entry removed Wed Aug 19 07:00:30 2026
# Track:  https://youtube.com/watch?v=PwY-PlXdK6M
# Reason: Error in yt-dlp while downloading media data: ERROR: unable to download video data: HTTP Error 403: Forbidden

################################

# Entry removed Wed Aug 19 07:00:32 2026
# Track:  https://youtube.com/watch?v=AmSvsQn2CP8
# Reason: Error in yt-dlp while downloading media data: ERROR: unable to download video data: HTTP Error 403: Forbidden

################################

# Entry removed Wed Aug 19 07:00:32 2026
# Track:  https://youtube.com/watch?v=8O317T6Zlno
# Reason: Error in yt-dlp while downloading media data: ERROR: [youtube] 8O317T6Zlno: Video unavailable

################################

# Entry removed Wed Aug 19 07:00:34 2026
# Track:  https://youtube.com/watch?v=TEotikBN5Bw
# Reason: Error in yt-dlp while downloading media data: ERROR: unable to download video data: HTTP Error 403: Forbidden

################################

# Entry removed Wed Aug 19 07:01:37 2026
# Track:  https://youtube.com/watch?v=FtveSk1N7Uo
# Reason: Error in yt-dlp while downloading media data: ERROR: unable to download video data: HTTP Error 403: Forbidden

################################

# Entry removed Wed Aug 19 07:01:39 2026
# Track:  https://youtube.com/watch?v=ECQ2kVpzpLA
# Reason: Error in yt-dlp while downloading media data: ERROR: unable to download video data: HTTP Error 403: Forbidden

################################

# Entry removed Wed Aug 19 07:01:41 2026
# Track:  https://youtube.com/watch?v=A66LmUwXnGA
# Reason: Error in yt-dlp while downloading media data: ERROR: unable to download video data: HTTP Error 403: Forbidden

################################

# Entry removed Wed Aug 19 07:01:43 2026
# Track:  https://youtube.com/watch?v=X-lUHu_oGe8
# Reason: Error in yt-dlp while downloading media data: ERROR: unable to download video data: HTTP Error 403: Forbidden

################################

# Entry removed Wed Aug 19 07:01:45 2026
# Track:  https://youtube.com/watch?v=yHGPmbu3QNk
# Reason: Error in yt-dlp while downloading media data: ERROR: unable to download video data: HTTP Error 403: Forbidden

################################

# Entry removed Wed Aug 19 07:01:47 2026
# Track:  https://youtube.com/watch?v=7PRrzMWECeU
# Reason: Error in yt-dlp while downloading media data: ERROR: unable to download video data: HTTP Error 403: Forbidden

################################

# Entry removed Wed Aug 19 07:01:50 2026
# Track:  https://youtube.com/watch?v=OMD8hBsA-RI
# Reason: Error in yt-dlp while downloading media data: ERROR: unable to download video data: HTTP Error 403: Forbidden

################################

# Entry removed Wed Aug 19 07:01:52 2026
# Track:  https://youtube.com/watch?v=l5Zpmaz2OKE
# Reason: Error in yt-dlp while downloading media data: ERROR: unable to download video data: HTTP Error 403: Forbidden

################################

# Entry removed Wed Aug 19 07:01:54 2026
# Track:  https://youtube.com/watch?v=kqjeNSNuNPM
# Reason: Error in yt-dlp while downloading media data: ERROR: unable to download video data: HTTP Error 403: Forbidden

################################

# Entry removed Wed Aug 19 07:01:56 2026
# Track:  https://youtube.com/watch?v=SPedPSBreNk
# Reason: Error in yt-dlp while downloading media data: ERROR: unable to download video data: HTTP Error 403: Forbidden

################################

# Entry removed Wed Aug 19 07:01:56 2026
# Track:  https://youtube.com/watch?v=6sfe_8RAaJ0
# Reason: Error in yt-dlp while downloading media data: ERROR: [youtube] 6sfe_8RAaJ0: Private video. Sign in if you've been granted access to this video. Use --cookies-from-browser or --cookies for the authentication. See  https://github.com/yt-dlp/yt-dlp/wiki/FAQ#how-do-i-pass-cookies-to-yt-dlp  for how to manually pass cookies. Also see  https://github.com/yt-dlp/yt-dlp/wiki/Extractors#exporting-youtube-cookies  for tips on effectively exporting YouTube cookies

################################

# Entry removed Wed Aug 19 07:01:59 2026
# Track:  https://youtube.com/watch?v=iafxqkKZacA
# Reason: Error in yt-dlp while downloading media data: ERROR: unable to download video data: HTTP Error 403: Forbidden

################################

# Entry removed Wed Aug 19 07:02:01 2026
# Track:  https://youtube.com/watch?v=6MS-JqECvf4
# Reason: Error in yt-dlp while downloading media data: ERROR: unable to download video data: HTTP Error 403: Forbidden

################################

# Entry removed Wed Aug 19 07:02:03 2026
# Track:  https://youtube.com/watch?v=R0H4mL3OW-4
# Reason: Error in yt-dlp while downloading media data: ERROR: unable to download video data: HTTP Error 403: Forbidden

################################

# Entry removed Wed Aug 19 07:02:03 2026
# Track:  https://youtube.com/watch?v=waLhF-tFv-Q
# Reason: Error in yt-dlp while downloading media data: ERROR: [youtube] waLhF-tFv-Q: Private video. Sign in if you've been granted access to this video. Use --cookies-from-browser or --cookies for the authentication. See  https://github.com/yt-dlp/yt-dlp/wiki/FAQ#how-do-i-pass-cookies-to-yt-dlp  for how to manually pass cookies. Also see  https://github.com/yt-dlp/yt-dlp/wiki/Extractors#exporting-youtube-cookies  for tips on effectively exporting YouTube cookies

################################

# Entry removed Wed Aug 19 07:02:05 2026
# Track:  https://youtube.com/watch?v=K1xrQcbAwgE
# Reason: Error in yt-dlp while downloading media data: ERROR: unable to download video data: HTTP Error 403: Forbidden

################################

# Entry removed Wed Aug 19 07:02:06 2026
# Track:  https://youtube.com/watch?v=ORsGOVtRH5A
# Reason: Error in yt-dlp while downloading media data: ERROR: [youtube] ORsGOVtRH5A: Video unavailable. It was removed following a copyright removal request by ROTTEN RECORDS

################################

# Entry removed Wed Aug 19 07:02:08 2026
# Track:  https://youtube.com/watch?v=e4dZoM5kAfU
# Reason: Error in yt-dlp while downloading media data: ERROR: unable to download video data: HTTP Error 403: Forbidden

################################

# Entry removed Wed Aug 19 07:02:10 2026
# Track:  https://youtube.com/watch?v=Al8UHnjusq0
# Reason: Error in yt-dlp while downloading media data: ERROR: unable to download video data: HTTP Error 403: Forbidden

################################

# Entry removed Wed Aug 19 07:02:12 2026
# Track:  https://youtube.com/watch?v=8RTR1Ag0rhQ
# Reason: Error in yt-dlp while downloading media data: ERROR: unable to download video data: HTTP Error 403: Forbidden

################################

# Entry removed Wed Aug 19 07:02:14 2026
# Track:  https://youtube.com/watch?v=usGv0gB2zEU
# Reason: Error in yt-dlp while downloading media data: ERROR: unable to download video data: HTTP Error 403: Forbidden

################################

# Entry removed Wed Aug 19 07:02:15 2026
# Track:  https://youtube.com/watch?v=DVQ3-Xe_suY
# Reason: Error in yt-dlp while downloading media data: ERROR: [youtube] DVQ3-Xe_suY: Video unavailable

################################

# Entry removed Wed Aug 19 07:02:15 2026
# Track:  https://youtube.com/watch?v=Sx3Tv0ESXOM
# Reason: Error in yt-dlp while downloading media data: ERROR: [youtube] Sx3Tv0ESXOM: Video unavailable

################################

# Entry removed Wed Aug 19 07:02:15 2026
# Track:  https://youtube.com/watch?v=tDuEWw648jo
# Reason: Error in yt-dlp while downloading media data: ERROR: [youtube] tDuEWw648jo: Video unavailable. It was removed following a copyright removal request by Materia Music Inc. o/b/o Royal Sciences LLC

################################

# Entry removed Wed Aug 19 07:02:18 2026
# Track:  https://youtube.com/watch?v=fvgf0yPAqGI
# Reason: Error in yt-dlp while downloading media data: ERROR: unable to download video data: HTTP Error 403: Forbidden

################################

# Entry removed Wed Aug 19 07:02:18 2026
# Track:  https://youtube.com/watch?v=rt_H9qkzeMQ
# Reason: Error in yt-dlp while downloading media data: ERROR: [youtube] rt_H9qkzeMQ: Video unavailable

################################

# Entry removed Wed Aug 19 07:02:20 2026
# Track:  https://youtube.com/watch?v=yhviMWU_AxM
# Reason: Error in yt-dlp while downloading media data: ERROR: unable to download video data: HTTP Error 403: Forbidden

################################

# Entry removed Wed Aug 19 07:02:22 2026
# Track:  https://youtube.com/watch?v=ThwSWIXhiRw
# Reason: Error in yt-dlp while downloading media data: ERROR: unable to download video data: HTTP Error 403: Forbidden

################################

# Entry removed Wed Aug 19 07:02:24 2026
# Track:  https://youtube.com/watch?v=Xq-knHXSKYY
# Reason: Error in yt-dlp while downloading media data: ERROR: unable to download video data: HTTP Error 403: Forbidden

################################

# Entry removed Wed Aug 19 07:02:24 2026
# Track:  https://youtube.com/watch?v=IkDj2D3KiPc
# Reason: Error in yt-dlp while downloading media data: ERROR: [youtube] IkDj2D3KiPc: Private video. Sign in if you've been granted access to this video. Use --cookies-from-browser or --cookies for the authentication. See  https://github.com/yt-dlp/yt-dlp/wiki/FAQ#how-do-i-pass-cookies-to-yt-dlp  for how to manually pass cookies. Also see  https://github.com/yt-dlp/yt-dlp/wiki/Extractors#exporting-youtube-cookies  for tips on effectively exporting YouTube cookies

################################

# Entry removed Wed Aug 19 07:02:25 2026
# Track:  https://youtube.com/watch?v=Z5ou8N3U8yg
# Reason: Error in yt-dlp while downloading media data: ERROR: [youtube] Z5ou8N3U8yg: Video unavailable. This video is no longer available because the YouTube account associated with this video has been terminated.

################################

# Entry removed Wed Aug 19 07:02:27 2026
# Track:  https://youtube.com/watch?v=UXD6rTBj8ek
# Reason: Error in yt-dlp while downloading media data: ERROR: unable to download video data: HTTP Error 403: Forbidden

################################

# Entry removed Wed Aug 19 07:02:27 2026
# Track:  https://youtube.com/watch?v=YZ3XjVVNagU
# Reason: Error in yt-dlp while downloading media data: ERROR: [youtube] YZ3XjVVNagU: Video unavailable. It was removed following a copyright removal request by Materia Music Inc. o/b/o Royal Sciences LLC

################################

# Entry removed Wed Aug 19 07:02:29 2026
# Track:  https://youtube.com/watch?v=VNBWgtCTLfw
# Reason: Error in yt-dlp while downloading media data: ERROR: unable to download video data: HTTP Error 403: Forbidden

################################

# Entry removed Wed Aug 19 07:02:30 2026
# Track:  https://youtube.com/watch?v=YoDh_gHDvkk
# Reason: Error in yt-dlp while downloading media data: ERROR: [youtube] YoDh_gHDvkk: Video unavailable. This video is no longer available because the YouTube account associated with this video has been terminated.

################################

# Entry removed Wed Aug 19 07:02:30 2026
# Track:  https://youtube.com/watch?v=Ixb08g2ND5M
# Reason: Error in yt-dlp while downloading media data: ERROR: [youtube] Ixb08g2ND5M: Video unavailable

################################

# Entry removed Wed Aug 19 07:02:30 2026
# Track:  https://youtube.com/watch?v=55mbyhqIcNo
# Reason: Error in yt-dlp while downloading media data: ERROR: [youtube] 55mbyhqIcNo: Video unavailable

################################

# Entry removed Wed Aug 19 07:02:32 2026
# Track:  https://youtube.com/watch?v=Us0EU-yXAlg
# Reason: Error in yt-dlp while downloading media data: ERROR: unable to download video data: HTTP Error 403: Forbidden

################################

# Entry removed Wed Aug 19 07:02:35 2026
# Track:  https://youtube.com/watch?v=C9FNqHTq8aU
# Reason: Error in yt-dlp while downloading media data: ERROR: unable to download video data: HTTP Error 403: Forbidden

################################

# Entry removed Wed Aug 19 07:02:35 2026
# Track:  https://youtube.com/watch?v=fV80H9rScSQ
# Reason: Error in yt-dlp while downloading media data: ERROR: [youtube] fV80H9rScSQ: Video unavailable. This video is no longer available because the YouTube account associated with this video has been terminated.

################################

# Entry removed Wed Aug 19 07:02:37 2026
# Track:  https://youtube.com/watch?v=gEhNQGBlxBI
# Reason: Error in yt-dlp while downloading media data: ERROR: unable to download video data: HTTP Error 403: Forbidden

################################

# Entry removed Wed Aug 19 07:02:37 2026
# Track:  https://youtube.com/watch?v=2Dq-k_jzEtI
# Reason: Error in yt-dlp while downloading media data: ERROR: [youtube] 2Dq-k_jzEtI: Private video. Sign in if you've been granted access to this video. Use --cookies-from-browser or --cookies for the authentication. See  https://github.com/yt-dlp/yt-dlp/wiki/FAQ#how-do-i-pass-cookies-to-yt-dlp  for how to manually pass cookies. Also see  https://github.com/yt-dlp/yt-dlp/wiki/Extractors#exporting-youtube-cookies  for tips on effectively exporting YouTube cookies

################################

# Entry removed Wed Aug 19 07:02:40 2026
# Track:  https://youtube.com/watch?v=yeJx04_47Lc
# Reason: Error in yt-dlp while downloading media data: ERROR: unable to download video data: HTTP Error 403: Forbidden

################################

# Entry removed Wed Aug 19 07:02:40 2026
# Track:  https://youtube.com/watch?v=czBPOwSZVys
# Reason: Error in yt-dlp while downloading media data: ERROR: [youtube] czBPOwSZVys: Private video. Sign in if you've been granted access to this video. Use --cookies-from-browser or --cookies for the authentication. See  https://github.com/yt-dlp/yt-dlp/wiki/FAQ#how-do-i-pass-cookies-to-yt-dlp  for how to manually pass cookies. Also see  https://github.com/yt-dlp/yt-dlp/wiki/Extractors#exporting-youtube-cookies  for tips on effectively exporting YouTube cookies

################################

# Entry removed Wed Aug 19 07:02:42 2026
# Track:  https://youtube.com/watch?v=7wRHBLwpASw
# Reason: Error in yt-dlp while downloading media data: ERROR: unable to download video data: HTTP Error 403: Forbidden

################################

# Entry removed Wed Aug 19 07:02:45 2026
# Track:  https://youtube.com/watch?v=b8PPap4dJog
# Reason: Error in yt-dlp while downloading media data: ERROR: unable to download video data: HTTP Error 403: Forbidden

################################

# Entry removed Wed Aug 19 07:02:47 2026
# Track:  https://youtube.com/watch?v=ddaKazRHyzU
# Reason: Error in yt-dlp while downloading media data: ERROR: unable to download video data: HTTP Error 403: Forbidden

################################

# Entry removed Wed Aug 19 07:02:49 2026
# Track:  https://youtube.com/watch?v=YthChN1Wq8M
# Reason: Error in yt-dlp while downloading media data: ERROR: unable to download video data: HTTP Error 403: Forbidden

################################

# Entry removed Wed Aug 19 07:02:51 2026
# Track:  https://youtube.com/watch?v=ixA3SzX6uUc
# Reason: Error in yt-dlp while downloading media data: ERROR: unable to download video data: HTTP Error 403: Forbidden

################################

# Entry removed Wed Aug 19 07:02:53 2026
# Track:  https://youtube.com/watch?v=a_2P4gxO7yo
# Reason: Error in yt-dlp while downloading media data: ERROR: unable to download video data: HTTP Error 403: Forbidden

################################

# Entry removed Wed Aug 19 07:02:55 2026
# Track:  https://youtube.com/watch?v=LQrJHsWN7hc
# Reason: Error in yt-dlp while downloading media data: ERROR: unable to download video data: HTTP Error 403: Forbidden

################################

# Entry removed Wed Aug 19 07:02:57 2026
# Track:  https://youtube.com/watch?v=bFGbVCs9Awo
# Reason: Error in yt-dlp while downloading media data: ERROR: unable to download video data: HTTP Error 403: Forbidden

################################

# Entry removed Wed Aug 19 07:02:57 2026
# Track:  https://youtube.com/watch?v=kDssUvBiHFk
# Reason: Error in yt-dlp while downloading media data: ERROR: [youtube] kDssUvBiHFk: Video unavailable. This video is no longer available because the YouTube account associated with this video has been terminated.

################################

# Entry removed Wed Aug 19 07:02:59 2026
# Track:  https://youtube.com/watch?v=3ealNayCkaU
# Reason: Error in yt-dlp while downloading media data: ERROR: unable to download video data: HTTP Error 403: Forbidden

################################

# Entry removed Wed Aug 19 07:03:02 2026
# Track:  https://youtube.com/watch?v=NPX5H8N1a94
# Reason: Error in yt-dlp while downloading media data: ERROR: unable to download video data: HTTP Error 403: Forbidden

################################

# Entry removed Wed Aug 19 07:03:04 2026
# Track:  https://youtube.com/watch?v=5RoUHTB8Ivc
# Reason: Error in yt-dlp while downloading media data: ERROR: unable to download video data: HTTP Error 403: Forbidden

################################

# Entry removed Wed Aug 19 07:03:06 2026
# Track:  https://youtube.com/watch?v=lABPt0CRO_U
# Reason: Error in yt-dlp while downloading media data: ERROR: unable to download video data: HTTP Error 403: Forbidden

################################

# Entry removed Wed Aug 19 07:03:06 2026
# Track:  https://youtube.com/watch?v=IJ5jIOl957M
# Reason: Error in yt-dlp while downloading media data: ERROR: [youtube] IJ5jIOl957M: Video unavailable

################################

# Entry removed Wed Aug 19 07:03:07 2026
# Track:  https://youtube.com/watch?v=W6CjO0H2j0s
# Reason: Error in yt-dlp while downloading media data: ERROR: [youtube] W6CjO0H2j0s: Video unavailable. This video is no longer available because the YouTube account associated with this video has been terminated.

################################

# Entry removed Wed Aug 19 07:03:09 2026
# Track:  https://youtube.com/watch?v=9OquWmdUYXw
# Reason: Error in yt-dlp while downloading media data: ERROR: unable to download video data: HTTP Error 403: Forbidden

################################

# Entry removed Wed Aug 19 07:03:11 2026
# Track:  https://youtube.com/watch?v=rKWjsa3fwpE
# Reason: Error in yt-dlp while downloading media data: ERROR: unable to download video data: HTTP Error 403: Forbidden

################################

# Entry removed Wed Aug 19 07:03:13 2026
# Track:  https://youtube.com/watch?v=JsntlJZ9h1U
# Reason: Error in yt-dlp while downloading media data: ERROR: unable to download video data: HTTP Error 403: Forbidden

################################

# Entry removed Wed Aug 19 07:03:15 2026
# Track:  https://youtube.com/watch?v=Em_B1AcfJL0
# Reason: Error in yt-dlp while downloading media data: ERROR: unable to download video data: HTTP Error 403: Forbidden

################################

# Entry removed Wed Aug 19 07:03:15 2026
# Track:  https://youtube.com/watch?v=du9LCbYq9Wo
# Reason: Error in yt-dlp while downloading media data: ERROR: [youtube] du9LCbYq9Wo: Video unavailable

################################

# Entry removed Wed Aug 19 07:03:17 2026
# Track:  https://youtube.com/watch?v=KFFtzy1G27c
# Reason: Error in yt-dlp while downloading media data: ERROR: unable to download video data: HTTP Error 403: Forbidden

################################

# Entry removed Wed Aug 19 07:03:19 2026
# Track:  https://youtube.com/watch?v=Erj8GpZFQnM
# Reason: Error in yt-dlp while downloading media data: ERROR: unable to download video data: HTTP Error 403: Forbidden

################################

# Entry removed Wed Aug 19 07:03:21 2026
# Track:  https://youtube.com/watch?v=Z5-rdr0qhWk
# Reason: Error in yt-dlp while downloading media data: ERROR: unable to download video data: HTTP Error 403: Forbidden

################################

# Entry removed Wed Aug 19 07:03:23 2026
# Track:  https://youtube.com/watch?v=65lEbMkxO1I
# Reason: Error in yt-dlp while downloading media data: ERROR: unable to download video data: HTTP Error 403: Forbidden

################################

# Entry removed Wed Aug 19 07:03:25 2026
# Track:  https://youtube.com/watch?v=8CoGDjtBtVE
# Reason: Error in yt-dlp while downloading media data: ERROR: unable to download video data: HTTP Error 403: Forbidden

################################

# Entry removed Wed Aug 19 07:03:28 2026
# Track:  https://youtube.com/watch?v=KsAf0ra6Vd4
# Reason: Error in yt-dlp while downloading media data: ERROR: unable to download video data: HTTP Error 403: Forbidden

################################

# Entry removed Wed Aug 19 07:03:30 2026
# Track:  https://youtube.com/watch?v=4rJFgTNiRuQ
# Reason: Error in yt-dlp while downloading media data: ERROR: unable to download video data: HTTP Error 403: Forbidden

################################

# Entry removed Wed Aug 19 07:03:30 2026
# Track:  https://youtube.com/watch?v=3gxNW2Ulpwk
# Reason: Error in yt-dlp while downloading media data: ERROR: [youtube] 3gxNW2Ulpwk: Video unavailable

################################

# Entry removed Wed Aug 19 07:03:30 2026
# Track:  https://youtube.com/watch?v=Z51lfE2k7jU
# Reason: Error in yt-dlp while downloading media data: ERROR: [youtube] Z51lfE2k7jU: Video unavailable. It was removed following a copyright removal request by Materia Music Inc. o/b/o Royal Sciences LLC

################################

# Entry removed Wed Aug 19 07:03:30 2026
# Track:  https://youtube.com/watch?v=Y_XxFAJanhE
# Reason: Error in yt-dlp while downloading media data: ERROR: [youtube] Y_XxFAJanhE: Video unavailable

################################

# Entry removed Wed Aug 19 07:03:31 2026
# Track:  https://youtube.com/watch?v=UyNllqk-4iM
# Reason: Error in yt-dlp while downloading media data: ERROR: [youtube] UyNllqk-4iM: Video unavailable

################################

# Entry removed Wed Aug 19 07:03:31 2026
# Track:  https://youtube.com/watch?v=8Zf7lgMpTXA
# Reason: Error in yt-dlp while downloading media data: ERROR: [youtube] 8Zf7lgMpTXA: Video unavailable

################################

# Entry removed Wed Aug 19 07:03:31 2026
# Track:  https://youtube.com/watch?v=oiWzM3zUvF8
# Reason: Error in yt-dlp while downloading media data: ERROR: [youtube] oiWzM3zUvF8: Video unavailable

################################

# Entry removed Wed Aug 19 07:03:34 2026
# Track:  https://youtube.com/watch?v=zr-j001aHE0
# Reason: Error in yt-dlp while downloading media data: ERROR: unable to download video data: HTTP Error 403: Forbidden

################################

# Entry removed Wed Aug 19 07:03:34 2026
# Track:  https://youtube.com/watch?v=buadfz2qcbY
# Reason: Error in yt-dlp while downloading media data: ERROR: [youtube] buadfz2qcbY: Video unavailable. This video is no longer available because the YouTube account associated with this video has been terminated.

################################

# Entry removed Wed Aug 19 07:03:36 2026
# Track:  https://youtube.com/watch?v=ls3jLz5GK-k
# Reason: Error in yt-dlp while downloading media data: ERROR: unable to download video data: HTTP Error 403: Forbidden

################################

# Entry removed Wed Aug 19 07:03:39 2026
# Track:  https://youtube.com/watch?v=jxcZAHTyVCI
# Reason: Error in yt-dlp while downloading media data: ERROR: unable to download video data: HTTP Error 403: Forbidden

################################

# Entry removed Wed Aug 19 07:03:41 2026
# Track:  https://youtube.com/watch?v=ZqJiXLJs_Pg
# Reason: Error in yt-dlp while downloading media data: ERROR: unable to download video data: HTTP Error 403: Forbidden

################################

# Entry removed Wed Aug 19 07:03:42 2026
# Track:  https://youtube.com/watch?v=FhZ-yTIXXYI
# Reason: Error in yt-dlp while downloading media data: ERROR: [youtube] FhZ-yTIXXYI: Video unavailable. It was blocked due to the claimed content by SME.

################################

# Entry removed Wed Aug 19 07:03:44 2026
# Track:  https://youtube.com/watch?v=B66l1S0E70I
# Reason: Error in yt-dlp while downloading media data: ERROR: unable to download video data: HTTP Error 403: Forbidden

################################

# Entry removed Wed Aug 19 07:03:46 2026
# Track:  https://youtube.com/watch?v=S4mRaEzwTYo
# Reason: Error in yt-dlp while downloading media data: ERROR: unable to download video data: HTTP Error 403: Forbidden

################################

# Entry removed Wed Aug 19 07:03:46 2026
# Track:  https://youtube.com/watch?v=svpPe1tlKlY
# Reason: Error in yt-dlp while downloading media data: ERROR: [youtube] svpPe1tlKlY: Video unavailable

################################

# Entry removed Wed Aug 19 07:03:49 2026
# Track:  https://youtube.com/watch?v=G_Alt8lzKcU
# Reason: Error in yt-dlp while downloading media data: ERROR: unable to download video data: HTTP Error 403: Forbidden

################################

# Entry removed Wed Aug 19 07:03:51 2026
# Track:  https://youtube.com/watch?v=xO0scDfrcR0
# Reason: Error in yt-dlp while downloading media data: ERROR: unable to download video data: HTTP Error 403: Forbidden

################################

# Entry removed Wed Aug 19 07:03:53 2026
# Track:  https://youtube.com/watch?v=c8qrwON1-zE
# Reason: Error in yt-dlp while downloading media data: ERROR: unable to download video data: HTTP Error 403: Forbidden

################################

# Entry removed Wed Aug 19 07:03:55 2026
# Track:  https://youtube.com/watch?v=DECp8LKurKs
# Reason: Error in yt-dlp while downloading media data: ERROR: unable to download video data: HTTP Error 403: Forbidden

################################

# Entry removed Wed Aug 19 07:03:55 2026
# Track:  https://youtube.com/watch?v=xafJW_VtA8w
# Reason: Error in yt-dlp while downloading media data: ERROR: [youtube] xafJW_VtA8w: Private video. Sign in if you've been granted access to this video. Use --cookies-from-browser or --cookies for the authentication. See  https://github.com/yt-dlp/yt-dlp/wiki/FAQ#how-do-i-pass-cookies-to-yt-dlp  for how to manually pass cookies. Also see  https://github.com/yt-dlp/yt-dlp/wiki/Extractors#exporting-youtube-cookies  for tips on effectively exporting YouTube cookies

################################

# Entry removed Wed Aug 19 07:03:57 2026
# Track:  https://youtube.com/watch?v=VM83BpH2_3U
# Reason: Error in yt-dlp while downloading media data: ERROR: unable to download video data: HTTP Error 403: Forbidden

################################

# Entry removed Wed Aug 19 07:03:59 2026
# Track:  https://youtube.com/watch?v=o1ZNxTyD93Q
# Reason: Error in yt-dlp while downloading media data: ERROR: unable to download video data: HTTP Error 403: Forbidden

################################

# Entry removed Wed Aug 19 07:03:59 2026
# Track:  https://youtube.com/watch?v=ij1AJRymxvA
# Reason: Error in yt-dlp while downloading media data: ERROR: [youtube] ij1AJRymxvA: Video unavailable

################################

# Entry removed Wed Aug 19 07:04:00 2026
# Track:  https://youtube.com/watch?v=y2oKRKZnEoA
# Reason: Error in yt-dlp while downloading media data: ERROR: [youtube] y2oKRKZnEoA: Video unavailable. It was blocked due to the claimed content by UMG.

################################

# Entry removed Wed Aug 19 07:04:03 2026
# Track:  https://youtube.com/watch?v=ztsrgkKUctk
# Reason: Error in yt-dlp while downloading media data: ERROR: unable to download video data: HTTP Error 403: Forbidden

################################

# Entry removed Wed Aug 19 07:04:05 2026
# Track:  https://youtube.com/watch?v=h848dMB0LgU
# Reason: Error in yt-dlp while downloading media data: ERROR: unable to download video data: HTTP Error 403: Forbidden

################################

# Entry removed Wed Aug 19 07:04:06 2026
# Track:  https://youtube.com/watch?v=9WjNGF9_go0
# Reason: Error in yt-dlp while downloading media data: ERROR: [youtube] 9WjNGF9_go0: Video unavailable. The uploader has not made this video available.

################################

# Entry removed Wed Aug 19 07:04:08 2026
# Track:  https://youtube.com/watch?v=eQcLWjHnBp0
# Reason: Error in yt-dlp while downloading media data: ERROR: unable to download video data: HTTP Error 403: Forbidden

################################

# Entry removed Wed Aug 19 07:04:10 2026
# Track:  https://youtube.com/watch?v=B7xai5u_tnk
# Reason: Error in yt-dlp while downloading media data: ERROR: unable to download video data: HTTP Error 403: Forbidden

################################

# Entry removed Wed Aug 19 07:04:12 2026
# Track:  https://youtube.com/watch?v=VGh5DV0D3wk
# Reason: Error in yt-dlp while downloading media data: ERROR: unable to download video data: HTTP Error 403: Forbidden

################################

# Entry removed Wed Aug 19 07:04:14 2026
# Track:  https://youtube.com/watch?v=-m91DYI0--I
# Reason: Error in yt-dlp while downloading media data: ERROR: unable to download video data: HTTP Error 403: Forbidden

################################

# Entry removed Wed Aug 19 07:04:16 2026
# Track:  https://youtube.com/watch?v=l2gGXlW6wSY
# Reason: Error in yt-dlp while downloading media data: ERROR: unable to download video data: HTTP Error 403: Forbidden

################################

# Entry removed Wed Aug 19 07:04:19 2026
# Track:  https://youtube.com/watch?v=h9_31bUYHvA
# Reason: Error in yt-dlp while downloading media data: ERROR: unable to download video data: HTTP Error 403: Forbidden

################################

# Entry removed Wed Aug 19 07:04:20 2026
# Track:  https://youtube.com/watch?v=YI5fU6ZbyaA
# Reason: Error in yt-dlp while downloading media data: ERROR: unable to download video data: HTTP Error 403: Forbidden

################################

# Entry removed Wed Aug 19 07:04:23 2026
# Track:  https://youtube.com/watch?v=Jv5j_Lx2R4g
# Reason: Error in yt-dlp while downloading media data: ERROR: unable to download video data: HTTP Error 403: Forbidden

################################

# Entry removed Wed Aug 19 07:04:25 2026
# Track:  https://youtube.com/watch?v=WBIsw5rtWjk
# Reason: Error in yt-dlp while downloading media data: ERROR: unable to download video data: HTTP Error 403: Forbidden

################################

# Entry removed Wed Aug 19 07:04:27 2026
# Track:  https://youtube.com/watch?v=7PClJma9Q8U
# Reason: Error in yt-dlp while downloading media data: ERROR: unable to download video data: HTTP Error 403: Forbidden

################################

# Entry removed Wed Aug 19 07:04:27 2026
# Track:  https://youtube.com/watch?v=cqkzoskWfww
# Reason: Error in yt-dlp while downloading media data: ERROR: [youtube] cqkzoskWfww: Video unavailable

################################

# Entry removed Wed Aug 19 07:04:28 2026
# Track:  https://youtube.com/watch?v=Fy15IulKtjw
# Reason: Error in yt-dlp while downloading media data: ERROR: [youtube] Fy15IulKtjw: Video unavailable

################################

# Entry removed Wed Aug 19 07:04:30 2026
# Track:  https://youtube.com/watch?v=x_OwcYTNbHs
# Reason: Error in yt-dlp while downloading media data: ERROR: unable to download video data: HTTP Error 403: Forbidden

################################

# Entry removed Wed Aug 19 07:04:32 2026
# Track:  https://youtube.com/watch?v=aRh-vBOS-dU
# Reason: Error in yt-dlp while downloading media data: ERROR: unable to download video data: HTTP Error 403: Forbidden

################################

# Entry removed Wed Aug 19 07:04:34 2026
# Track:  https://youtube.com/watch?v=sH0BPn2jkP4
# Reason: Error in yt-dlp while downloading media data: ERROR: unable to download video data: HTTP Error 403: Forbidden

################################

# Entry removed Wed Aug 19 07:04:36 2026
# Track:  https://youtube.com/watch?v=F4DSyzonCZc
# Reason: Error in yt-dlp while downloading media data: ERROR: unable to download video data: HTTP Error 403: Forbidden

################################

# Entry removed Wed Aug 19 07:04:39 2026
# Track:  https://youtube.com/watch?v=ZueOBSGhCEw
# Reason: Error in yt-dlp while downloading media data: ERROR: unable to download video data: HTTP Error 403: Forbidden

################################

# Entry removed Wed Aug 19 07:04:41 2026
# Track:  https://youtube.com/watch?v=3ZyHNyVgaqA
# Reason: Error in yt-dlp while downloading media data: ERROR: unable to download video data: HTTP Error 403: Forbidden

################################

# Entry removed Wed Aug 19 07:04:43 2026
# Track:  https://youtube.com/watch?v=E2JQxgffxKg
# Reason: Error in yt-dlp while downloading media data: ERROR: unable to download video data: HTTP Error 403: Forbidden

################################

# Entry removed Wed Aug 19 07:04:45 2026
# Track:  https://youtube.com/watch?v=C4RkHNgUcxM
# Reason: Error in yt-dlp while downloading media data: ERROR: unable to download video data: HTTP Error 403: Forbidden

################################

# Entry removed Wed Aug 19 07:04:47 2026
# Track:  https://youtube.com/watch?v=94GmmzhZsko
# Reason: Error in yt-dlp while downloading media data: ERROR: unable to download video data: HTTP Error 403: Forbidden

################################

# Entry removed Wed Aug 19 07:04:50 2026
# Track:  https://youtube.com/watch?v=phXRX1p8woY
# Reason: Error in yt-dlp while downloading media data: ERROR: unable to download video data: HTTP Error 403: Forbidden

################################

# Entry removed Wed Aug 19 07:04:50 2026
# Track:  https://youtube.com/watch?v=LvcRvOp4Y8g
# Reason: Error in yt-dlp while downloading media data: ERROR: [youtube] LvcRvOp4Y8g: Private video. Sign in if you've been granted access to this video. Use --cookies-from-browser or --cookies for the authentication. See  https://github.com/yt-dlp/yt-dlp/wiki/FAQ#how-do-i-pass-cookies-to-yt-dlp  for how to manually pass cookies. Also see  https://github.com/yt-dlp/yt-dlp/wiki/Extractors#exporting-youtube-cookies  for tips on effectively exporting YouTube cookies

################################

# Entry removed Wed Aug 19 07:04:50 2026
# Track:  https://youtube.com/watch?v=SWMG9xA2OJQ
# Reason: Error in yt-dlp while downloading media data: ERROR: [youtube] SWMG9xA2OJQ: Private video. Sign in if you've been granted access to this video. Use --cookies-from-browser or --cookies for the authentication. See  https://github.com/yt-dlp/yt-dlp/wiki/FAQ#how-do-i-pass-cookies-to-yt-dlp  for how to manually pass cookies. Also see  https://github.com/yt-dlp/yt-dlp/wiki/Extractors#exporting-youtube-cookies  for tips on effectively exporting YouTube cookies

################################

# Entry removed Wed Aug 19 07:04:51 2026
# Track:  https://youtube.com/watch?v=EfR2OXNECWo
# Reason: Error in yt-dlp while downloading media data: ERROR: [youtube] EfR2OXNECWo: This video has been removed for violating YouTube's Terms of Service

################################

# Entry removed Wed Aug 19 07:04:53 2026
# Track:  https://youtube.com/watch?v=7TsLBmXNKeo
# Reason: Error in yt-dlp while downloading media data: ERROR: unable to download video data: HTTP Error 403: Forbidden

################################

# Entry removed Wed Aug 19 07:04:55 2026
# Track:  https://youtube.com/watch?v=qYkbTyHXwbs
# Reason: Error in yt-dlp while downloading media data: ERROR: unable to download video data: HTTP Error 403: Forbidden

################################

# Entry removed Wed Aug 19 07:04:57 2026
# Track:  https://youtube.com/watch?v=fyRwfUw7ayg
# Reason: Error in yt-dlp while downloading media data: ERROR: unable to download video data: HTTP Error 403: Forbidden

################################

# Entry removed Wed Aug 19 07:04:59 2026
# Track:  https://youtube.com/watch?v=WZdH6rvhKd8
# Reason: Error in yt-dlp while downloading media data: ERROR: unable to download video data: HTTP Error 403: Forbidden

################################

# Entry removed Wed Aug 19 07:05:01 2026
# Track:  https://youtube.com/watch?v=ioMq8f_UUX4
# Reason: Error in yt-dlp while downloading media data: ERROR: unable to download video data: HTTP Error 403: Forbidden

################################

# Entry removed Wed Aug 19 07:05:03 2026
# Track:  https://youtube.com/watch?v=kyFD-YevcEM
# Reason: Error in yt-dlp while downloading media data: ERROR: unable to download video data: HTTP Error 403: Forbidden

################################

# Entry removed Wed Aug 19 07:05:05 2026
# Track:  https://youtube.com/watch?v=1EjBJvYIj5Q
# Reason: Error in yt-dlp while downloading media data: ERROR: unable to download video data: HTTP Error 403: Forbidden

################################

# Entry removed Wed Aug 19 07:05:08 2026
# Track:  https://youtube.com/watch?v=VOL0-EE3ieY
# Reason: Error in yt-dlp while downloading media data: ERROR: unable to download video data: HTTP Error 403: Forbidden

################################

# Entry removed Wed Aug 19 07:05:08 2026
# Track:  https://youtube.com/watch?v=deB_u-to-IE
# Reason: Error in yt-dlp while downloading media data: ERROR: [youtube] deB_u-to-IE: Video unavailable. This video is no longer available because the YouTube account associated with this video has been terminated.

################################

# Entry removed Wed Aug 19 07:05:09 2026
# Track:  https://youtube.com/watch?v=-1H6usve0nY
# Reason: Error in yt-dlp while downloading media data: ERROR: [youtube] -1H6usve0nY: Video unavailable. This content isn't available, try again later. The current session has been rate-limited by YouTube for up to an hour. It is recommended to use `-t sleep` to add a delay between video requests to avoid exceeding the rate limit. For more information, refer to  https://github.com/yt-dlp/yt-dlp/wiki/Extractors#this-content-isnt-available-try-again-later

################################

# Entry removed Wed Aug 19 07:05:10 2026
# Track:  https://youtube.com/watch?v=1FhRhzAWzLA
# Reason: Error in yt-dlp while downloading media data: ERROR: [youtube] 1FhRhzAWzLA: Video unavailable. This content isn't available, try again later. The current session has been rate-limited by YouTube for up to an hour. It is recommended to use `-t sleep` to add a delay between video requests to avoid exceeding the rate limit. For more information, refer to  https://github.com/yt-dlp/yt-dlp/wiki/Extractors#this-content-isnt-available-try-again-later

################################

# Entry removed Wed Aug 19 07:05:11 2026
# Track:  https://youtube.com/watch?v=rgczlrYM4eI
# Reason: Error in yt-dlp while downloading media data: ERROR: [youtube] rgczlrYM4eI: This content isn't available, try again later. The current session has been rate-limited by YouTube for up to an hour. It is recommended to use `-t sleep` to add a delay between video requests to avoid exceeding the rate limit. For more information, refer to  https://github.com/yt-dlp/yt-dlp/wiki/Extractors#this-content-isnt-available-try-again-later

################################

# Entry removed Wed Aug 19 07:05:11 2026
# Track:  https://youtube.com/watch?v=_UZwzA9qr2I
# Reason: Error in yt-dlp while downloading media data: ERROR: [youtube] _UZwzA9qr2I: Video unavailable

################################

# Entry removed Wed Aug 19 07:05:12 2026
# Track:  https://youtube.com/watch?v=7q2bNqe0Xyk
# Reason: Error in yt-dlp while downloading media data: ERROR: [youtube] 7q2bNqe0Xyk: This content isn't available, try again later. The current session has been rate-limited by YouTube for up to an hour. It is recommended to use `-t sleep` to add a delay between video requests to avoid exceeding the rate limit. For more information, refer to  https://github.com/yt-dlp/yt-dlp/wiki/Extractors#this-content-isnt-available-try-again-later

################################

# Entry removed Wed Aug 19 07:05:12 2026
# Track:  https://youtube.com/watch?v=YlXRq9-0alw
# Reason: Error in yt-dlp while downloading media data: ERROR: [youtube] YlXRq9-0alw: Video unavailable. This video is no longer available because the YouTube account associated with this video has been terminated.

################################

# Entry removed Wed Aug 19 07:05:13 2026
# Track:  https://youtube.com/watch?v=rj__jhmPMgI
# Reason: Error in yt-dlp while downloading media data: ERROR: [youtube] rj__jhmPMgI: This content isn't available, try again later. The current session has been rate-limited by YouTube for up to an hour. It is recommended to use `-t sleep` to add a delay between video requests to avoid exceeding the rate limit. For more information, refer to  https://github.com/yt-dlp/yt-dlp/wiki/Extractors#this-content-isnt-available-try-again-later

################################

# Entry removed Wed Aug 19 07:05:14 2026
# Track:  https://youtube.com/watch?v=3LRmrpUV6iQ
# Reason: Error in yt-dlp while downloading media data: ERROR: [youtube] 3LRmrpUV6iQ: This content isn't available, try again later. The current session has been rate-limited by YouTube for up to an hour. It is recommended to use `-t sleep` to add a delay between video requests to avoid exceeding the rate limit. For more information, refer to  https://github.com/yt-dlp/yt-dlp/wiki/Extractors#this-content-isnt-available-try-again-later

################################

# Entry removed Wed Aug 19 07:05:15 2026
# Track:  https://youtube.com/watch?v=p_6In1gr36A
# Reason: Error in yt-dlp while downloading media data: ERROR: [youtube] p_6In1gr36A: Video unavailable. This content isn't available, try again later. The current session has been rate-limited by YouTube for up to an hour. It is recommended to use `-t sleep` to add a delay between video requests to avoid exceeding the rate limit. For more information, refer to  https://github.com/yt-dlp/yt-dlp/wiki/Extractors#this-content-isnt-available-try-again-later

################################

# Entry removed Wed Aug 19 07:05:16 2026
# Track:  https://youtube.com/watch?v=pR0VsbyZxWg
# Reason: Error in yt-dlp while downloading media data: ERROR: [youtube] pR0VsbyZxWg: This content isn't available, try again later. The current session has been rate-limited by YouTube for up to an hour. It is recommended to use `-t sleep` to add a delay between video requests to avoid exceeding the rate limit. For more information, refer to  https://github.com/yt-dlp/yt-dlp/wiki/Extractors#this-content-isnt-available-try-again-later

################################

# Entry removed Wed Aug 19 07:05:17 2026
# Track:  https://youtube.com/watch?v=X9FyQNx8oyU
# Reason: Error in yt-dlp while downloading media data: ERROR: [youtube] X9FyQNx8oyU: This content isn't available, try again later. The current session has been rate-limited by YouTube for up to an hour. It is recommended to use `-t sleep` to add a delay between video requests to avoid exceeding the rate limit. For more information, refer to  https://github.com/yt-dlp/yt-dlp/wiki/Extractors#this-content-isnt-available-try-again-later

################################

# Entry removed Wed Aug 19 07:05:17 2026
# Track:  https://youtube.com/watch?v=SdJBgidYc0k
# Reason: Error in yt-dlp while downloading media data: ERROR: [youtube] SdJBgidYc0k: Video unavailable

################################

# Entry removed Wed Aug 19 07:05:18 2026
# Track:  https://youtube.com/watch?v=9Zw2qMXqvxU
# Reason: Error in yt-dlp while downloading media data: ERROR: [youtube] 9Zw2qMXqvxU: This content isn't available, try again later. The current session has been rate-limited by YouTube for up to an hour. It is recommended to use `-t sleep` to add a delay between video requests to avoid exceeding the rate limit. For more information, refer to  https://github.com/yt-dlp/yt-dlp/wiki/Extractors#this-content-isnt-available-try-again-later

################################

# Entry removed Wed Aug 19 07:05:19 2026
# Track:  https://youtube.com/watch?v=nLZvnaP0h9g
# Reason: Error in yt-dlp while downloading media data: ERROR: [youtube] nLZvnaP0h9g: This content isn't available, try again later. The current session has been rate-limited by YouTube for up to an hour. It is recommended to use `-t sleep` to add a delay between video requests to avoid exceeding the rate limit. For more information, refer to  https://github.com/yt-dlp/yt-dlp/wiki/Extractors#this-content-isnt-available-try-again-later

################################

# Entry removed Wed Aug 19 07:05:20 2026
# Track:  https://youtube.com/watch?v=Oextk-If8HQ
# Reason: Error in yt-dlp while downloading media data: ERROR: [youtube] Oextk-If8HQ: Video unavailable. This content isn't available, try again later. The current session has been rate-limited by YouTube for up to an hour. It is recommended to use `-t sleep` to add a delay between video requests to avoid exceeding the rate limit. For more information, refer to  https://github.com/yt-dlp/yt-dlp/wiki/Extractors#this-content-isnt-available-try-again-later

################################

# Entry removed Wed Aug 19 07:05:21 2026
# Track:  https://youtube.com/watch?v=QSb46QzHlWg
# Reason: Error in yt-dlp while downloading media data: ERROR: [youtube] QSb46QzHlWg: This content isn't available, try again later. The current session has been rate-limited by YouTube for up to an hour. It is recommended to use `-t sleep` to add a delay between video requests to avoid exceeding the rate limit. For more information, refer to  https://github.com/yt-dlp/yt-dlp/wiki/Extractors#this-content-isnt-available-try-again-later

################################

# Entry removed Wed Aug 19 07:05:22 2026
# Track:  https://youtube.com/watch?v=EIwtr-VqwcM
# Reason: Error in yt-dlp while downloading media data: ERROR: [youtube] EIwtr-VqwcM: This content isn't available, try again later. The current session has been rate-limited by YouTube for up to an hour. It is recommended to use `-t sleep` to add a delay between video requests to avoid exceeding the rate limit. For more information, refer to  https://github.com/yt-dlp/yt-dlp/wiki/Extractors#this-content-isnt-available-try-again-later

################################

# Entry removed Wed Aug 19 07:05:23 2026
# Track:  https://youtube.com/watch?v=SIPGFhFPJhg
# Reason: Error in yt-dlp while downloading media data: ERROR: [youtube] SIPGFhFPJhg: Video unavailable. This content isn't available, try again later. The current session has been rate-limited by YouTube for up to an hour. It is recommended to use `-t sleep` to add a delay between video requests to avoid exceeding the rate limit. For more information, refer to  https://github.com/yt-dlp/yt-dlp/wiki/Extractors#this-content-isnt-available-try-again-later

################################

# Entry removed Wed Aug 19 07:05:24 2026
# Track:  https://youtube.com/watch?v=C-o8EeITzYM
# Reason: Error in yt-dlp while downloading media data: ERROR: [youtube] C-o8EeITzYM: This content isn't available, try again later. The current session has been rate-limited by YouTube for up to an hour. It is recommended to use `-t sleep` to add a delay between video requests to avoid exceeding the rate limit. For more information, refer to  https://github.com/yt-dlp/yt-dlp/wiki/Extractors#this-content-isnt-available-try-again-later

################################

# Entry removed Wed Aug 19 07:05:25 2026
# Track:  https://youtube.com/watch?v=7tnPkQufnZY
# Reason: Error in yt-dlp while downloading media data: ERROR: [youtube] 7tnPkQufnZY: This content isn't available, try again later. The current session has been rate-limited by YouTube for up to an hour. It is recommended to use `-t sleep` to add a delay between video requests to avoid exceeding the rate limit. For more information, refer to  https://github.com/yt-dlp/yt-dlp/wiki/Extractors#this-content-isnt-available-try-again-later

################################

# Entry removed Wed Aug 19 07:05:26 2026
# Track:  https://youtube.com/watch?v=jUN01HYwRX4
# Reason: Error in yt-dlp while downloading media data: ERROR: [youtube] jUN01HYwRX4: Video unavailable. This content isn't available, try again later. The current session has been rate-limited by YouTube for up to an hour. It is recommended to use `-t sleep` to add a delay between video requests to avoid exceeding the rate limit. For more information, refer to  https://github.com/yt-dlp/yt-dlp/wiki/Extractors#this-content-isnt-available-try-again-later

################################

# Entry removed Wed Aug 19 07:05:27 2026
# Track:  https://youtube.com/watch?v=DAsUNTHRjaM
# Reason: Error in yt-dlp while downloading media data: ERROR: [youtube] DAsUNTHRjaM: This content isn't available, try again later. The current session has been rate-limited by YouTube for up to an hour. It is recommended to use `-t sleep` to add a delay between video requests to avoid exceeding the rate limit. For more information, refer to  https://github.com/yt-dlp/yt-dlp/wiki/Extractors#this-content-isnt-available-try-again-later

################################

# Entry removed Wed Aug 19 07:05:27 2026
# Track:  https://youtube.com/watch?v=stGTBsIyYZQ
# Reason: Error in yt-dlp while downloading media data: ERROR: [youtube] stGTBsIyYZQ: This content isn't available, try again later. The current session has been rate-limited by YouTube for up to an hour. It is recommended to use `-t sleep` to add a delay between video requests to avoid exceeding the rate limit. For more information, refer to  https://github.com/yt-dlp/yt-dlp/wiki/Extractors#this-content-isnt-available-try-again-later

################################

# Entry removed Wed Aug 19 07:05:28 2026
# Track:  https://youtube.com/watch?v=zre0u5XyNfY
# Reason: Error in yt-dlp while downloading media data: ERROR: [youtube] zre0u5XyNfY: This content isn't available, try again later. The current session has been rate-limited by YouTube for up to an hour. It is recommended to use `-t sleep` to add a delay between video requests to avoid exceeding the rate limit. For more information, refer to  https://github.com/yt-dlp/yt-dlp/wiki/Extractors#this-content-isnt-available-try-again-later

################################

# Entry removed Wed Aug 19 07:05:29 2026
# Track:  https://youtube.com/watch?v=8p9jSRxguAA
# Reason: Error in yt-dlp while downloading media data: ERROR: [youtube] 8p9jSRxguAA: Video unavailable. This video is no longer available because the YouTube account associated with this video has been terminated.

################################

# Entry removed Wed Aug 19 07:05:30 2026
# Track:  https://youtube.com/watch?v=1jccsHMOdZo
# Reason: Error in yt-dlp while downloading media data: ERROR: [youtube] 1jccsHMOdZo: This content isn't available, try again later. The current session has been rate-limited by YouTube for up to an hour. It is recommended to use `-t sleep` to add a delay between video requests to avoid exceeding the rate limit. For more information, refer to  https://github.com/yt-dlp/yt-dlp/wiki/Extractors#this-content-isnt-available-try-again-later

################################

# Entry removed Wed Aug 19 07:05:30 2026
# Track:  https://youtube.com/watch?v=kyXz6eMCj2k
# Reason: Error in yt-dlp while downloading media data: ERROR: [youtube] kyXz6eMCj2k: Video unavailable. This video is no longer available because the YouTube account associated with this video has been terminated.

################################

# Entry removed Wed Aug 19 07:05:31 2026
# Track:  https://youtube.com/watch?v=BHRyMcH6WMM
# Reason: Error in yt-dlp while downloading media data: ERROR: [youtube] BHRyMcH6WMM: Video unavailable. This content isn't available, try again later. The current session has been rate-limited by YouTube for up to an hour. It is recommended to use `-t sleep` to add a delay between video requests to avoid exceeding the rate limit. For more information, refer to  https://github.com/yt-dlp/yt-dlp/wiki/Extractors#this-content-isnt-available-try-again-later

################################

# Entry removed Wed Aug 19 07:05:32 2026
# Track:  https://youtube.com/watch?v=Fptml7Dgp4E
# Reason: Error in yt-dlp while downloading media data: ERROR: [youtube] Fptml7Dgp4E: This content isn't available, try again later. The current session has been rate-limited by YouTube for up to an hour. It is recommended to use `-t sleep` to add a delay between video requests to avoid exceeding the rate limit. For more information, refer to  https://github.com/yt-dlp/yt-dlp/wiki/Extractors#this-content-isnt-available-try-again-later

################################

# Entry removed Wed Aug 19 07:05:33 2026
# Track:  https://youtube.com/watch?v=BxYzjjs6d1s
# Reason: Error in yt-dlp while downloading media data: ERROR: [youtube] BxYzjjs6d1s: Video unavailable. This content isn't available, try again later. The current session has been rate-limited by YouTube for up to an hour. It is recommended to use `-t sleep` to add a delay between video requests to avoid exceeding the rate limit. For more information, refer to  https://github.com/yt-dlp/yt-dlp/wiki/Extractors#this-content-isnt-available-try-again-later

################################

# Entry removed Wed Aug 19 07:05:34 2026
# Track:  https://youtube.com/watch?v=raNGeq3_DtM
# Reason: Error in yt-dlp while downloading media data: ERROR: [youtube] raNGeq3_DtM: This content isn't available, try again later. The current session has been rate-limited by YouTube for up to an hour. It is recommended to use `-t sleep` to add a delay between video requests to avoid exceeding the rate limit. For more information, refer to  https://github.com/yt-dlp/yt-dlp/wiki/Extractors#this-content-isnt-available-try-again-later

################################

# Entry removed Wed Aug 19 07:05:34 2026
# Track:  https://youtube.com/watch?v=CpaBpm3_R-8
# Reason: Error in yt-dlp while downloading media data: ERROR: [youtube] CpaBpm3_R-8: Private video. Sign in if you've been granted access to this video. Use --cookies-from-browser or --cookies for the authentication. See  https://github.com/yt-dlp/yt-dlp/wiki/FAQ#how-do-i-pass-cookies-to-yt-dlp  for how to manually pass cookies. Also see  https://github.com/yt-dlp/yt-dlp/wiki/Extractors#exporting-youtube-cookies  for tips on effectively exporting YouTube cookies

################################

# Entry removed Wed Aug 19 07:05:35 2026
# Track:  https://youtube.com/watch?v=f60JYoHdfVM
# Reason: Error in yt-dlp while downloading media data: ERROR: [youtube] f60JYoHdfVM: This content isn't available, try again later. The current session has been rate-limited by YouTube for up to an hour. It is recommended to use `-t sleep` to add a delay between video requests to avoid exceeding the rate limit. For more information, refer to  https://github.com/yt-dlp/yt-dlp/wiki/Extractors#this-content-isnt-available-try-again-later

################################

# Entry removed Wed Aug 19 07:05:36 2026
# Track:  https://youtube.com/watch?v=B0x1zzQBeX0
# Reason: Error in yt-dlp while downloading media data: ERROR: [youtube] B0x1zzQBeX0: Video unavailable. This content isn't available, try again later. The current session has been rate-limited by YouTube for up to an hour. It is recommended to use `-t sleep` to add a delay between video requests to avoid exceeding the rate limit. For more information, refer to  https://github.com/yt-dlp/yt-dlp/wiki/Extractors#this-content-isnt-available-try-again-later

################################

# Entry removed Wed Aug 19 07:05:37 2026
# Track:  https://youtube.com/watch?v=44PO8jPGvsE
# Reason: Error in yt-dlp while downloading media data: ERROR: [youtube] 44PO8jPGvsE: This content isn't available, try again later. The current session has been rate-limited by YouTube for up to an hour. It is recommended to use `-t sleep` to add a delay between video requests to avoid exceeding the rate limit. For more information, refer to  https://github.com/yt-dlp/yt-dlp/wiki/Extractors#this-content-isnt-available-try-again-later

################################

# Entry removed Wed Aug 19 07:05:38 2026
# Track:  https://youtube.com/watch?v=8sxAeb9BTKY
# Reason: Error in yt-dlp while downloading media data: ERROR: [youtube] 8sxAeb9BTKY: This content isn't available, try again later. The current session has been rate-limited by YouTube for up to an hour. It is recommended to use `-t sleep` to add a delay between video requests to avoid exceeding the rate limit. For more information, refer to  https://github.com/yt-dlp/yt-dlp/wiki/Extractors#this-content-isnt-available-try-again-later

################################

# Entry removed Wed Aug 19 07:05:39 2026
# Track:  https://youtube.com/watch?v=5m2HN2y0yV8
# Reason: Error in yt-dlp while downloading media data: ERROR: [youtube] 5m2HN2y0yV8: This content isn't available, try again later. The current session has been rate-limited by YouTube for up to an hour. It is recommended to use `-t sleep` to add a delay between video requests to avoid exceeding the rate limit. For more information, refer to  https://github.com/yt-dlp/yt-dlp/wiki/Extractors#this-content-isnt-available-try-again-later

################################

# Entry removed Wed Aug 19 07:05:40 2026
# Track:  https://youtube.com/watch?v=6tpGC4lgpMg
# Reason: Error in yt-dlp while downloading media data: ERROR: [youtube] 6tpGC4lgpMg: Video unavailable. This content isn't available, try again later. The current session has been rate-limited by YouTube for up to an hour. It is recommended to use `-t sleep` to add a delay between video requests to avoid exceeding the rate limit. For more information, refer to  https://github.com/yt-dlp/yt-dlp/wiki/Extractors#this-content-isnt-available-try-again-later

################################

# Entry removed Wed Aug 19 07:05:41 2026
# Track:  https://youtube.com/watch?v=F0uBAB0i1uY
# Reason: Error in yt-dlp while downloading media data: ERROR: [youtube] F0uBAB0i1uY: Video unavailable. This content isn't available, try again later. The current session has been rate-limited by YouTube for up to an hour. It is recommended to use `-t sleep` to add a delay between video requests to avoid exceeding the rate limit. For more information, refer to  https://github.com/yt-dlp/yt-dlp/wiki/Extractors#this-content-isnt-available-try-again-later

################################

# Entry removed Wed Aug 19 07:05:41 2026
# Track:  https://youtube.com/watch?v=-TTaay0Z7Lw
# Reason: Error in yt-dlp while downloading media data: ERROR: [youtube] -TTaay0Z7Lw: Video unavailable. This content isn't available, try again later. The current session has been rate-limited by YouTube for up to an hour. It is recommended to use `-t sleep` to add a delay between video requests to avoid exceeding the rate limit. For more information, refer to  https://github.com/yt-dlp/yt-dlp/wiki/Extractors#this-content-isnt-available-try-again-later

################################

# Entry removed Wed Aug 19 07:05:42 2026
# Track:  https://youtube.com/watch?v=As-uiQ7Tvoo
# Reason: Error in yt-dlp while downloading media data: ERROR: [youtube] As-uiQ7Tvoo: Video unavailable

################################

# Entry removed Wed Aug 19 07:05:43 2026
# Track:  https://youtube.com/watch?v=M47Bsg6Bt3M
# Reason: Error in yt-dlp while downloading media data: ERROR: [youtube] M47Bsg6Bt3M: This content isn't available, try again later. The current session has been rate-limited by YouTube for up to an hour. It is recommended to use `-t sleep` to add a delay between video requests to avoid exceeding the rate limit. For more information, refer to  https://github.com/yt-dlp/yt-dlp/wiki/Extractors#this-content-isnt-available-try-again-later

################################

# Entry removed Wed Aug 19 07:05:43 2026
# Track:  https://youtube.com/watch?v=8mtA9GvpzwU
# Reason: Error in yt-dlp while downloading media data: ERROR: [youtube] 8mtA9GvpzwU: This content isn't available, try again later. The current session has been rate-limited by YouTube for up to an hour. It is recommended to use `-t sleep` to add a delay between video requests to avoid exceeding the rate limit. For more information, refer to  https://github.com/yt-dlp/yt-dlp/wiki/Extractors#this-content-isnt-available-try-again-later

################################

# Entry removed Wed Aug 19 07:05:45 2026
# Track:  https://youtube.com/watch?v=-jB_QM73Slk
# Reason: Error in yt-dlp while downloading media data: ERROR: [youtube] -jB_QM73Slk: This content isn't available, try again later. The current session has been rate-limited by YouTube for up to an hour. It is recommended to use `-t sleep` to add a delay between video requests to avoid exceeding the rate limit. For more information, refer to  https://github.com/yt-dlp/yt-dlp/wiki/Extractors#this-content-isnt-available-try-again-later

################################

# Entry removed Wed Aug 19 07:05:45 2026
# Track:  https://youtube.com/watch?v=or5qBh8Xbpc
# Reason: Error in yt-dlp while downloading media data: ERROR: [youtube] or5qBh8Xbpc: This content isn't available, try again later. The current session has been rate-limited by YouTube for up to an hour. It is recommended to use `-t sleep` to add a delay between video requests to avoid exceeding the rate limit. For more information, refer to  https://github.com/yt-dlp/yt-dlp/wiki/Extractors#this-content-isnt-available-try-again-later

################################

# Entry removed Wed Aug 19 07:05:46 2026
# Track:  https://youtube.com/watch?v=c92bEgiFAF4
# Reason: Error in yt-dlp while downloading media data: ERROR: [youtube] c92bEgiFAF4: Video unavailable. This video is no longer available because the YouTube account associated with this video has been terminated.

################################

# Entry removed Wed Aug 19 07:06:33 2026
# Track:  https://youtube.com/watch?v=68SgSalvrVY
# Reason: Error in yt-dlp while downloading media data: ERROR: unable to download video data: HTTP Error 403: Forbidden

################################

# Entry removed Wed Aug 19 07:06:34 2026
# Track:  https://youtube.com/watch?v=fpDa0kaV6hQ
# Reason: Error in yt-dlp while downloading media data: ERROR: [youtube] fpDa0kaV6hQ: Private video. Sign in if you've been granted access to this video. Use --cookies-from-browser or --cookies for the authentication. See  https://github.com/yt-dlp/yt-dlp/wiki/FAQ#how-do-i-pass-cookies-to-yt-dlp  for how to manually pass cookies. Also see  https://github.com/yt-dlp/yt-dlp/wiki/Extractors#exporting-youtube-cookies  for tips on effectively exporting YouTube cookies

################################

# Entry removed Wed Aug 19 07:06:36 2026
# Track:  https://youtube.com/watch?v=Q_Qst39q6jw
# Reason: Error in yt-dlp while downloading media data: ERROR: unable to download video data: HTTP Error 403: Forbidden

################################

# Entry removed Wed Aug 19 07:06:38 2026
# Track:  https://youtube.com/watch?v=qYk7Ko9QY-E
# Reason: Error in yt-dlp while downloading media data: ERROR: unable to download video data: HTTP Error 403: Forbidden

################################

# Entry removed Wed Aug 19 07:06:40 2026
# Track:  https://youtube.com/watch?v=py_I6a9rUUI
# Reason: Error in yt-dlp while downloading media data: ERROR: unable to download video data: HTTP Error 403: Forbidden

################################

# Entry removed Wed Aug 19 07:06:42 2026
# Track:  https://youtube.com/watch?v=v7Srbp8WPMY
# Reason: Error in yt-dlp while downloading media data: ERROR: unable to download video data: HTTP Error 403: Forbidden

################################

# Entry removed Wed Aug 19 07:06:44 2026
# Track:  https://youtube.com/watch?v=BlOk5wV0DRo
# Reason: Error in yt-dlp while downloading media data: ERROR: unable to download video data: HTTP Error 403: Forbidden

################################

# Entry removed Wed Aug 19 07:06:46 2026
# Track:  https://youtube.com/watch?v=LR82f0GJgXg
# Reason: Error in yt-dlp while downloading media data: ERROR: unable to download video data: HTTP Error 403: Forbidden

################################

# Entry removed Wed Aug 19 07:06:49 2026
# Track:  https://youtube.com/watch?v=ow4i6I-OptM
# Reason: Error in yt-dlp while downloading media data: ERROR: unable to download video data: HTTP Error 403: Forbidden

################################

# Entry removed Wed Aug 19 07:06:51 2026
# Track:  https://youtube.com/watch?v=DytrHrwoG4k
# Reason: Error in yt-dlp while downloading media data: ERROR: unable to download video data: HTTP Error 403: Forbidden

################################

# Entry removed Wed Aug 19 07:06:53 2026
# Track:  https://youtube.com/watch?v=w3TMe98FJDw
# Reason: Error in yt-dlp while downloading media data: ERROR: unable to download video data: HTTP Error 403: Forbidden

################################

# Entry removed Wed Aug 19 07:06:55 2026
# Track:  https://youtube.com/watch?v=fDZIHq0D6vc
# Reason: Error in yt-dlp while downloading media data: ERROR: unable to download video data: HTTP Error 403: Forbidden

################################

# Entry removed Wed Aug 19 07:06:57 2026
# Track:  https://youtube.com/watch?v=wltiSg6O0PY
# Reason: Error in yt-dlp while downloading media data: ERROR: unable to download video data: HTTP Error 403: Forbidden

################################

# Entry removed Wed Aug 19 07:06:59 2026
# Track:  https://youtube.com/watch?v=8U2rKAnyyDE
# Reason: Error in yt-dlp while downloading media data: ERROR: unable to download video data: HTTP Error 403: Forbidden

################################

# Entry removed Wed Aug 19 07:07:01 2026
# Track:  https://youtube.com/watch?v=EkkpRE660Ls
# Reason: Error in yt-dlp while downloading media data: ERROR: unable to download video data: HTTP Error 403: Forbidden

################################

# Entry removed Wed Aug 19 07:07:02 2026
# Track:  https://youtube.com/watch?v=JSUIQgEVDM4
# Reason: Error in yt-dlp while downloading media data: ERROR: [youtube] JSUIQgEVDM4: Video unavailable

################################

# Entry removed Wed Aug 19 07:07:04 2026
# Track:  https://youtube.com/watch?v=ye-MwxuXfeo
# Reason: Error in yt-dlp while downloading media data: ERROR: unable to download video data: HTTP Error 403: Forbidden

################################

# Entry removed Wed Aug 19 07:07:06 2026
# Track:  https://youtube.com/watch?v=pZQI1jgOC_g
# Reason: Error in yt-dlp while downloading media data: ERROR: unable to download video data: HTTP Error 403: Forbidden

################################

# Entry removed Wed Aug 19 07:07:08 2026
# Track:  https://youtube.com/watch?v=vARpxoSM0kU
# Reason: Error in yt-dlp while downloading media data: ERROR: unable to download video data: HTTP Error 403: Forbidden

################################

# Entry removed Wed Aug 19 07:07:10 2026
# Track:  https://youtube.com/watch?v=OG6OWMsc4z0
# Reason: Error in yt-dlp while downloading media data: ERROR: unable to download video data: HTTP Error 403: Forbidden

################################

# Entry removed Wed Aug 19 07:07:10 2026
# Track:  https://youtube.com/watch?v=z26SXn-J9NY
# Reason: Error in yt-dlp while downloading media data: ERROR: [youtube] z26SXn-J9NY: Private video. Sign in if you've been granted access to this video. Use --cookies-from-browser or --cookies for the authentication. See  https://github.com/yt-dlp/yt-dlp/wiki/FAQ#how-do-i-pass-cookies-to-yt-dlp  for how to manually pass cookies. Also see  https://github.com/yt-dlp/yt-dlp/wiki/Extractors#exporting-youtube-cookies  for tips on effectively exporting YouTube cookies

################################

# Entry removed Wed Aug 19 07:07:11 2026
# Track:  https://youtube.com/watch?v=XX6TpqRmeJ0
# Reason: Error in yt-dlp while downloading media data: ERROR: [youtube] XX6TpqRmeJ0: Video unavailable

################################

# Entry removed Wed Aug 19 07:07:13 2026
# Track:  https://youtube.com/watch?v=_GdOhROdh9c
# Reason: Error in yt-dlp while downloading media data: ERROR: unable to download video data: HTTP Error 403: Forbidden

################################

# Entry removed Wed Aug 19 07:07:14 2026
# Track:  https://youtube.com/watch?v=s4rXEKtC8iY
# Reason: Error in yt-dlp while downloading media data: ERROR: unable to download video data: HTTP Error 403: Forbidden

################################

# Entry removed Wed Aug 19 07:07:17 2026
# Track:  https://youtube.com/watch?v=NUDls2PgDUY
# Reason: Error in yt-dlp while downloading media data: ERROR: unable to download video data: HTTP Error 403: Forbidden

################################

# Entry removed Wed Aug 19 07:07:17 2026
# Track:  https://youtube.com/watch?v=tNR7822K_40
# Reason: Error in yt-dlp while downloading media data: ERROR: [youtube] tNR7822K_40: Private video. Sign in if you've been granted access to this video. Use --cookies-from-browser or --cookies for the authentication. See  https://github.com/yt-dlp/yt-dlp/wiki/FAQ#how-do-i-pass-cookies-to-yt-dlp  for how to manually pass cookies. Also see  https://github.com/yt-dlp/yt-dlp/wiki/Extractors#exporting-youtube-cookies  for tips on effectively exporting YouTube cookies

################################

# Entry removed Wed Aug 19 07:07:19 2026
# Track:  https://youtube.com/watch?v=rrMueRMVsTM
# Reason: Error in yt-dlp while downloading media data: ERROR: unable to download video data: HTTP Error 403: Forbidden

################################

# Entry removed Wed Aug 19 07:07:20 2026
# Track:  https://youtube.com/watch?v=qFhM1XZsh6o
# Reason: Error in yt-dlp while downloading media data: ERROR: [youtube] qFhM1XZsh6o: Video unavailable. It was blocked due to the claimed content by SME.

################################

# Entry removed Wed Aug 19 07:07:22 2026
# Track:  https://youtube.com/watch?v=aFkcAH-m9W0
# Reason: Error in yt-dlp while downloading media data: ERROR: unable to download video data: HTTP Error 403: Forbidden

################################

# Entry removed Wed Aug 19 07:07:24 2026
# Track:  https://youtube.com/watch?v=bzrtS_IuNGw
# Reason: Error in yt-dlp while downloading media data: ERROR: unable to download video data: HTTP Error 403: Forbidden

################################

# Entry removed Wed Aug 19 07:07:27 2026
# Track:  https://youtube.com/watch?v=BQX9x6P5w7k
# Reason: Error in yt-dlp while downloading media data: ERROR: unable to download video data: HTTP Error 403: Forbidden

################################

# Entry removed Wed Aug 19 07:07:29 2026
# Track:  https://youtube.com/watch?v=gbw62iCsS34
# Reason: Error in yt-dlp while downloading media data: ERROR: unable to download video data: HTTP Error 403: Forbidden

################################

# Entry removed Wed Aug 19 07:07:31 2026
# Track:  https://youtube.com/watch?v=BWrtrK1Q2EQ
# Reason: Error in yt-dlp while downloading media data: ERROR: unable to download video data: HTTP Error 403: Forbidden

################################

# Entry removed Wed Aug 19 07:07:33 2026
# Track:  https://youtube.com/watch?v=01fttIlMgIg
# Reason: Error in yt-dlp while downloading media data: ERROR: unable to download video data: HTTP Error 403: Forbidden

################################

# Entry removed Wed Aug 19 07:07:35 2026
# Track:  https://youtube.com/watch?v=s8XIgR5OGJc
# Reason: Error in yt-dlp while downloading media data: ERROR: unable to download video data: HTTP Error 403: Forbidden

################################

# Entry removed Wed Aug 19 07:07:37 2026
# Track:  https://youtube.com/watch?v=YkADj0TPrJA
# Reason: Error in yt-dlp while downloading media data: ERROR: unable to download video data: HTTP Error 403: Forbidden

################################

# Entry removed Wed Aug 19 07:07:39 2026
# Track:  https://youtube.com/watch?v=4oQ7VTB5zqs
# Reason: Error in yt-dlp while downloading media data: ERROR: unable to download video data: HTTP Error 403: Forbidden

################################

# Entry removed Wed Aug 19 07:07:41 2026
# Track:  https://youtube.com/watch?v=R0P_f0gXXqs
# Reason: Error in yt-dlp while downloading media data: ERROR: unable to download video data: HTTP Error 403: Forbidden

################################

# Entry removed Wed Aug 19 07:07:42 2026
# Track:  https://youtube.com/watch?v=-CzBYn7iRSI
# Reason: Error in yt-dlp while downloading media data: ERROR: [youtube] -CzBYn7iRSI: Video unavailable

################################

# Entry removed Wed Aug 19 07:07:42 2026
# Track:  https://youtube.com/watch?v=D-CNZxoethA
# Reason: Error in yt-dlp while downloading media data: ERROR: [youtube] D-CNZxoethA: Video unavailable. This video is no longer available because the YouTube account associated with this video has been terminated.

################################

# Entry removed Wed Aug 19 07:07:44 2026
# Track:  https://youtube.com/watch?v=bJ9r8LMU9bQ
# Reason: Error in yt-dlp while downloading media data: ERROR: unable to download video data: HTTP Error 403: Forbidden

################################

# Entry removed Wed Aug 19 07:07:46 2026
# Track:  https://youtube.com/watch?v=bz_bUjPMAAM
# Reason: Error in yt-dlp while downloading media data: ERROR: unable to download video data: HTTP Error 403: Forbidden

################################

# Entry removed Wed Aug 19 07:07:46 2026
# Track:  https://youtube.com/watch?v=_sC6epraFkY
# Reason: Error in yt-dlp while downloading media data: ERROR: [youtube] _sC6epraFkY: Private video. Sign in if you've been granted access to this video. Use --cookies-from-browser or --cookies for the authentication. See  https://github.com/yt-dlp/yt-dlp/wiki/FAQ#how-do-i-pass-cookies-to-yt-dlp  for how to manually pass cookies. Also see  https://github.com/yt-dlp/yt-dlp/wiki/Extractors#exporting-youtube-cookies  for tips on effectively exporting YouTube cookies

################################

# Entry removed Wed Aug 19 07:07:47 2026
# Track:  https://youtube.com/watch?v=HDSksIctszk
# Reason: Error in yt-dlp while downloading media data: ERROR: [youtube] HDSksIctszk: Video unavailable. It was blocked due to the claimed content by Stem Distributions LLC..

################################

# Entry removed Wed Aug 19 07:07:47 2026
# Track:  https://youtube.com/watch?v=aUWCrCXiVpA
# Reason: Error in yt-dlp while downloading media data: ERROR: [youtube] aUWCrCXiVpA: Video unavailable. It was removed following a copyright removal request by Attack Force Music Limited

################################

# Entry removed Wed Aug 19 07:07:50 2026
# Track:  https://youtube.com/watch?v=kWBNRCZlEk0
# Reason: Error in yt-dlp while downloading media data: ERROR: unable to download video data: HTTP Error 403: Forbidden

################################

# Entry removed Wed Aug 19 07:07:52 2026
# Track:  https://youtube.com/watch?v=aUZ7T636aks
# Reason: Error in yt-dlp while downloading media data: ERROR: unable to download video data: HTTP Error 403: Forbidden

################################

# Entry removed Wed Aug 19 07:07:54 2026
# Track:  https://youtube.com/watch?v=2Q4KLb3CqOA
# Reason: Error in yt-dlp while downloading media data: ERROR: unable to download video data: HTTP Error 403: Forbidden

################################

# Entry removed Wed Aug 19 07:07:56 2026
# Track:  https://youtube.com/watch?v=FCbWLSZrZfw
# Reason: Error in yt-dlp while downloading media data: ERROR: unable to download video data: HTTP Error 403: Forbidden

################################

# Entry removed Wed Aug 19 07:07:56 2026
# Track:  https://youtube.com/watch?v=DldxgV41SYM
# Reason: Error in yt-dlp while downloading media data: ERROR: [youtube] DldxgV41SYM: Private video. Sign in if you've been granted access to this video. Use --cookies-from-browser or --cookies for the authentication. See  https://github.com/yt-dlp/yt-dlp/wiki/FAQ#how-do-i-pass-cookies-to-yt-dlp  for how to manually pass cookies. Also see  https://github.com/yt-dlp/yt-dlp/wiki/Extractors#exporting-youtube-cookies  for tips on effectively exporting YouTube cookies

################################

# Entry removed Wed Aug 19 07:07:58 2026
# Track:  https://youtube.com/watch?v=qagOblqhBhk
# Reason: Error in yt-dlp while downloading media data: ERROR: unable to download video data: HTTP Error 403: Forbidden

################################

# Entry removed Wed Aug 19 07:08:01 2026
# Track:  https://youtube.com/watch?v=YWBZM5mztE4
# Reason: Error in yt-dlp while downloading media data: ERROR: unable to download video data: HTTP Error 403: Forbidden

################################

# Entry removed Wed Aug 19 07:08:02 2026
# Track:  https://youtube.com/watch?v=NlpgFuhpgmk
# Reason: Error in yt-dlp while downloading media data: ERROR: unable to download video data: HTTP Error 403: Forbidden

################################

# Entry removed Wed Aug 19 07:08:04 2026
# Track:  https://youtube.com/watch?v=xISaCzXYYg8
# Reason: Error in yt-dlp while downloading media data: ERROR: unable to download video data: HTTP Error 403: Forbidden

################################

# Entry removed Wed Aug 19 07:08:06 2026
# Track:  https://youtube.com/watch?v=wJuEjAo4ues
# Reason: Error in yt-dlp while downloading media data: ERROR: unable to download video data: HTTP Error 403: Forbidden

################################

# Entry removed Wed Aug 19 07:08:09 2026
# Track:  https://youtube.com/watch?v=rWm41a4hyw8
# Reason: Error in yt-dlp while downloading media data: ERROR: unable to download video data: HTTP Error 403: Forbidden

################################

# Entry removed Wed Aug 19 07:08:11 2026
# Track:  https://youtube.com/watch?v=6y_NJg-xoeE
# Reason: Error in yt-dlp while downloading media data: ERROR: unable to download video data: HTTP Error 403: Forbidden

################################

# Entry removed Wed Aug 19 07:08:13 2026
# Track:  https://youtube.com/watch?v=dFEBpDW-K7E
# Reason: Error in yt-dlp while downloading media data: ERROR: unable to download video data: HTTP Error 403: Forbidden

################################

# Entry removed Wed Aug 19 07:08:15 2026
# Track:  https://youtube.com/watch?v=Fupfr_eVLPo
# Reason: Error in yt-dlp while downloading media data: ERROR: unable to download video data: HTTP Error 403: Forbidden

################################

# Entry removed Wed Aug 19 07:08:17 2026
# Track:  https://youtube.com/watch?v=c1f7eZ8cHpM
# Reason: Error in yt-dlp while downloading media data: ERROR: unable to download video data: HTTP Error 403: Forbidden

################################

# Entry removed Wed Aug 19 07:08:19 2026
# Track:  https://youtube.com/watch?v=rgc_lIMkRzc
# Reason: Error in yt-dlp while downloading media data: ERROR: unable to download video data: HTTP Error 403: Forbidden

################################

# Entry removed Wed Aug 19 07:08:20 2026
# Track:  https://youtube.com/watch?v=BLR_wRa0hXo
# Reason: Error in yt-dlp while downloading media data: ERROR: [youtube] BLR_wRa0hXo: Video unavailable. This video is not available

################################

# Entry removed Wed Aug 19 07:08:22 2026
# Track:  https://youtube.com/watch?v=5LM4zck0LJ0
# Reason: Error in yt-dlp while downloading media data: ERROR: unable to download video data: HTTP Error 403: Forbidden

################################

# Entry removed Wed Aug 19 07:08:23 2026
# Track:  https://youtube.com/watch?v=0g2fKSkaSx4
# Reason: Error in yt-dlp while downloading media data: ERROR: unable to download video data: HTTP Error 403: Forbidden

################################

# Entry removed Wed Aug 19 07:08:24 2026
# Track:  https://youtube.com/watch?v=hbreWwFKQNg
# Reason: Error in yt-dlp while downloading media data: ERROR: [youtube] hbreWwFKQNg: Video unavailable. This video is no longer available because the YouTube account associated with this video has been terminated.

################################

# Entry removed Wed Aug 19 07:08:24 2026
# Track:  https://youtube.com/watch?v=M8JUWVgIYgM
# Reason: Error in yt-dlp while downloading media data: ERROR: [youtube] M8JUWVgIYgM: Private video. Sign in if you've been granted access to this video. Use --cookies-from-browser or --cookies for the authentication. See  https://github.com/yt-dlp/yt-dlp/wiki/FAQ#how-do-i-pass-cookies-to-yt-dlp  for how to manually pass cookies. Also see  https://github.com/yt-dlp/yt-dlp/wiki/Extractors#exporting-youtube-cookies  for tips on effectively exporting YouTube cookies

################################

# Entry removed Wed Aug 19 07:08:26 2026
# Track:  https://youtube.com/watch?v=BA9BK71KoIc
# Reason: Error in yt-dlp while downloading media data: ERROR: unable to download video data: HTTP Error 403: Forbidden

################################

# Entry removed Wed Aug 19 07:08:29 2026
# Track:  https://youtube.com/watch?v=GOJk0HW_hJw
# Reason: Error in yt-dlp while downloading media data: ERROR: unable to download video data: HTTP Error 403: Forbidden

################################

# Entry removed Wed Aug 19 07:08:31 2026
# Track:  https://youtube.com/watch?v=Zv1QV6lrc_Y
# Reason: Error in yt-dlp while downloading media data: ERROR: unable to download video data: HTTP Error 403: Forbidden

################################

# Entry removed Wed Aug 19 07:08:33 2026
# Track:  https://youtube.com/watch?v=UkLp4S-x5b4
# Reason: Error in yt-dlp while downloading media data: ERROR: unable to download video data: HTTP Error 403: Forbidden

################################

# Entry removed Wed Aug 19 07:08:33 2026
# Track:  https://youtube.com/watch?v=vyGzPmgR1QY
# Reason: Error in yt-dlp while downloading media data: ERROR: [youtube] vyGzPmgR1QY: Video unavailable. This video is no longer available because the YouTube account associated with this video has been terminated.

################################

# Entry removed Wed Aug 19 07:08:35 2026
# Track:  https://youtube.com/watch?v=SXEo-Z6JFVU
# Reason: Error in yt-dlp while downloading media data: ERROR: unable to download video data: HTTP Error 403: Forbidden

################################

# Entry removed Wed Aug 19 07:08:37 2026
# Track:  https://youtube.com/watch?v=UaerdFeq32E
# Reason: Error in yt-dlp while downloading media data: ERROR: unable to download video data: HTTP Error 403: Forbidden

################################

# Entry removed Wed Aug 19 07:08:39 2026
# Track:  https://youtube.com/watch?v=jRGrNDV2mKc
# Reason: Error in yt-dlp while downloading media data: ERROR: unable to download video data: HTTP Error 403: Forbidden

################################

# Entry removed Wed Aug 19 07:08:41 2026
# Track:  https://youtube.com/watch?v=w2CELiObPeQ
# Reason: Error in yt-dlp while downloading media data: ERROR: unable to download video data: HTTP Error 403: Forbidden

################################

# Entry removed Wed Aug 19 07:08:43 2026
# Track:  https://youtube.com/watch?v=ttFyuRmFgZY
# Reason: Error in yt-dlp while downloading media data: ERROR: unable to download video data: HTTP Error 403: Forbidden

################################

# Entry removed Wed Aug 19 07:08:45 2026
# Track:  https://youtube.com/watch?v=qw5G6fF-wqQ
# Reason: Error in yt-dlp while downloading media data: ERROR: unable to download video data: HTTP Error 403: Forbidden

################################

# Entry removed Wed Aug 19 07:08:47 2026
# Track:  https://youtube.com/watch?v=Ea06lSzLvBo
# Reason: Error in yt-dlp while downloading media data: ERROR: unable to download video data: HTTP Error 403: Forbidden

################################

# Entry removed Wed Aug 19 07:08:49 2026
# Track:  https://youtube.com/watch?v=cIrE6sZduWo
# Reason: Error in yt-dlp while downloading media data: ERROR: unable to download video data: HTTP Error 403: Forbidden

################################

# Entry removed Wed Aug 19 07:08:51 2026
# Track:  https://youtube.com/watch?v=uLUbpz8AOoI
# Reason: Error in yt-dlp while downloading media data: ERROR: unable to download video data: HTTP Error 403: Forbidden

################################

# Entry removed Wed Aug 19 07:08:53 2026
# Track:  https://youtube.com/watch?v=_J0ZpJMQjDo
# Reason: Error in yt-dlp while downloading media data: ERROR: unable to download video data: HTTP Error 403: Forbidden

################################

# Entry removed Wed Aug 19 07:08:53 2026
# Track:  https://youtube.com/watch?v=ivY2Kfhw31Q
# Reason: Error in yt-dlp while downloading media data: ERROR: [youtube] ivY2Kfhw31Q: Video unavailable. This video is no longer available because the YouTube account associated with this video has been terminated.

################################

# Entry removed Wed Aug 19 07:08:55 2026
# Track:  https://youtube.com/watch?v=_mwL6R-Z1e4
# Reason: Error in yt-dlp while downloading media data: ERROR: unable to download video data: HTTP Error 403: Forbidden

################################

# Entry removed Wed Aug 19 07:08:58 2026
# Track:  https://youtube.com/watch?v=X-2yuGgp_U8
# Reason: Error in yt-dlp while downloading media data: ERROR: unable to download video data: HTTP Error 403: Forbidden

################################

# Entry removed Wed Aug 19 07:08:58 2026
# Track:  https://youtube.com/watch?v=4Yi9fb4pyTc
# Reason: Error in yt-dlp while downloading media data: ERROR: [youtube] 4Yi9fb4pyTc: Video unavailable. This video is no longer available because the YouTube account associated with this video has been terminated.

################################

# Entry removed Wed Aug 19 07:09:00 2026
# Track:  https://youtube.com/watch?v=hvdOgM9wsrw
# Reason: Error in yt-dlp while downloading media data: ERROR: unable to download video data: HTTP Error 403: Forbidden

################################

# Entry removed Wed Aug 19 07:09:02 2026
# Track:  https://youtube.com/watch?v=TEyndDhVZUg
# Reason: Error in yt-dlp while downloading media data: ERROR: unable to download video data: HTTP Error 403: Forbidden

################################

# Entry removed Wed Aug 19 07:09:04 2026
# Track:  https://youtube.com/watch?v=MQ0hFNd5aaU
# Reason: Error in yt-dlp while downloading media data: ERROR: unable to download video data: HTTP Error 403: Forbidden

################################

# Entry removed Wed Aug 19 07:09:06 2026
# Track:  https://youtube.com/watch?v=W985hWD5KYg
# Reason: Error in yt-dlp while downloading media data: ERROR: unable to download video data: HTTP Error 403: Forbidden

################################

# Entry removed Wed Aug 19 07:09:08 2026
# Track:  https://youtube.com/watch?v=-yfI6KAPTPU
# Reason: Error in yt-dlp while downloading media data: ERROR: unable to download video data: HTTP Error 403: Forbidden

################################

# Entry removed Wed Aug 19 07:09:11 2026
# Track:  https://youtube.com/watch?v=CdqoNKCCt7A
# Reason: Error in yt-dlp while downloading media data: ERROR: unable to download video data: HTTP Error 403: Forbidden

################################

# Entry removed Wed Aug 19 07:09:13 2026
# Track:  https://youtube.com/watch?v=BJxGx2IIIwU
# Reason: Error in yt-dlp while downloading media data: ERROR: unable to download video data: HTTP Error 403: Forbidden

################################

# Entry removed Wed Aug 19 07:09:15 2026
# Track:  https://youtube.com/watch?v=7UAWVM5aMUw
# Reason: Error in yt-dlp while downloading media data: ERROR: unable to download video data: HTTP Error 403: Forbidden

################################

# Entry removed Wed Aug 19 07:09:17 2026
# Track:  https://youtube.com/watch?v=Jxk9DqdYsJ4
# Reason: Error in yt-dlp while downloading media data: ERROR: unable to download video data: HTTP Error 403: Forbidden

################################

# Entry removed Wed Aug 19 07:09:19 2026
# Track:  https://youtube.com/watch?v=3R422tahouA
# Reason: Error in yt-dlp while downloading media data: ERROR: unable to download video data: HTTP Error 403: Forbidden

################################

# Entry removed Wed Aug 19 07:09:21 2026
# Track:  https://youtube.com/watch?v=mAxUIjJrFKQ
# Reason: Error in yt-dlp while downloading media data: ERROR: unable to download video data: HTTP Error 403: Forbidden

################################

# Entry removed Wed Aug 19 07:09:23 2026
# Track:  https://youtube.com/watch?v=OG4ROzg78Bo
# Reason: Error in yt-dlp while downloading media data: ERROR: unable to download video data: HTTP Error 403: Forbidden

################################

# Entry removed Wed Aug 19 07:09:23 2026
# Track:  https://youtube.com/watch?v=iVzahm7HAJg
# Reason: Error in yt-dlp while downloading media data: ERROR: [youtube] iVzahm7HAJg: Private video. Sign in if you've been granted access to this video. Use --cookies-from-browser or --cookies for the authentication. See  https://github.com/yt-dlp/yt-dlp/wiki/FAQ#how-do-i-pass-cookies-to-yt-dlp  for how to manually pass cookies. Also see  https://github.com/yt-dlp/yt-dlp/wiki/Extractors#exporting-youtube-cookies  for tips on effectively exporting YouTube cookies

################################

# Entry removed Wed Aug 19 07:09:25 2026
# Track:  https://youtube.com/watch?v=9TL7Eo04a3A
# Reason: Error in yt-dlp while downloading media data: ERROR: unable to download video data: HTTP Error 403: Forbidden

################################

# Entry removed Wed Aug 19 07:10:24 2026
# Track:  https://youtube.com/watch?v=u23Etcb-L9M
# Reason: Error in yt-dlp while downloading media data: ERROR: unable to download video data: HTTP Error 403: Forbidden

################################

# Entry removed Wed Aug 19 07:10:25 2026
# Track:  https://youtube.com/watch?v=P__YyaRlym8
# Reason: Error in yt-dlp while downloading media data: ERROR: [youtube] P__YyaRlym8: Video unavailable. This video is not available

################################

# Entry removed Wed Aug 19 07:10:28 2026
# Track:  https://youtube.com/watch?v=3MutXUvS37k
# Reason: Error in yt-dlp while downloading media data: ERROR: unable to download video data: HTTP Error 403: Forbidden

################################

# Entry removed Wed Aug 19 07:10:30 2026
# Track:  https://youtube.com/watch?v=E4jkMB3OV_g
# Reason: Error in yt-dlp while downloading media data: ERROR: unable to download video data: HTTP Error 403: Forbidden

################################

# Entry removed Wed Aug 19 07:10:32 2026
# Track:  https://youtube.com/watch?v=kRTJoouX2z8
# Reason: Error in yt-dlp while downloading media data: ERROR: unable to download video data: HTTP Error 403: Forbidden

################################

# Entry removed Wed Aug 19 07:10:34 2026
# Track:  https://youtube.com/watch?v=T3phscjgc_A
# Reason: Error in yt-dlp while downloading media data: ERROR: unable to download video data: HTTP Error 403: Forbidden

################################

# Entry removed Wed Aug 19 07:10:35 2026
# Track:  https://youtube.com/watch?v=keJQiIHaIWA
# Reason: Error in yt-dlp while downloading media data: ERROR: [youtube] keJQiIHaIWA: Video unavailable. This video is not available

################################

# Entry removed Wed Aug 19 07:10:37 2026
# Track:  https://youtube.com/watch?v=UA2XIWZxMKM
# Reason: Error in yt-dlp while downloading media data: ERROR: unable to download video data: HTTP Error 403: Forbidden

################################

# Entry removed Wed Aug 19 07:10:39 2026
# Track:  https://youtube.com/watch?v=dbAp5nphTz4
# Reason: Error in yt-dlp while downloading media data: ERROR: unable to download video data: HTTP Error 403: Forbidden

################################

# Entry removed Wed Aug 19 07:10:40 2026
# Track:  https://youtube.com/watch?v=TD51KO-gCtQ
# Reason: Error in yt-dlp while downloading media data: ERROR: [youtube] TD51KO-gCtQ: Sign in to confirm your age. This video may be inappropriate for some users. Use --cookies-from-browser or --cookies for the authentication. See  https://github.com/yt-dlp/yt-dlp/wiki/FAQ#how-do-i-pass-cookies-to-yt-dlp  for how to manually pass cookies. Also see  https://github.com/yt-dlp/yt-dlp/wiki/Extractors#exporting-youtube-cookies  for tips on effectively exporting YouTube cookies

################################

# Entry removed Wed Aug 19 07:10:42 2026
# Track:  https://youtube.com/watch?v=Qn5sYvn_H2w
# Reason: Error in yt-dlp while downloading media data: ERROR: unable to download video data: HTTP Error 403: Forbidden

################################

# Entry removed Wed Aug 19 07:10:44 2026
# Track:  https://youtube.com/watch?v=ayE6Shlv598
# Reason: Error in yt-dlp while downloading media data: ERROR: unable to download video data: HTTP Error 403: Forbidden

################################

# Entry removed Wed Aug 19 07:10:45 2026
# Track:  https://youtube.com/watch?v=JEHc4u-1QIk
# Reason: Error in yt-dlp while downloading media data: ERROR: [youtube] JEHc4u-1QIk: Video unavailable

################################

# Entry removed Wed Aug 19 07:10:47 2026
# Track:  https://youtube.com/watch?v=oXhYxDWgk9c
# Reason: Error in yt-dlp while downloading media data: ERROR: unable to download video data: HTTP Error 403: Forbidden

################################

# Entry removed Wed Aug 19 07:10:49 2026
# Track:  https://youtube.com/watch?v=qceX99lxee8
# Reason: Error in yt-dlp while downloading media data: ERROR: unable to download video data: HTTP Error 403: Forbidden

################################

# Entry removed Wed Aug 19 07:10:51 2026
# Track:  https://youtube.com/watch?v=GzMJ6DvrXKE
# Reason: Error in yt-dlp while downloading media data: ERROR: unable to download video data: HTTP Error 403: Forbidden

################################

# Entry removed Wed Aug 19 07:10:51 2026
# Track:  https://youtube.com/watch?v=p0AGYvMFdNo
# Reason: Error in yt-dlp while downloading media data: ERROR: [youtube] p0AGYvMFdNo: Video unavailable. This video is no longer available because the YouTube account associated with this video has been terminated.

################################

# Entry removed Wed Aug 19 07:10:53 2026
# Track:  https://youtube.com/watch?v=hHRNSeuvzlM
# Reason: Error in yt-dlp while downloading media data: ERROR: unable to download video data: HTTP Error 403: Forbidden

################################

# Entry removed Wed Aug 19 07:10:55 2026
# Track:  https://youtube.com/watch?v=Nv2GgV34qIg
# Reason: Error in yt-dlp while downloading media data: ERROR: unable to download video data: HTTP Error 403: Forbidden

################################

# Entry removed Wed Aug 19 07:10:56 2026
# Track:  https://youtube.com/watch?v=La4Dcd1aUcE
# Reason: Error in yt-dlp while downloading media data: ERROR: [youtube] La4Dcd1aUcE: Video unavailable

################################

# Entry removed Wed Aug 19 07:10:56 2026
# Track:  https://youtube.com/watch?v=B1Bi1c9LmhU
# Reason: Error in yt-dlp while downloading media data: ERROR: [youtube] B1Bi1c9LmhU: Private video. Sign in if you've been granted access to this video. Use --cookies-from-browser or --cookies for the authentication. See  https://github.com/yt-dlp/yt-dlp/wiki/FAQ#how-do-i-pass-cookies-to-yt-dlp  for how to manually pass cookies. Also see  https://github.com/yt-dlp/yt-dlp/wiki/Extractors#exporting-youtube-cookies  for tips on effectively exporting YouTube cookies

################################

# Entry removed Wed Aug 19 07:10:56 2026
# Track:  https://youtube.com/watch?v=nujTVzx3hQU
# Reason: Error in yt-dlp while downloading media data: ERROR: [youtube] nujTVzx3hQU: Private video. Sign in if you've been granted access to this video. Use --cookies-from-browser or --cookies for the authentication. See  https://github.com/yt-dlp/yt-dlp/wiki/FAQ#how-do-i-pass-cookies-to-yt-dlp  for how to manually pass cookies. Also see  https://github.com/yt-dlp/yt-dlp/wiki/Extractors#exporting-youtube-cookies  for tips on effectively exporting YouTube cookies

################################

# Entry removed Wed Aug 19 07:10:58 2026
# Track:  https://youtube.com/watch?v=EpiWHALFH-U
# Reason: Error in yt-dlp while downloading media data: ERROR: unable to download video data: HTTP Error 403: Forbidden

################################

# Entry removed Wed Aug 19 07:11:00 2026
# Track:  https://youtube.com/watch?v=66R8ayavwR4
# Reason: Error in yt-dlp while downloading media data: ERROR: unable to download video data: HTTP Error 403: Forbidden

################################

# Entry removed Wed Aug 19 07:11:03 2026
# Track:  https://youtube.com/watch?v=v3H7oanysGg
# Reason: Error in yt-dlp while downloading media data: ERROR: unable to download video data: HTTP Error 403: Forbidden

################################

# Entry removed Wed Aug 19 07:11:03 2026
# Track:  https://youtube.com/watch?v=lN1iQQS5E_A
# Reason: Error in yt-dlp while downloading media data: ERROR: [youtube] lN1iQQS5E_A: Private video. Sign in if you've been granted access to this video. Use --cookies-from-browser or --cookies for the authentication. See  https://github.com/yt-dlp/yt-dlp/wiki/FAQ#how-do-i-pass-cookies-to-yt-dlp  for how to manually pass cookies. Also see  https://github.com/yt-dlp/yt-dlp/wiki/Extractors#exporting-youtube-cookies  for tips on effectively exporting YouTube cookies

################################

# Entry removed Wed Aug 19 07:11:05 2026
# Track:  https://youtube.com/watch?v=Rv6bRHM8YMc
# Reason: Error in yt-dlp while downloading media data: ERROR: unable to download video data: HTTP Error 403: Forbidden

################################

# Entry removed Wed Aug 19 07:11:07 2026
# Track:  https://youtube.com/watch?v=g2rdrNONy7k
# Reason: Error in yt-dlp while downloading media data: ERROR: unable to download video data: HTTP Error 403: Forbidden

################################

# Entry removed Wed Aug 19 07:11:09 2026
# Track:  https://youtube.com/watch?v=7toKjKtbeeI
# Reason: Error in yt-dlp while downloading media data: ERROR: unable to download video data: HTTP Error 403: Forbidden

################################

# Entry removed Wed Aug 19 07:11:11 2026
# Track:  https://youtube.com/watch?v=0BH7XF117Ek
# Reason: Error in yt-dlp while downloading media data: ERROR: unable to download video data: HTTP Error 403: Forbidden

################################

# Entry removed Wed Aug 19 07:11:13 2026
# Track:  https://youtube.com/watch?v=MNqqs4h4M7c
# Reason: Error in yt-dlp while downloading media data: ERROR: unable to download video data: HTTP Error 403: Forbidden

################################

# Entry removed Wed Aug 19 07:11:14 2026
# Track:  https://youtube.com/watch?v=mDmbKzaCkGY
# Reason: Error in yt-dlp while downloading media data: ERROR: [youtube] mDmbKzaCkGY: Video unavailable. It was blocked due to the claimed content by [Merlin] Ninja Tune Ltd.

################################

# Entry removed Wed Aug 19 07:11:15 2026
# Track:  https://youtube.com/watch?v=13GD78Bmo8s
# Reason: Error in yt-dlp while downloading media data: ERROR: [youtube] 13GD78Bmo8s: Video unavailable. It was blocked due to the claimed content by UMG.

################################

# Entry removed Wed Aug 19 07:11:17 2026
# Track:  https://youtube.com/watch?v=2Kx1qiyK-Uo
# Reason: Error in yt-dlp while downloading media data: ERROR: unable to download video data: HTTP Error 403: Forbidden

################################

# Entry removed Wed Aug 19 07:11:19 2026
# Track:  https://youtube.com/watch?v=0lv8cNsmVJo
# Reason: Error in yt-dlp while downloading media data: ERROR: unable to download video data: HTTP Error 403: Forbidden

################################

# Entry removed Wed Aug 19 07:11:19 2026
# Track:  https://youtube.com/watch?v=LCP6ZviZjb0
# Reason: Error in yt-dlp while downloading media data: ERROR: [youtube] LCP6ZviZjb0: Video unavailable

################################

# Entry removed Wed Aug 19 07:11:21 2026
# Track:  https://youtube.com/watch?v=GTN2oKj4kmM
# Reason: Error in yt-dlp while downloading media data: ERROR: unable to download video data: HTTP Error 403: Forbidden

################################

# Entry removed Wed Aug 19 07:11:24 2026
# Track:  https://youtube.com/watch?v=MVM8DUhdLyo
# Reason: Error in yt-dlp while downloading media data: ERROR: unable to download video data: HTTP Error 403: Forbidden

################################

# Entry removed Wed Aug 19 07:11:26 2026
# Track:  https://youtube.com/watch?v=jPXGELbDmqA
# Reason: Error in yt-dlp while downloading media data: ERROR: unable to download video data: HTTP Error 403: Forbidden

################################

# Entry removed Wed Aug 19 07:11:26 2026
# Track:  https://youtube.com/watch?v=1DWD_hEz4HI
# Reason: Error in yt-dlp while downloading media data: ERROR: [youtube] 1DWD_hEz4HI: Video unavailable

################################

# Entry removed Wed Aug 19 07:11:28 2026
# Track:  https://youtube.com/watch?v=1VaEdKwXJhM
# Reason: Error in yt-dlp while downloading media data: ERROR: unable to download video data: HTTP Error 403: Forbidden

################################

# Entry removed Wed Aug 19 07:11:30 2026
# Track:  https://youtube.com/watch?v=-mSRraXCY9w
# Reason: Error in yt-dlp while downloading media data: ERROR: unable to download video data: HTTP Error 403: Forbidden

################################

# Entry removed Wed Aug 19 07:11:32 2026
# Track:  https://youtube.com/watch?v=Lq6n7Hlgjw4
# Reason: Error in yt-dlp while downloading media data: ERROR: unable to download video data: HTTP Error 403: Forbidden

################################

# Entry removed Wed Aug 19 07:11:34 2026
# Track:  https://youtube.com/watch?v=KWyhhDi5n8g
# Reason: Error in yt-dlp while downloading media data: ERROR: unable to download video data: HTTP Error 403: Forbidden

################################

# Entry removed Wed Aug 19 07:11:35 2026
# Track:  https://youtube.com/watch?v=gTCSQevpuOg
# Reason: Error in yt-dlp while downloading media data: ERROR: [youtube] gTCSQevpuOg: Video unavailable. It was removed following a copyright removal request by Materia Music Inc. o/b/o Royal Sciences LLC

################################

# Entry removed Wed Aug 19 07:11:37 2026
# Track:  https://youtube.com/watch?v=gXYrCfP3hX0
# Reason: Error in yt-dlp while downloading media data: ERROR: unable to download video data: HTTP Error 403: Forbidden

################################

# Entry removed Wed Aug 19 07:12:22 2026
# Track:  https://youtube.com/watch?v=zE-qxNVoUSo
# Reason: Error in yt-dlp while downloading media data: ERROR: unable to download video data: HTTP Error 403: Forbidden

################################

# Entry removed Wed Aug 19 07:12:24 2026
# Track:  https://youtube.com/watch?v=TJUVNg5zxAs
# Reason: Error in yt-dlp while downloading media data: ERROR: unable to download video data: HTTP Error 403: Forbidden

################################

# Entry removed Wed Aug 19 07:12:26 2026
# Track:  https://youtube.com/watch?v=A_WjRhKVftQ
# Reason: Error in yt-dlp while downloading media data: ERROR: unable to download video data: HTTP Error 403: Forbidden

################################

# Entry removed Wed Aug 19 07:12:28 2026
# Track:  https://youtube.com/watch?v=wd3NsE5wxX0
# Reason: Error in yt-dlp while downloading media data: ERROR: unable to download video data: HTTP Error 403: Forbidden

################################

# Entry removed Wed Aug 19 07:12:30 2026
# Track:  https://youtube.com/watch?v=BWuHMes6kag
# Reason: Error in yt-dlp while downloading media data: ERROR: unable to download video data: HTTP Error 403: Forbidden

################################

# Entry removed Wed Aug 19 07:12:32 2026
# Track:  https://youtube.com/watch?v=nUf07IdSPFQ
# Reason: Error in yt-dlp while downloading media data: ERROR: unable to download video data: HTTP Error 403: Forbidden

################################

# Entry removed Wed Aug 19 07:12:34 2026
# Track:  https://youtube.com/watch?v=3IHWKU9V1lA
# Reason: Error in yt-dlp while downloading media data: ERROR: unable to download video data: HTTP Error 403: Forbidden

################################

# Entry removed Wed Aug 19 07:12:36 2026
# Track:  https://youtube.com/watch?v=7K0akU-Rdv8
# Reason: Error in yt-dlp while downloading media data: ERROR: unable to download video data: HTTP Error 403: Forbidden

################################

# Entry removed Wed Aug 19 07:12:37 2026
# Track:  https://youtube.com/watch?v=J67nkzoJ_2M
# Reason: Error in yt-dlp while downloading media data: ERROR: [youtube] J67nkzoJ_2M: Video unavailable. This video is no longer available because the YouTube account associated with this video has been terminated.

################################

# Entry removed Wed Aug 19 07:12:39 2026
# Track:  https://youtube.com/watch?v=nFF66bVgqvw
# Reason: Error in yt-dlp while downloading media data: ERROR: unable to download video data: HTTP Error 403: Forbidden

################################

# Entry removed Wed Aug 19 07:12:41 2026
# Track:  https://youtube.com/watch?v=k0FJ1SdS-ts
# Reason: Error in yt-dlp while downloading media data: ERROR: unable to download video data: HTTP Error 403: Forbidden

################################

# Entry removed Wed Aug 19 07:12:43 2026
# Track:  https://youtube.com/watch?v=k8JN4T8p8Pg
# Reason: Error in yt-dlp while downloading media data: ERROR: unable to download video data: HTTP Error 403: Forbidden

################################

# Entry removed Wed Aug 19 07:12:45 2026
# Track:  https://youtube.com/watch?v=OX3eAI0eZqE
# Reason: Error in yt-dlp while downloading media data: ERROR: unable to download video data: HTTP Error 403: Forbidden

################################

# Entry removed Wed Aug 19 07:12:47 2026
# Track:  https://youtube.com/watch?v=lLkFCavQGrc
# Reason: Error in yt-dlp while downloading media data: ERROR: unable to download video data: HTTP Error 403: Forbidden

################################

# Entry removed Wed Aug 19 07:12:47 2026
# Track:  https://youtube.com/watch?v=AGB_fNG0R94
# Reason: Error in yt-dlp while downloading media data: ERROR: [youtube] AGB_fNG0R94: Video unavailable

################################

# Entry removed Wed Aug 19 07:12:49 2026
# Track:  https://youtube.com/watch?v=hewBOkOuSts
# Reason: Error in yt-dlp while downloading media data: ERROR: unable to download video data: HTTP Error 403: Forbidden

################################

# Entry removed Wed Aug 19 07:12:51 2026
# Track:  https://youtube.com/watch?v=ylXk1LBvIqU
# Reason: Error in yt-dlp while downloading media data: ERROR: unable to download video data: HTTP Error 403: Forbidden

################################

# Entry removed Wed Aug 19 07:12:53 2026
# Track:  https://youtube.com/watch?v=zSAJ0l4OBHM
# Reason: Error in yt-dlp while downloading media data: ERROR: unable to download video data: HTTP Error 403: Forbidden

################################

# Entry removed Wed Aug 19 07:12:53 2026
# Track:  https://youtube.com/watch?v=D2qAj2XnLYo
# Reason: Error in yt-dlp while downloading media data: ERROR: [youtube] D2qAj2XnLYo: Video unavailable. This video is no longer available because the YouTube account associated with this video has been terminated.

################################

# Entry removed Wed Aug 19 07:12:56 2026
# Track:  https://youtube.com/watch?v=NuK56z2FaK4
# Reason: Error in yt-dlp while downloading media data: ERROR: unable to download video data: HTTP Error 403: Forbidden

################################

# Entry removed Wed Aug 19 07:12:56 2026
# Track:  https://youtube.com/watch?v=slKNBP7VEvI
# Reason: Error in yt-dlp while downloading media data: ERROR: [youtube] slKNBP7VEvI: Video unavailable

################################

# Entry removed Wed Aug 19 07:12:58 2026
# Track:  https://youtube.com/watch?v=RqD09X6KlEw
# Reason: Error in yt-dlp while downloading media data: ERROR: unable to download video data: HTTP Error 403: Forbidden

################################

# Entry removed Wed Aug 19 07:12:58 2026
# Track:  https://youtube.com/watch?v=duU1wKYexs4
# Reason: Error in yt-dlp while downloading media data: ERROR: [youtube] duU1wKYexs4: Private video. Sign in if you've been granted access to this video. Use --cookies-from-browser or --cookies for the authentication. See  https://github.com/yt-dlp/yt-dlp/wiki/FAQ#how-do-i-pass-cookies-to-yt-dlp  for how to manually pass cookies. Also see  https://github.com/yt-dlp/yt-dlp/wiki/Extractors#exporting-youtube-cookies  for tips on effectively exporting YouTube cookies

################################

# Entry removed Wed Aug 19 07:12:59 2026
# Track:  https://youtube.com/watch?v=dtiSA2RKDzc
# Reason: Error in yt-dlp while downloading media data: ERROR: [youtube] dtiSA2RKDzc: Video unavailable. This video is no longer available because the YouTube account associated with this video has been terminated.

################################

# Entry removed Wed Aug 19 07:13:01 2026
# Track:  https://youtube.com/watch?v=gx4jaqmTVRE
# Reason: Error in yt-dlp while downloading media data: ERROR: unable to download video data: HTTP Error 403: Forbidden

################################

# Entry removed Wed Aug 19 07:13:03 2026
# Track:  https://youtube.com/watch?v=paWIfLD4S2o
# Reason: Error in yt-dlp while downloading media data: ERROR: unable to download video data: HTTP Error 403: Forbidden

################################

# Entry removed Wed Aug 19 07:13:04 2026
# Track:  https://youtube.com/watch?v=TDETNk20Vkc
# Reason: Error in yt-dlp while downloading media data: ERROR: unable to download video data: HTTP Error 403: Forbidden

################################

# Entry removed Wed Aug 19 07:13:06 2026
# Track:  https://youtube.com/watch?v=HP6qPkJq2hM
# Reason: Error in yt-dlp while downloading media data: ERROR: unable to download video data: HTTP Error 403: Forbidden

################################

# Entry removed Wed Aug 19 07:13:09 2026
# Track:  https://youtube.com/watch?v=jWBP05rL36U
# Reason: Error in yt-dlp while downloading media data: ERROR: unable to download video data: HTTP Error 403: Forbidden

################################

# Entry removed Wed Aug 19 07:13:09 2026
# Track:  https://youtube.com/watch?v=xlAwFV0clcM
# Reason: Error in yt-dlp while downloading media data: ERROR: [youtube] xlAwFV0clcM: Private video. Sign in if you've been granted access to this video. Use --cookies-from-browser or --cookies for the authentication. See  https://github.com/yt-dlp/yt-dlp/wiki/FAQ#how-do-i-pass-cookies-to-yt-dlp  for how to manually pass cookies. Also see  https://github.com/yt-dlp/yt-dlp/wiki/Extractors#exporting-youtube-cookies  for tips on effectively exporting YouTube cookies

################################

# Entry removed Wed Aug 19 07:13:11 2026
# Track:  https://youtube.com/watch?v=hRjQmIqA1dY
# Reason: Error in yt-dlp while downloading media data: ERROR: unable to download video data: HTTP Error 403: Forbidden

################################

# Entry removed Wed Aug 19 07:13:13 2026
# Track:  https://youtube.com/watch?v=cGAU_Xa-Xl0
# Reason: Error in yt-dlp while downloading media data: ERROR: unable to download video data: HTTP Error 403: Forbidden

################################

# Entry removed Wed Aug 19 07:13:15 2026
# Track:  https://youtube.com/watch?v=WinkoZiOYQc
# Reason: Error in yt-dlp while downloading media data: ERROR: unable to download video data: HTTP Error 403: Forbidden

################################

# Entry removed Wed Aug 19 07:13:16 2026
# Track:  https://youtube.com/watch?v=UlBrE-4NBzs
# Reason: Error in yt-dlp while downloading media data: ERROR: [youtube] UlBrE-4NBzs: This video is not available

################################

# Entry removed Wed Aug 19 07:14:51 2026
# Track:  https://youtube.com/watch?v=9TTnTu3ql_g
# Reason: Error in yt-dlp while downloading media data: ERROR: unable to download video data: HTTP Error 403: Forbidden

################################

# Entry removed Wed Aug 19 07:14:51 2026
# Track:  https://youtube.com/watch?v=YfScJUuSV68
# Reason: Error in yt-dlp while downloading media data: ERROR: [youtube] YfScJUuSV68: Video unavailable

################################

# Entry removed Wed Aug 19 07:14:53 2026
# Track:  https://youtube.com/watch?v=ip4Q1pbrYDg
# Reason: Error in yt-dlp while downloading media data: ERROR: unable to download video data: HTTP Error 403: Forbidden

################################

# Entry removed Wed Aug 19 07:14:54 2026
# Track:  https://youtube.com/watch?v=8JHiCljnMVs
# Reason: Error in yt-dlp while downloading media data: ERROR: [youtube] 8JHiCljnMVs: Video unavailable

################################

# Entry removed Wed Aug 19 07:14:54 2026
# Track:  https://youtube.com/watch?v=OlKaVFqxERk
# Reason: Error in yt-dlp while downloading media data: ERROR: [youtube] OlKaVFqxERk: Video unavailable

################################

# Entry removed Wed Aug 19 07:14:56 2026
# Track:  https://youtube.com/watch?v=jsFST-7Hx-Y
# Reason: Error in yt-dlp while downloading media data: ERROR: unable to download video data: HTTP Error 403: Forbidden

################################

# Entry removed Wed Aug 19 07:14:58 2026
# Track:  https://youtube.com/watch?v=6e3QMgWuWi0
# Reason: Error in yt-dlp while downloading media data: ERROR: unable to download video data: HTTP Error 403: Forbidden

################################

# Entry removed Wed Aug 19 07:15:00 2026
# Track:  https://youtube.com/watch?v=WqEweV0eScg
# Reason: Error in yt-dlp while downloading media data: ERROR: unable to download video data: HTTP Error 403: Forbidden

################################

# Entry removed Wed Aug 19 07:15:00 2026
# Track:  https://youtube.com/watch?v=1z88Vc1oyvU
# Reason: Error in yt-dlp while downloading media data: ERROR: [youtube] 1z88Vc1oyvU: Video unavailable. This video is no longer available because the YouTube account associated with this video has been terminated.

################################

# Entry removed Wed Aug 19 07:15:02 2026
# Track:  https://youtube.com/watch?v=r4byIiHc5Eg
# Reason: Error in yt-dlp while downloading media data: ERROR: unable to download video data: HTTP Error 403: Forbidden

################################

# Entry removed Wed Aug 19 07:15:02 2026
# Track:  https://youtube.com/watch?v=kMmpRcld1FU
# Reason: Error in yt-dlp while downloading media data: ERROR: [youtube] kMmpRcld1FU: Video unavailable

################################

# Entry removed Wed Aug 19 07:15:04 2026
# Track:  https://youtube.com/watch?v=FYh29RMpmAc
# Reason: Error in yt-dlp while downloading media data: ERROR: unable to download video data: HTTP Error 403: Forbidden

################################

# Entry removed Wed Aug 19 07:15:06 2026
# Track:  https://youtube.com/watch?v=1OKduoWWWsE
# Reason: Error in yt-dlp while downloading media data: ERROR: unable to download video data: HTTP Error 403: Forbidden

################################

# Entry removed Wed Aug 19 07:15:09 2026
# Track:  https://youtube.com/watch?v=Ey1_nkmS54g
# Reason: Error in yt-dlp while downloading media data: ERROR: unable to download video data: HTTP Error 403: Forbidden

################################

# Entry removed Wed Aug 19 07:15:11 2026
# Track:  https://youtube.com/watch?v=x-4O0y3rDW4
# Reason: Error in yt-dlp while downloading media data: ERROR: unable to download video data: HTTP Error 403: Forbidden

################################

# Entry removed Wed Aug 19 07:15:13 2026
# Track:  https://youtube.com/watch?v=LLyXx7Zmxkg
# Reason: Error in yt-dlp while downloading media data: ERROR: unable to download video data: HTTP Error 403: Forbidden

################################

# Entry removed Wed Aug 19 07:15:15 2026
# Track:  https://youtube.com/watch?v=rT4wUByldo4
# Reason: Error in yt-dlp while downloading media data: ERROR: unable to download video data: HTTP Error 403: Forbidden

################################

# Entry removed Wed Aug 19 07:15:17 2026
# Track:  https://youtube.com/watch?v=ukick72Qafc
# Reason: Error in yt-dlp while downloading media data: ERROR: unable to download video data: HTTP Error 403: Forbidden

################################

# Entry removed Wed Aug 19 07:15:19 2026
# Track:  https://youtube.com/watch?v=1etbYLm05W4
# Reason: Error in yt-dlp while downloading media data: ERROR: unable to download video data: HTTP Error 403: Forbidden

################################

# Entry removed Wed Aug 19 07:15:21 2026
# Track:  https://youtube.com/watch?v=XhohLI1Rupc
# Reason: Error in yt-dlp while downloading media data: ERROR: unable to download video data: HTTP Error 403: Forbidden

################################

# Entry removed Wed Aug 19 07:15:23 2026
# Track:  https://youtube.com/watch?v=xDW4AuHl-kM
# Reason: Error in yt-dlp while downloading media data: ERROR: unable to download video data: HTTP Error 403: Forbidden

################################

# Entry removed Wed Aug 19 07:15:26 2026
# Track:  https://youtube.com/watch?v=TLkYY4lcNE0
# Reason: Error in yt-dlp while downloading media data: ERROR: unable to download video data: HTTP Error 403: Forbidden

################################

# Entry removed Wed Aug 19 07:15:28 2026
# Track:  https://youtube.com/watch?v=8ZmAKMtd58w
# Reason: Error in yt-dlp while downloading media data: ERROR: unable to download video data: HTTP Error 403: Forbidden

################################

# Entry removed Wed Aug 19 07:15:30 2026
# Track:  https://youtube.com/watch?v=BrPK4huvorI
# Reason: Error in yt-dlp while downloading media data: ERROR: unable to download video data: HTTP Error 403: Forbidden

################################

# Entry removed Wed Aug 19 07:15:32 2026
# Track:  https://youtube.com/watch?v=1dLTKcGx76w
# Reason: Error in yt-dlp while downloading media data: ERROR: unable to download video data: HTTP Error 403: Forbidden

################################

# Entry removed Wed Aug 19 07:15:34 2026
# Track:  https://youtube.com/watch?v=-uEkDyHp4vA
# Reason: Error in yt-dlp while downloading media data: ERROR: unable to download video data: HTTP Error 403: Forbidden

################################

# Entry removed Wed Aug 19 07:15:36 2026
# Track:  https://youtube.com/watch?v=IAmgTNATJkk
# Reason: Error in yt-dlp while downloading media data: ERROR: unable to download video data: HTTP Error 403: Forbidden

################################

# Entry removed Wed Aug 19 07:15:38 2026
# Track:  https://youtube.com/watch?v=aUGA-RJoqNA
# Reason: Error in yt-dlp while downloading media data: ERROR: unable to download video data: HTTP Error 403: Forbidden

################################

# Entry removed Wed Aug 19 07:15:40 2026
# Track:  https://youtube.com/watch?v=6tBJa8Ew6fQ
# Reason: Error in yt-dlp while downloading media data: ERROR: unable to download video data: HTTP Error 403: Forbidden

################################

# Entry removed Wed Aug 19 07:15:42 2026
# Track:  https://youtube.com/watch?v=etr7UtnUflM
# Reason: Error in yt-dlp while downloading media data: ERROR: unable to download video data: HTTP Error 403: Forbidden

################################

# Entry removed Wed Aug 19 07:15:43 2026
# Track:  https://youtube.com/watch?v=monkG1OWZXA
# Reason: Error in yt-dlp while downloading media data: ERROR: [youtube] monkG1OWZXA: Sign in to confirm your age. This video may be inappropriate for some users. Use --cookies-from-browser or --cookies for the authentication. See  https://github.com/yt-dlp/yt-dlp/wiki/FAQ#how-do-i-pass-cookies-to-yt-dlp  for how to manually pass cookies. Also see  https://github.com/yt-dlp/yt-dlp/wiki/Extractors#exporting-youtube-cookies  for tips on effectively exporting YouTube cookies

################################

# Entry removed Wed Aug 19 07:15:45 2026
# Track:  https://youtube.com/watch?v=dVZWSnD15t4
# Reason: Error in yt-dlp while downloading media data: ERROR: unable to download video data: HTTP Error 403: Forbidden

################################

# Entry removed Wed Aug 19 07:15:45 2026
# Track:  https://youtube.com/watch?v=mZRP7nQkfrM
# Reason: Error in yt-dlp while downloading media data: ERROR: [youtube] mZRP7nQkfrM: Video unavailable. This video is no longer available because the YouTube account associated with this video has been terminated.

################################

# Entry removed Wed Aug 19 07:15:46 2026
# Track:  https://youtube.com/watch?v=Cao09dP7gM0
# Reason: Error in yt-dlp while downloading media data: ERROR: [youtube] Cao09dP7gM0: Private video. Sign in if you've been granted access to this video. Use --cookies-from-browser or --cookies for the authentication. See  https://github.com/yt-dlp/yt-dlp/wiki/FAQ#how-do-i-pass-cookies-to-yt-dlp  for how to manually pass cookies. Also see  https://github.com/yt-dlp/yt-dlp/wiki/Extractors#exporting-youtube-cookies  for tips on effectively exporting YouTube cookies

################################

# Entry removed Wed Aug 19 07:15:48 2026
# Track:  https://youtube.com/watch?v=9RWm-IXjYz0
# Reason: Error in yt-dlp while downloading media data: ERROR: unable to download video data: HTTP Error 403: Forbidden

################################

# Entry removed Wed Aug 19 07:15:50 2026
# Track:  https://youtube.com/watch?v=dQlU0bJjQdU
# Reason: Error in yt-dlp while downloading media data: ERROR: unable to download video data: HTTP Error 403: Forbidden

################################

# Entry removed Wed Aug 19 07:15:52 2026
# Track:  https://youtube.com/watch?v=X9qgI95n6rM
# Reason: Error in yt-dlp while downloading media data: ERROR: unable to download video data: HTTP Error 403: Forbidden

################################

# Entry removed Wed Aug 19 07:15:54 2026
# Track:  https://youtube.com/watch?v=aENX1Sf3fgQ
# Reason: Error in yt-dlp while downloading media data: ERROR: unable to download video data: HTTP Error 403: Forbidden

################################

# Entry removed Wed Aug 19 07:15:56 2026
# Track:  https://youtube.com/watch?v=uKpK8RbGlO4
# Reason: Error in yt-dlp while downloading media data: ERROR: unable to download video data: HTTP Error 403: Forbidden

################################

# Entry removed Wed Aug 19 07:15:56 2026
# Track:  https://youtube.com/watch?v=8HFAARSfmrQ
# Reason: Error in yt-dlp while downloading media data: ERROR: [youtube] 8HFAARSfmrQ: Video unavailable. This video is no longer available because the YouTube account associated with this video has been terminated.

################################

# Entry removed Wed Aug 19 07:15:59 2026
# Track:  https://youtube.com/watch?v=ouWQ25O-Mcg
# Reason: Error in yt-dlp while downloading media data: ERROR: unable to download video data: HTTP Error 403: Forbidden

################################

# Entry removed Wed Aug 19 07:16:01 2026
# Track:  https://youtube.com/watch?v=gA4E_2A4L3s
# Reason: Error in yt-dlp while downloading media data: ERROR: unable to download video data: HTTP Error 403: Forbidden

################################

# Entry removed Wed Aug 19 07:16:03 2026
# Track:  https://youtube.com/watch?v=B1xyoRXt7K4
# Reason: Error in yt-dlp while downloading media data: ERROR: unable to download video data: HTTP Error 403: Forbidden

################################

# Entry removed Wed Aug 19 07:16:05 2026
# Track:  https://youtube.com/watch?v=29J0Qsp3yns
# Reason: Error in yt-dlp while downloading media data: ERROR: unable to download video data: HTTP Error 403: Forbidden

################################

# Entry removed Wed Aug 19 07:17:10 2026
# Track:  https://youtube.com/watch?v=fwtzUvcJIPw
# Reason: Error in yt-dlp while downloading media data: ERROR: unable to download video data: HTTP Error 403: Forbidden

################################

# Entry removed Wed Aug 19 07:17:11 2026
# Track:  https://youtube.com/watch?v=qrVKmTPFYZ8
# Reason: Error in yt-dlp while downloading media data: ERROR: [youtube] qrVKmTPFYZ8: This video is unavailable

################################

# Entry removed Wed Aug 19 07:17:13 2026
# Track:  https://youtube.com/watch?v=Ax7cdHiZ010
# Reason: Error in yt-dlp while downloading media data: ERROR: unable to download video data: HTTP Error 403: Forbidden

################################

# Entry removed Wed Aug 19 07:17:15 2026
# Track:  https://youtube.com/watch?v=Y3ohZjCKzjg
# Reason: Error in yt-dlp while downloading media data: ERROR: unable to download video data: HTTP Error 403: Forbidden

################################

# Entry removed Wed Aug 19 07:17:17 2026
# Track:  https://youtube.com/watch?v=rdeuQChFJAg
# Reason: Error in yt-dlp while downloading media data: ERROR: unable to download video data: HTTP Error 403: Forbidden

################################

# Entry removed Wed Aug 19 07:17:19 2026
# Track:  https://youtube.com/watch?v=I5z2--4O7sA
# Reason: Error in yt-dlp while downloading media data: ERROR: unable to download video data: HTTP Error 403: Forbidden

################################

# Entry removed Wed Aug 19 07:17:21 2026
# Track:  https://youtube.com/watch?v=e5MAg_yWsq8
# Reason: Error in yt-dlp while downloading media data: ERROR: unable to download video data: HTTP Error 403: Forbidden

################################

# Entry removed Wed Aug 19 07:17:23 2026
# Track:  https://youtube.com/watch?v=DFdHhYha9t4
# Reason: Error in yt-dlp while downloading media data: ERROR: unable to download video data: HTTP Error 403: Forbidden

################################

# Entry removed Wed Aug 19 07:17:25 2026
# Track:  https://youtube.com/watch?v=pa9DAW7PtFA
# Reason: Error in yt-dlp while downloading media data: ERROR: unable to download video data: HTTP Error 403: Forbidden

################################

# Entry removed Wed Aug 19 07:17:27 2026
# Track:  https://youtube.com/watch?v=_lAsCaj_nVs
# Reason: Error in yt-dlp while downloading media data: ERROR: unable to download video data: HTTP Error 403: Forbidden

################################

# Entry removed Wed Aug 19 07:17:29 2026
# Track:  https://youtube.com/watch?v=Ja7PhPTG1JE
# Reason: Error in yt-dlp while downloading media data: ERROR: unable to download video data: HTTP Error 403: Forbidden

################################

# Entry removed Wed Aug 19 07:17:30 2026
# Track:  https://youtube.com/watch?v=zdeZwAk6ULE
# Reason: Error in yt-dlp while downloading media data: ERROR: [youtube] zdeZwAk6ULE: Video unavailable

################################

# Entry removed Wed Aug 19 07:17:32 2026
# Track:  https://youtube.com/watch?v=YjRWditGKRY
# Reason: Error in yt-dlp while downloading media data: ERROR: unable to download video data: HTTP Error 403: Forbidden

################################

# Entry removed Wed Aug 19 07:17:32 2026
# Track:  https://youtube.com/watch?v=AA8O9hvHPUo
# Reason: Error in yt-dlp while downloading media data: ERROR: [youtube] AA8O9hvHPUo: Please sign in. Use --cookies-from-browser or --cookies for the authentication. See  https://github.com/yt-dlp/yt-dlp/wiki/FAQ#how-do-i-pass-cookies-to-yt-dlp  for how to manually pass cookies. Also see  https://github.com/yt-dlp/yt-dlp/wiki/Extractors#exporting-youtube-cookies  for tips on effectively exporting YouTube cookies

################################

# Entry removed Wed Aug 19 07:17:33 2026
# Track:  https://youtube.com/watch?v=ExVtrghW5Y4
# Reason: Error in yt-dlp while downloading media data: ERROR: [youtube] ExVtrghW5Y4: Please sign in. Use --cookies-from-browser or --cookies for the authentication. See  https://github.com/yt-dlp/yt-dlp/wiki/FAQ#how-do-i-pass-cookies-to-yt-dlp  for how to manually pass cookies. Also see  https://github.com/yt-dlp/yt-dlp/wiki/Extractors#exporting-youtube-cookies  for tips on effectively exporting YouTube cookies

################################

# Entry removed Wed Aug 19 07:17:35 2026
# Track:  https://youtube.com/watch?v=MV0F_XiR48Q
# Reason: Error in yt-dlp while downloading media data: ERROR: unable to download video data: HTTP Error 403: Forbidden

################################

# Entry removed Wed Aug 19 07:17:35 2026
# Track:  https://youtube.com/watch?v=Z590mDXHpLk
# Reason: Error in yt-dlp while downloading media data: ERROR: [youtube] Z590mDXHpLk: Video unavailable

################################

# Entry removed Wed Aug 19 07:17:35 2026
# Track:  https://youtube.com/watch?v=7-W-djGV6og
# Reason: Error in yt-dlp while downloading media data: ERROR: [youtube] 7-W-djGV6og: Video unavailable

################################

# Entry removed Wed Aug 19 07:17:37 2026
# Track:  https://youtube.com/watch?v=1dcXmkco5ko
# Reason: Error in yt-dlp while downloading media data: ERROR: unable to download video data: HTTP Error 403: Forbidden

################################

# Entry removed Wed Aug 19 07:17:39 2026
# Track:  https://youtube.com/watch?v=LO3uqkaFRkY
# Reason: Error in yt-dlp while downloading media data: ERROR: unable to download video data: HTTP Error 403: Forbidden

################################

# Entry removed Wed Aug 19 07:17:41 2026
# Track:  https://youtube.com/watch?v=VSKhPqvb0jw
# Reason: Error in yt-dlp while downloading media data: ERROR: unable to download video data: HTTP Error 403: Forbidden

################################

# Entry removed Wed Aug 19 07:17:43 2026
# Track:  https://youtube.com/watch?v=Th3ycKQV_4k
# Reason: Error in yt-dlp while downloading media data: ERROR: unable to download video data: HTTP Error 403: Forbidden

################################

# Entry removed Wed Aug 19 07:17:43 2026
# Track:  https://youtube.com/watch?v=rq_F7lGOj7I
# Reason: Error in yt-dlp while downloading media data: ERROR: [youtube] rq_F7lGOj7I: Please sign in. Use --cookies-from-browser or --cookies for the authentication. See  https://github.com/yt-dlp/yt-dlp/wiki/FAQ#how-do-i-pass-cookies-to-yt-dlp  for how to manually pass cookies. Also see  https://github.com/yt-dlp/yt-dlp/wiki/Extractors#exporting-youtube-cookies  for tips on effectively exporting YouTube cookies

################################

# Entry removed Wed Aug 19 07:17:44 2026
# Track:  https://youtube.com/watch?v=AMzjbyZhM5U
# Reason: Error in yt-dlp while downloading media data: ERROR: [youtube] AMzjbyZhM5U: Video unavailable

################################

# Entry removed Wed Aug 19 07:17:46 2026
# Track:  https://youtube.com/watch?v=-NPqM3vPDg8
# Reason: Error in yt-dlp while downloading media data: ERROR: unable to download video data: HTTP Error 403: Forbidden

################################

# Entry removed Wed Aug 19 07:17:46 2026
# Track:  https://youtube.com/watch?v=QGTzMvXTUiY
# Reason: Error in yt-dlp while downloading media data: ERROR: [youtube] QGTzMvXTUiY: This video is unavailable

################################

# Entry removed Wed Aug 19 07:17:48 2026
# Track:  https://youtube.com/watch?v=lxBCEuHQVms
# Reason: Error in yt-dlp while downloading media data: ERROR: unable to download video data: HTTP Error 403: Forbidden

################################

# Entry removed Wed Aug 19 07:17:50 2026
# Track:  https://youtube.com/watch?v=yjoPWxmOCtc
# Reason: Error in yt-dlp while downloading media data: ERROR: unable to download video data: HTTP Error 403: Forbidden

################################

# Entry removed Wed Aug 19 07:17:52 2026
# Track:  https://youtube.com/watch?v=izO68Vu2sx8
# Reason: Error in yt-dlp while downloading media data: ERROR: unable to download video data: HTTP Error 403: Forbidden

################################

# Entry removed Wed Aug 19 07:17:54 2026
# Track:  https://youtube.com/watch?v=AJh1o0wvqKI
# Reason: Error in yt-dlp while downloading media data: ERROR: unable to download video data: HTTP Error 403: Forbidden

################################

# Entry removed Wed Aug 19 07:17:56 2026
# Track:  https://youtube.com/watch?v=4UXpe2n9TtM
# Reason: Error in yt-dlp while downloading media data: ERROR: unable to download video data: HTTP Error 403: Forbidden

################################

# Entry removed Wed Aug 19 07:17:56 2026
# Track:  https://youtube.com/watch?v=7en8t8gZBlo
# Reason: Error in yt-dlp while downloading media data: ERROR: [youtube] 7en8t8gZBlo: This video is unavailable

################################

# Entry removed Wed Aug 19 07:17:58 2026
# Track:  https://youtube.com/watch?v=G5zPqgQ67yo
# Reason: Error in yt-dlp while downloading media data: ERROR: unable to download video data: HTTP Error 403: Forbidden

################################

# Entry removed Wed Aug 19 07:18:00 2026
# Track:  https://youtube.com/watch?v=J8YvzZsXghQ
# Reason: Error in yt-dlp while downloading media data: ERROR: unable to download video data: HTTP Error 403: Forbidden

################################

# Entry removed Wed Aug 19 07:18:00 2026
# Track:  https://youtube.com/watch?v=bzXJv7gTjeg
# Reason: Error in yt-dlp while downloading media data: ERROR: [youtube] bzXJv7gTjeg: This video is unavailable

################################

# Entry removed Wed Aug 19 07:18:02 2026
# Track:  https://youtube.com/watch?v=5hd53EIKRXI
# Reason: Error in yt-dlp while downloading media data: ERROR: unable to download video data: HTTP Error 403: Forbidden

################################

# Entry removed Wed Aug 19 07:18:04 2026
# Track:  https://youtube.com/watch?v=OZuW6BH_Vak
# Reason: Error in yt-dlp while downloading media data: ERROR: unable to download video data: HTTP Error 403: Forbidden

################################

# Entry removed Wed Aug 19 07:18:06 2026
# Track:  https://youtube.com/watch?v=5c2nqRf1QOY
# Reason: Error in yt-dlp while downloading media data: ERROR: unable to download video data: HTTP Error 403: Forbidden

################################

# Entry removed Wed Aug 19 07:18:07 2026
# Track:  https://youtube.com/watch?v=JIfdYs8WErM
# Reason: Error in yt-dlp while downloading media data: ERROR: [youtube] JIfdYs8WErM: Video unavailable

################################

# Entry removed Wed Aug 19 07:18:09 2026
# Track:  https://youtube.com/watch?v=uivxr3O6rSE
# Reason: Error in yt-dlp while downloading media data: ERROR: unable to download video data: HTTP Error 403: Forbidden

################################

# Entry removed Wed Aug 19 07:18:09 2026
# Track:  https://youtube.com/watch?v=vcf7DnHi54g
# Reason: Error in yt-dlp while downloading media data: ERROR: [youtube] vcf7DnHi54g: This video is unavailable

################################

# Entry removed Wed Aug 19 07:18:10 2026
# Track:  https://youtube.com/watch?v=A_wbMkk0gSs
# Reason: Error in yt-dlp while downloading media data: ERROR: [youtube] A_wbMkk0gSs: Please sign in. Use --cookies-from-browser or --cookies for the authentication. See  https://github.com/yt-dlp/yt-dlp/wiki/FAQ#how-do-i-pass-cookies-to-yt-dlp  for how to manually pass cookies. Also see  https://github.com/yt-dlp/yt-dlp/wiki/Extractors#exporting-youtube-cookies  for tips on effectively exporting YouTube cookies

################################

# Entry removed Wed Aug 19 07:18:12 2026
# Track:  https://youtube.com/watch?v=-oVW8gcse4g
# Reason: Error in yt-dlp while downloading media data: ERROR: unable to download video data: HTTP Error 403: Forbidden

################################

# Entry removed Wed Aug 19 07:18:14 2026
# Track:  https://youtube.com/watch?v=RM5aW83L_DE
# Reason: Error in yt-dlp while downloading media data: ERROR: unable to download video data: HTTP Error 403: Forbidden

################################

# Entry removed Wed Aug 19 07:18:16 2026
# Track:  https://youtube.com/watch?v=P5ChKb_9JoY
# Reason: Error in yt-dlp while downloading media data: ERROR: unable to download video data: HTTP Error 403: Forbidden

################################

# Entry removed Wed Aug 19 07:18:17 2026
# Track:  https://youtube.com/watch?v=DaHe4z9mA74
# Reason: Error in yt-dlp while downloading media data: ERROR: [youtube] DaHe4z9mA74: This video is unavailable

################################

# Entry removed Wed Aug 19 07:18:17 2026
# Track:  https://youtube.com/watch?v=J51LPlP-s9o
# Reason: Error in yt-dlp while downloading media data: ERROR: [youtube] J51LPlP-s9o: Video unavailable

################################

# Entry removed Wed Aug 19 07:18:19 2026
# Track:  https://youtube.com/watch?v=fzSQG472L9k
# Reason: Error in yt-dlp while downloading media data: ERROR: unable to download video data: HTTP Error 403: Forbidden

################################

# Entry removed Wed Aug 19 07:18:21 2026
# Track:  https://youtube.com/watch?v=_3vpiTgG59A
# Reason: Error in yt-dlp while downloading media data: ERROR: unable to download video data: HTTP Error 403: Forbidden

################################

# Entry removed Wed Aug 19 07:18:23 2026
# Track:  https://youtube.com/watch?v=DWuBTLJdoJY
# Reason: Error in yt-dlp while downloading media data: ERROR: unable to download video data: HTTP Error 403: Forbidden

################################

# Entry removed Wed Aug 19 07:18:25 2026
# Track:  https://youtube.com/watch?v=SECVGN4Bsgg
# Reason: Error in yt-dlp while downloading media data: ERROR: unable to download video data: HTTP Error 403: Forbidden

################################

# Entry removed Wed Aug 19 07:18:26 2026
# Track:  https://youtube.com/watch?v=xOeDdS7Ic1Q
# Reason: Error in yt-dlp while downloading media data: ERROR: [youtube] xOeDdS7Ic1Q: Please sign in. Use --cookies-from-browser or --cookies for the authentication. See  https://github.com/yt-dlp/yt-dlp/wiki/FAQ#how-do-i-pass-cookies-to-yt-dlp  for how to manually pass cookies. Also see  https://github.com/yt-dlp/yt-dlp/wiki/Extractors#exporting-youtube-cookies  for tips on effectively exporting YouTube cookies

################################

# Entry removed Wed Aug 19 07:18:28 2026
# Track:  https://youtube.com/watch?v=_aIOM9_8I8U
# Reason: Error in yt-dlp while downloading media data: ERROR: unable to download video data: HTTP Error 403: Forbidden

################################

# Entry removed Wed Aug 19 07:18:29 2026
# Track:  https://youtube.com/watch?v=JnNzq5Nl-dE
# Reason: Error in yt-dlp while downloading media data: ERROR: [youtube] JnNzq5Nl-dE: Please sign in. Use --cookies-from-browser or --cookies for the authentication. See  https://github.com/yt-dlp/yt-dlp/wiki/FAQ#how-do-i-pass-cookies-to-yt-dlp  for how to manually pass cookies. Also see  https://github.com/yt-dlp/yt-dlp/wiki/Extractors#exporting-youtube-cookies  for tips on effectively exporting YouTube cookies

################################

# Entry removed Wed Aug 19 07:18:31 2026
# Track:  https://youtube.com/watch?v=H_tgomTUiWY
# Reason: Error in yt-dlp while downloading media data: ERROR: unable to download video data: HTTP Error 403: Forbidden

################################

# Entry removed Wed Aug 19 07:18:33 2026
# Track:  https://youtube.com/watch?v=qWG2dsXV5HI
# Reason: Error in yt-dlp while downloading media data: ERROR: unable to download video data: HTTP Error 403: Forbidden

################################

# Entry removed Wed Aug 19 07:18:35 2026
# Track:  https://youtube.com/watch?v=gFccdvKehQI
# Reason: Error in yt-dlp while downloading media data: ERROR: unable to download video data: HTTP Error 403: Forbidden

################################

# Entry removed Wed Aug 19 07:18:35 2026
# Track:  https://youtube.com/watch?v=FXZeZz0kPq0
# Reason: Error in yt-dlp while downloading media data: ERROR: [youtube] FXZeZz0kPq0: This video is unavailable

################################

# Entry removed Wed Aug 19 07:18:37 2026
# Track:  https://youtube.com/watch?v=VQWeJYI033Q
# Reason: Error in yt-dlp while downloading media data: ERROR: unable to download video data: HTTP Error 403: Forbidden

################################

# Entry removed Wed Aug 19 07:18:39 2026
# Track:  https://youtube.com/watch?v=QIFVzhWRjDM
# Reason: Error in yt-dlp while downloading media data: ERROR: unable to download video data: HTTP Error 403: Forbidden

################################

# Entry removed Wed Aug 19 07:18:41 2026
# Track:  https://youtube.com/watch?v=4mHW3eGF3Mw
# Reason: Error in yt-dlp while downloading media data: ERROR: unable to download video data: HTTP Error 403: Forbidden

################################

# Entry removed Wed Aug 19 07:18:44 2026
# Track:  https://youtube.com/watch?v=Lx2zzIkaUZQ
# Reason: Error in yt-dlp while downloading media data: ERROR: unable to download video data: HTTP Error 403: Forbidden

################################

# Entry removed Wed Aug 19 07:18:44 2026
# Track:  https://youtube.com/watch?v=P0PpyUsvT9w
# Reason: Error in yt-dlp while downloading media data: ERROR: [youtube] P0PpyUsvT9w: Video unavailable

################################

# Entry removed Wed Aug 19 07:18:44 2026
# Track:  https://youtube.com/watch?v=8zFgtqK39Zg
# Reason: Error in yt-dlp while downloading media data: ERROR: [youtube] 8zFgtqK39Zg: Video unavailable

################################

# Entry removed Wed Aug 19 07:18:44 2026
# Track:  https://youtube.com/watch?v=N4d7Wp9kKjA
# Reason: Error in yt-dlp while downloading media data: ERROR: [youtube] N4d7Wp9kKjA: Please sign in. Use --cookies-from-browser or --cookies for the authentication. See  https://github.com/yt-dlp/yt-dlp/wiki/FAQ#how-do-i-pass-cookies-to-yt-dlp  for how to manually pass cookies. Also see  https://github.com/yt-dlp/yt-dlp/wiki/Extractors#exporting-youtube-cookies  for tips on effectively exporting YouTube cookies

################################

# Entry removed Wed Aug 19 07:18:47 2026
# Track:  https://youtube.com/watch?v=2MferjKXc1c
# Reason: Error in yt-dlp while downloading media data: ERROR: unable to download video data: HTTP Error 403: Forbidden

################################

# Entry removed Wed Aug 19 07:18:49 2026
# Track:  https://youtube.com/watch?v=Pryb1VugJq4
# Reason: Error in yt-dlp while downloading media data: ERROR: unable to download video data: HTTP Error 403: Forbidden

################################

# Entry removed Wed Aug 19 07:18:49 2026
# Track:  https://youtube.com/watch?v=oBllGsz-6Os
# Reason: Error in yt-dlp while downloading media data: ERROR: [youtube] oBllGsz-6Os: This video is unavailable

################################

# Entry removed Wed Aug 19 07:18:49 2026
# Track:  https://youtube.com/watch?v=N3epEVMNJdY
# Reason: Error in yt-dlp while downloading media data: ERROR: [youtube] N3epEVMNJdY: Video unavailable

################################

# Entry removed Wed Aug 19 07:18:50 2026
# Track:  https://youtube.com/watch?v=aOwYA_vEZYo
# Reason: Error in yt-dlp while downloading media data: ERROR: [youtube] aOwYA_vEZYo: Video unavailable

################################

# Entry removed Wed Aug 19 07:18:51 2026
# Track:  https://youtube.com/watch?v=vy2q5qM2tzk
# Reason: Error in yt-dlp while downloading media data: ERROR: [youtube] vy2q5qM2tzk: Video unavailable

################################

# Entry removed Wed Aug 19 07:18:53 2026
# Track:  https://youtube.com/watch?v=aUzBgeI5dpc
# Reason: Error in yt-dlp while downloading media data: ERROR: unable to download video data: HTTP Error 403: Forbidden

################################

# Entry removed Wed Aug 19 07:18:55 2026
# Track:  https://youtube.com/watch?v=H10IyxaVwx8
# Reason: Error in yt-dlp while downloading media data: ERROR: unable to download video data: HTTP Error 403: Forbidden

################################

# Entry removed Wed Aug 19 07:18:57 2026
# Track:  https://youtube.com/watch?v=KGBXVsdY9hw
# Reason: Error in yt-dlp while downloading media data: ERROR: unable to download video data: HTTP Error 403: Forbidden

################################

# Entry removed Wed Aug 19 07:18:58 2026
# Track:  https://youtube.com/watch?v=MgJ7v8D8iFE
# Reason: Error in yt-dlp while downloading media data: ERROR: unable to download video data: HTTP Error 403: Forbidden

################################

# Entry removed Wed Aug 19 07:19:00 2026
# Track:  https://youtube.com/watch?v=hQsozlJv20k
# Reason: Error in yt-dlp while downloading media data: ERROR: unable to download video data: HTTP Error 403: Forbidden

################################

# Entry removed Wed Aug 19 07:19:01 2026
# Track:  https://youtube.com/watch?v=zLcyg4Tq5uY
# Reason: Error in yt-dlp while downloading media data: ERROR: [youtube] zLcyg4Tq5uY: This video is unavailable

################################

# Entry removed Wed Aug 19 07:19:03 2026
# Track:  https://youtube.com/watch?v=9PB30JUOncw
# Reason: Error in yt-dlp while downloading media data: ERROR: unable to download video data: HTTP Error 403: Forbidden

################################

# Entry removed Wed Aug 19 07:19:04 2026
# Track:  https://youtube.com/watch?v=rZJXpZPFQaI
# Reason: Error in yt-dlp while downloading media data: ERROR: unable to download video data: HTTP Error 403: Forbidden

################################

# Entry removed Wed Aug 19 07:19:06 2026
# Track:  https://youtube.com/watch?v=1vBxDS0lliQ
# Reason: Error in yt-dlp while downloading media data: ERROR: unable to download video data: HTTP Error 403: Forbidden

################################

# Entry removed Wed Aug 19 07:19:06 2026
# Track:  https://youtube.com/watch?v=94M_tkjf-JA
# Reason: Error in yt-dlp while downloading media data: ERROR: [youtube] 94M_tkjf-JA: Please sign in. Use --cookies-from-browser or --cookies for the authentication. See  https://github.com/yt-dlp/yt-dlp/wiki/FAQ#how-do-i-pass-cookies-to-yt-dlp  for how to manually pass cookies. Also see  https://github.com/yt-dlp/yt-dlp/wiki/Extractors#exporting-youtube-cookies  for tips on effectively exporting YouTube cookies

################################

# Entry removed Wed Aug 19 07:19:08 2026
# Track:  https://youtube.com/watch?v=RO3V1V5Valk
# Reason: Error in yt-dlp while downloading media data: ERROR: unable to download video data: HTTP Error 403: Forbidden

################################

# Entry removed Wed Aug 19 07:19:10 2026
# Track:  https://youtube.com/watch?v=-lxIzlHAJTw
# Reason: Error in yt-dlp while downloading media data: ERROR: unable to download video data: HTTP Error 403: Forbidden

################################

# Entry removed Wed Aug 19 07:19:12 2026
# Track:  https://youtube.com/watch?v=TQxp1aP_IaE
# Reason: Error in yt-dlp while downloading media data: ERROR: unable to download video data: HTTP Error 403: Forbidden

################################

# Entry removed Wed Aug 19 07:19:14 2026
# Track:  https://youtube.com/watch?v=BO_Lfk-8P5c
# Reason: Error in yt-dlp while downloading media data: ERROR: unable to download video data: HTTP Error 403: Forbidden

################################

# Entry removed Wed Aug 19 07:19:16 2026
# Track:  https://youtube.com/watch?v=RQoUnnsa_xg
# Reason: Error in yt-dlp while downloading media data: ERROR: unable to download video data: HTTP Error 403: Forbidden

################################

# Entry removed Wed Aug 19 07:19:16 2026
# Track:  https://youtube.com/watch?v=CtRbEgoTqQs
# Reason: Error in yt-dlp while downloading media data: ERROR: [youtube] CtRbEgoTqQs: Video unavailable

################################

# Entry removed Wed Aug 19 07:19:18 2026
# Track:  https://youtube.com/watch?v=Iaa03itxNZ0
# Reason: Error in yt-dlp while downloading media data: ERROR: unable to download video data: HTTP Error 403: Forbidden

################################

# Entry removed Wed Aug 19 07:19:19 2026
# Track:  https://youtube.com/watch?v=xCqRYneOdIM
# Reason: Error in yt-dlp while downloading media data: ERROR: [youtube] xCqRYneOdIM: This video is unavailable

################################

# Entry removed Wed Aug 19 07:19:21 2026
# Track:  https://youtube.com/watch?v=gG_dA32oH44
# Reason: Error in yt-dlp while downloading media data: ERROR: unable to download video data: HTTP Error 403: Forbidden

################################

# Entry removed Wed Aug 19 07:19:22 2026
# Track:  https://youtube.com/watch?v=mzGwHKIYo9c
# Reason: Error in yt-dlp while downloading media data: ERROR: unable to download video data: HTTP Error 403: Forbidden

################################

# Entry removed Wed Aug 19 07:19:24 2026
# Track:  https://youtube.com/watch?v=cFIR80BZ0sM
# Reason: Error in yt-dlp while downloading media data: ERROR: unable to download video data: HTTP Error 403: Forbidden

################################

# Entry removed Wed Aug 19 07:19:25 2026
# Track:  https://youtube.com/watch?v=-sftw5k_JRs
# Reason: Error in yt-dlp while downloading media data: ERROR: [youtube] -sftw5k_JRs: This video is unavailable

################################

# Entry removed Wed Aug 19 07:19:25 2026
# Track:  https://youtube.com/watch?v=AL4Tc7jLuK4
# Reason: Error in yt-dlp while downloading media data: ERROR: [youtube] AL4Tc7jLuK4: This video is unavailable

################################

# Entry removed Wed Aug 19 07:19:27 2026
# Track:  https://youtube.com/watch?v=Zpu861-LpCE
# Reason: Error in yt-dlp while downloading media data: ERROR: unable to download video data: HTTP Error 403: Forbidden

################################

# Entry removed Wed Aug 19 07:19:27 2026
# Track:  https://youtube.com/watch?v=IIrCDAV3EgI
# Reason: Error in yt-dlp while downloading media data: ERROR: [youtube] IIrCDAV3EgI: Please sign in. Use --cookies-from-browser or --cookies for the authentication. See  https://github.com/yt-dlp/yt-dlp/wiki/FAQ#how-do-i-pass-cookies-to-yt-dlp  for how to manually pass cookies. Also see  https://github.com/yt-dlp/yt-dlp/wiki/Extractors#exporting-youtube-cookies  for tips on effectively exporting YouTube cookies

################################

# Entry removed Wed Aug 19 07:19:29 2026
# Track:  https://youtube.com/watch?v=eeKjgkveAh0
# Reason: Error in yt-dlp while downloading media data: ERROR: unable to download video data: HTTP Error 403: Forbidden

################################

# Entry removed Wed Aug 19 07:19:30 2026
# Track:  https://youtube.com/watch?v=oyveOd7jOx4
# Reason: Error in yt-dlp while downloading media data: ERROR: [youtube] oyveOd7jOx4: This video is unavailable

################################

# Entry removed Wed Aug 19 07:19:31 2026
# Track:  https://youtube.com/watch?v=o59U6zVVnkU
# Reason: Error in yt-dlp while downloading media data: ERROR: unable to download video data: HTTP Error 403: Forbidden

################################

# Entry removed Wed Aug 19 07:19:33 2026
# Track:  https://youtube.com/watch?v=ngsGBSCDwcI
# Reason: Error in yt-dlp while downloading media data: ERROR: unable to download video data: HTTP Error 403: Forbidden

################################

# Entry removed Wed Aug 19 07:19:35 2026
# Track:  https://youtube.com/watch?v=v5a0YGaVS0I
# Reason: Error in yt-dlp while downloading media data: ERROR: unable to download video data: HTTP Error 403: Forbidden

################################

# Entry removed Wed Aug 19 07:19:37 2026
# Track:  https://youtube.com/watch?v=C-x7ZJ5aMNM
# Reason: Error in yt-dlp while downloading media data: ERROR: unable to download video data: HTTP Error 403: Forbidden

################################

# Entry removed Wed Aug 19 07:19:40 2026
# Track:  https://youtube.com/watch?v=jACrmwTsi08
# Reason: Error in yt-dlp while downloading media data: ERROR: unable to download video data: HTTP Error 403: Forbidden

################################

# Entry removed Wed Aug 19 07:19:42 2026
# Track:  https://youtube.com/watch?v=PGpgdQc4e0c
# Reason: Error in yt-dlp while downloading media data: ERROR: unable to download video data: HTTP Error 403: Forbidden

################################

# Entry removed Wed Aug 19 07:19:44 2026
# Track:  https://youtube.com/watch?v=JpZ82oU_UQc
# Reason: Error in yt-dlp while downloading media data: ERROR: unable to download video data: HTTP Error 403: Forbidden

################################

# Entry removed Wed Aug 19 07:19:46 2026
# Track:  https://youtube.com/watch?v=oA7VV2z2K1o
# Reason: Error in yt-dlp while downloading media data: ERROR: unable to download video data: HTTP Error 403: Forbidden

################################

# Entry removed Wed Aug 19 07:19:46 2026
# Track:  https://youtube.com/watch?v=QMdeUooDwzs
# Reason: Error in yt-dlp while downloading media data: ERROR: [youtube] QMdeUooDwzs: This video is unavailable

################################

# Entry removed Wed Aug 19 07:19:48 2026
# Track:  https://youtube.com/watch?v=GYhDtr-HTps
# Reason: Error in yt-dlp while downloading media data: ERROR: unable to download video data: HTTP Error 403: Forbidden

################################

# Entry removed Wed Aug 19 07:19:50 2026
# Track:  https://youtube.com/watch?v=OrcVS3s5D34
# Reason: Error in yt-dlp while downloading media data: ERROR: unable to download video data: HTTP Error 403: Forbidden

################################

# Entry removed Wed Aug 19 07:19:52 2026
# Track:  https://youtube.com/watch?v=RY7S6EgSlCI
# Reason: Error in yt-dlp while downloading media data: ERROR: unable to download video data: HTTP Error 403: Forbidden

################################

# Entry removed Wed Aug 19 07:19:54 2026
# Track:  https://youtube.com/watch?v=1yfxp1NhLIs
# Reason: Error in yt-dlp while downloading media data: ERROR: unable to download video data: HTTP Error 403: Forbidden

################################

# Entry removed Wed Aug 19 07:19:55 2026
# Track:  https://youtube.com/watch?v=joNX2QJ7jto
# Reason: Error in yt-dlp while downloading media data: ERROR: unable to download video data: HTTP Error 403: Forbidden

################################

# Entry removed Wed Aug 19 07:19:56 2026
# Track:  https://youtube.com/watch?v=TZnjF8c1lEY
# Reason: Error in yt-dlp while downloading media data: ERROR: [youtube] TZnjF8c1lEY: Video unavailable

################################

# Entry removed Wed Aug 19 07:19:56 2026
# Track:  https://youtube.com/watch?v=dtYwq4aBr0E
# Reason: Error in yt-dlp while downloading media data: ERROR: [youtube] dtYwq4aBr0E: Video unavailable

################################

# Entry removed Wed Aug 19 07:19:58 2026
# Track:  https://youtube.com/watch?v=ujChUYkPvec
# Reason: Error in yt-dlp while downloading media data: ERROR: unable to download video data: HTTP Error 403: Forbidden

################################

# Entry removed Wed Aug 19 07:20:00 2026
# Track:  https://youtube.com/watch?v=oX4KTg3W3Bc
# Reason: Error in yt-dlp while downloading media data: ERROR: unable to download video data: HTTP Error 403: Forbidden

################################

# Entry removed Wed Aug 19 07:20:03 2026
# Track:  https://youtube.com/watch?v=PMbELEUfmIA
# Reason: Error in yt-dlp while downloading media data: ERROR: unable to download video data: HTTP Error 403: Forbidden

################################

# Entry removed Wed Aug 19 07:20:05 2026
# Track:  https://youtube.com/watch?v=YjRbmtrDJI4
# Reason: Error in yt-dlp while downloading media data: ERROR: unable to download video data: HTTP Error 403: Forbidden

################################

# Entry removed Wed Aug 19 07:20:07 2026
# Track:  https://youtube.com/watch?v=IrVnm66joQk
# Reason: Error in yt-dlp while downloading media data: ERROR: unable to download video data: HTTP Error 403: Forbidden

################################

# Entry removed Wed Aug 19 07:20:09 2026
# Track:  https://youtube.com/watch?v=_Ago8dP4fFA
# Reason: Error in yt-dlp while downloading media data: ERROR: unable to download video data: HTTP Error 403: Forbidden

################################

# Entry removed Wed Aug 19 07:20:11 2026
# Track:  https://youtube.com/watch?v=auLBLk4ibAk
# Reason: Error in yt-dlp while downloading media data: ERROR: unable to download video data: HTTP Error 403: Forbidden

################################

# Entry removed Wed Aug 19 07:20:11 2026
# Track:  https://youtube.com/watch?v=CXHd-nsw6XY
# Reason: Error in yt-dlp while downloading media data: ERROR: [youtube] CXHd-nsw6XY: This video is unavailable

################################

# Entry removed Wed Aug 19 07:20:13 2026
# Track:  https://youtube.com/watch?v=fnQgDgB5kbw
# Reason: Error in yt-dlp while downloading media data: ERROR: unable to download video data: HTTP Error 403: Forbidden

################################

# Entry removed Wed Aug 19 07:20:15 2026
# Track:  https://youtube.com/watch?v=p5rQHoaQpTw
# Reason: Error in yt-dlp while downloading media data: ERROR: unable to download video data: HTTP Error 403: Forbidden

################################

# Entry removed Wed Aug 19 07:20:17 2026
# Track:  https://youtube.com/watch?v=Uw1TGRj77kU
# Reason: Error in yt-dlp while downloading media data: ERROR: unable to download video data: HTTP Error 403: Forbidden

################################

# Entry removed Wed Aug 19 07:20:19 2026
# Track:  https://youtube.com/watch?v=zUFg6HvljDE
# Reason: Error in yt-dlp while downloading media data: ERROR: unable to download video data: HTTP Error 403: Forbidden

################################

# Entry removed Wed Aug 19 07:20:21 2026
# Track:  https://youtube.com/watch?v=rMbATaj7Il8
# Reason: Error in yt-dlp while downloading media data: ERROR: unable to download video data: HTTP Error 403: Forbidden

################################

# Entry removed Wed Aug 19 07:20:23 2026
# Track:  https://youtube.com/watch?v=0yQyjcpnx3g
# Reason: Error in yt-dlp while downloading media data: ERROR: unable to download video data: HTTP Error 403: Forbidden

################################

# Entry removed Wed Aug 19 07:20:25 2026
# Track:  https://youtube.com/watch?v=wUp3OhwksUM
# Reason: Error in yt-dlp while downloading media data: ERROR: unable to download video data: HTTP Error 403: Forbidden

################################

# Entry removed Wed Aug 19 07:20:27 2026
# Track:  https://youtube.com/watch?v=aeSA2kh9fhg
# Reason: Error in yt-dlp while downloading media data: ERROR: unable to download video data: HTTP Error 403: Forbidden

################################

# Entry removed Wed Aug 19 07:20:30 2026
# Track:  https://youtube.com/watch?v=T6QKqFPRZSA
# Reason: Error in yt-dlp while downloading media data: ERROR: unable to download video data: HTTP Error 403: Forbidden

################################

# Entry removed Wed Aug 19 07:20:32 2026
# Track:  https://youtube.com/watch?v=dDnwuokL07o
# Reason: Error in yt-dlp while downloading media data: ERROR: unable to download video data: HTTP Error 403: Forbidden

################################

# Entry removed Wed Aug 19 07:20:34 2026
# Track:  https://youtube.com/watch?v=m_ZDBLjicDw
# Reason: Error in yt-dlp while downloading media data: ERROR: unable to download video data: HTTP Error 403: Forbidden

################################

# Entry removed Wed Aug 19 07:20:36 2026
# Track:  https://youtube.com/watch?v=gZ11wHTS0Bk
# Reason: Error in yt-dlp while downloading media data: ERROR: unable to download video data: HTTP Error 403: Forbidden

################################

# Entry removed Wed Aug 19 07:20:38 2026
# Track:  https://youtube.com/watch?v=-iYzuc_gM9U
# Reason: Error in yt-dlp while downloading media data: ERROR: unable to download video data: HTTP Error 403: Forbidden

################################

# Entry removed Wed Aug 19 07:20:40 2026
# Track:  https://youtube.com/watch?v=WSb6HYnFT3Q
# Reason: Error in yt-dlp while downloading media data: ERROR: unable to download video data: HTTP Error 403: Forbidden

################################

# Entry removed Wed Aug 19 07:20:40 2026
# Track:  https://youtube.com/watch?v=K65gJEsqegE
# Reason: Error in yt-dlp while downloading media data: ERROR: [youtube] K65gJEsqegE: This video is unavailable

################################

# Entry removed Wed Aug 19 07:20:42 2026
# Track:  https://youtube.com/watch?v=in7CifqoM-M
# Reason: Error in yt-dlp while downloading media data: ERROR: unable to download video data: HTTP Error 403: Forbidden

################################

# Entry removed Wed Aug 19 07:20:44 2026
# Track:  https://youtube.com/watch?v=h6NCx0wcrC4
# Reason: Error in yt-dlp while downloading media data: ERROR: unable to download video data: HTTP Error 403: Forbidden

################################

# Entry removed Wed Aug 19 07:20:47 2026
# Track:  https://youtube.com/watch?v=As_4MEJUzeY
# Reason: Error in yt-dlp while downloading media data: ERROR: unable to download video data: HTTP Error 403: Forbidden

################################

# Entry removed Wed Aug 19 07:20:49 2026
# Track:  https://youtube.com/watch?v=pgQF1QznOQ8
# Reason: Error in yt-dlp while downloading media data: ERROR: unable to download video data: HTTP Error 403: Forbidden

################################

# Entry removed Wed Aug 19 07:20:49 2026
# Track:  https://youtube.com/watch?v=ojS_e7URi10
# Reason: Error in yt-dlp while downloading media data: ERROR: [youtube] ojS_e7URi10: This video is unavailable

################################

# Entry removed Wed Aug 19 07:20:51 2026
# Track:  https://youtube.com/watch?v=0LWHowDwKn4
# Reason: Error in yt-dlp while downloading media data: ERROR: unable to download video data: HTTP Error 403: Forbidden

################################

# Entry removed Wed Aug 19 07:20:53 2026
# Track:  https://youtube.com/watch?v=d7hghjDM7_I
# Reason: Error in yt-dlp while downloading media data: ERROR: unable to download video data: HTTP Error 403: Forbidden

################################

# Entry removed Wed Aug 19 07:20:54 2026
# Track:  https://youtube.com/watch?v=bFQmrye0jss
# Reason: Error in yt-dlp while downloading media data: ERROR: unable to download video data: HTTP Error 403: Forbidden

################################

# Entry removed Wed Aug 19 07:20:56 2026
# Track:  https://youtube.com/watch?v=6LPDBZXgdA0
# Reason: Error in yt-dlp while downloading media data: ERROR: unable to download video data: HTTP Error 403: Forbidden

################################

# Entry removed Wed Aug 19 07:20:58 2026
# Track:  https://youtube.com/watch?v=qEjGhOdFfYo
# Reason: Error in yt-dlp while downloading media data: ERROR: unable to download video data: HTTP Error 403: Forbidden

################################

# Entry removed Wed Aug 19 07:21:00 2026
# Track:  https://youtube.com/watch?v=4IIgzZpuv6A
# Reason: Error in yt-dlp while downloading media data: ERROR: unable to download video data: HTTP Error 403: Forbidden

################################

# Entry removed Wed Aug 19 07:21:03 2026
# Track:  https://youtube.com/watch?v=s1IrZxUYw5Q
# Reason: Error in yt-dlp while downloading media data: ERROR: unable to download video data: HTTP Error 403: Forbidden

################################

# Entry removed Wed Aug 19 07:21:05 2026
# Track:  https://youtube.com/watch?v=LWay7pPEWeg
# Reason: Error in yt-dlp while downloading media data: ERROR: unable to download video data: HTTP Error 403: Forbidden

################################

# Entry removed Wed Aug 19 07:21:07 2026
# Track:  https://youtube.com/watch?v=Gz2oHRD2pF4
# Reason: Error in yt-dlp while downloading media data: ERROR: unable to download video data: HTTP Error 403: Forbidden

################################

# Entry removed Wed Aug 19 07:21:07 2026
# Track:  https://youtube.com/watch?v=avyasO9uqfo
# Reason: Error in yt-dlp while downloading media data: ERROR: [youtube] avyasO9uqfo: Video unavailable

################################

# Entry removed Wed Aug 19 07:21:09 2026
# Track:  https://youtube.com/watch?v=3_-a9nVZYjk
# Reason: Error in yt-dlp while downloading media data: ERROR: unable to download video data: HTTP Error 403: Forbidden

################################

# Entry removed Wed Aug 19 07:21:11 2026
# Track:  https://youtube.com/watch?v=MLedibUShaY
# Reason: Error in yt-dlp while downloading media data: ERROR: unable to download video data: HTTP Error 403: Forbidden

################################

# Entry removed Wed Aug 19 07:21:13 2026
# Track:  https://youtube.com/watch?v=gDWepmUXk3w
# Reason: Error in yt-dlp while downloading media data: ERROR: unable to download video data: HTTP Error 403: Forbidden

################################

# Entry removed Wed Aug 19 07:21:13 2026
# Track:  https://youtube.com/watch?v=eLibL3JuhrA
# Reason: Error in yt-dlp while downloading media data: ERROR: [youtube] eLibL3JuhrA: This video is unavailable

################################

# Entry removed Wed Aug 19 07:21:14 2026
# Track:  https://youtube.com/watch?v=rGvR6s0yF3k
# Reason: Error in yt-dlp while downloading media data: ERROR: [youtube] rGvR6s0yF3k: Video unavailable

################################

# Entry removed Wed Aug 19 07:21:16 2026
# Track:  https://youtube.com/watch?v=UL0TTihpfxA
# Reason: Error in yt-dlp while downloading media data: ERROR: unable to download video data: HTTP Error 403: Forbidden

################################

# Entry removed Wed Aug 19 07:21:18 2026
# Track:  https://youtube.com/watch?v=US7wauHA8MI
# Reason: Error in yt-dlp while downloading media data: ERROR: unable to download video data: HTTP Error 403: Forbidden

################################

# Entry removed Wed Aug 19 07:21:20 2026
# Track:  https://youtube.com/watch?v=4dOsbsuhYGQ
# Reason: Error in yt-dlp while downloading media data: ERROR: unable to download video data: HTTP Error 403: Forbidden

################################

# Entry removed Wed Aug 19 07:21:20 2026
# Track:  https://youtube.com/watch?v=JfxM1QCtvb4
# Reason: Error in yt-dlp while downloading media data: ERROR: [youtube] JfxM1QCtvb4: Video unavailable

################################

# Entry removed Wed Aug 19 07:21:23 2026
# Track:  https://youtube.com/watch?v=afwK743PL2Y
# Reason: Error in yt-dlp while downloading media data: ERROR: unable to download video data: HTTP Error 403: Forbidden

################################

# Entry removed Wed Aug 19 07:21:25 2026
# Track:  https://youtube.com/watch?v=Zmd2nbHP5kQ
# Reason: Error in yt-dlp while downloading media data: ERROR: unable to download video data: HTTP Error 403: Forbidden

################################

# Entry removed Wed Aug 19 07:21:25 2026
# Track:  https://youtube.com/watch?v=HUAUsbbhRmc
# Reason: Error in yt-dlp while downloading media data: ERROR: [youtube] HUAUsbbhRmc: This video is unavailable

################################

# Entry removed Wed Aug 19 07:21:27 2026
# Track:  https://youtube.com/watch?v=BxmZovupVYU
# Reason: Error in yt-dlp while downloading media data: ERROR: unable to download video data: HTTP Error 403: Forbidden

################################

# Entry removed Wed Aug 19 07:21:28 2026
# Track:  https://youtube.com/watch?v=gzU0PLa9-9I
# Reason: Error in yt-dlp while downloading media data: ERROR: [youtube] gzU0PLa9-9I: This video is unavailable

################################

# Entry removed Wed Aug 19 07:21:30 2026
# Track:  https://youtube.com/watch?v=SfVBQ_0CsFo
# Reason: Error in yt-dlp while downloading media data: ERROR: unable to download video data: HTTP Error 403: Forbidden

################################

# Entry removed Wed Aug 19 07:21:32 2026
# Track:  https://youtube.com/watch?v=Ww-qVcLm97c
# Reason: Error in yt-dlp while downloading media data: ERROR: unable to download video data: HTTP Error 403: Forbidden

################################

# Entry removed Wed Aug 19 07:21:34 2026
# Track:  https://youtube.com/watch?v=x8UcxgE21kM
# Reason: Error in yt-dlp while downloading media data: ERROR: unable to download video data: HTTP Error 403: Forbidden

################################

# Entry removed Wed Aug 19 07:21:36 2026
# Track:  https://youtube.com/watch?v=4CZR50b3A9g
# Reason: Error in yt-dlp while downloading media data: ERROR: unable to download video data: HTTP Error 403: Forbidden

################################

# Entry removed Wed Aug 19 07:21:36 2026
# Track:  https://youtube.com/watch?v=2ApY1nY6IYg
# Reason: Error in yt-dlp while downloading media data: ERROR: [youtube] 2ApY1nY6IYg: This video is unavailable

################################

# Entry removed Wed Aug 19 07:21:37 2026
# Track:  https://youtube.com/watch?v=UiQcYNEFx_E
# Reason: Error in yt-dlp while downloading media data: ERROR: [youtube] UiQcYNEFx_E: Video unavailable

################################

# Entry removed Wed Aug 19 07:21:39 2026
# Track:  https://youtube.com/watch?v=gkhwK6Wlod8
# Reason: Error in yt-dlp while downloading media data: ERROR: unable to download video data: HTTP Error 403: Forbidden

################################

# Entry removed Wed Aug 19 07:21:41 2026
# Track:  https://youtube.com/watch?v=RFc-2aNZ6VY
# Reason: Error in yt-dlp while downloading media data: ERROR: unable to download video data: HTTP Error 403: Forbidden

################################

# Entry removed Wed Aug 19 07:21:43 2026
# Track:  https://youtube.com/watch?v=SM27KSKeiA4
# Reason: Error in yt-dlp while downloading media data: ERROR: unable to download video data: HTTP Error 403: Forbidden

################################

# Entry removed Wed Aug 19 07:21:44 2026
# Track:  https://youtube.com/watch?v=LrKMDRBQgaI
# Reason: Error in yt-dlp while downloading media data: ERROR: [youtube] LrKMDRBQgaI: Video unavailable

################################

# Entry removed Wed Aug 19 07:21:46 2026
# Track:  https://youtube.com/watch?v=5aQqJLHpTqw
# Reason: Error in yt-dlp while downloading media data: ERROR: unable to download video data: HTTP Error 403: Forbidden

################################

# Entry removed Wed Aug 19 07:21:47 2026
# Track:  https://youtube.com/watch?v=1SW2HlX94eg
# Reason: Error in yt-dlp while downloading media data: ERROR: [youtube] 1SW2HlX94eg: Video unavailable

################################

# Entry removed Wed Aug 19 07:22:46 2026
# Track:  https://youtube.com/watch?v=NwYlewhSkBQ
# Reason: Error in yt-dlp while downloading media data: ERROR: unable to download video data: HTTP Error 403: Forbidden

################################

# Entry removed Wed Aug 19 07:22:48 2026
# Track:  https://youtube.com/watch?v=4QTh79V696Q
# Reason: Error in yt-dlp while downloading media data: ERROR: unable to download video data: HTTP Error 403: Forbidden

################################

# Entry removed Wed Aug 19 07:22:50 2026
# Track:  https://youtube.com/watch?v=KfFBdViZHzk
# Reason: Error in yt-dlp while downloading media data: ERROR: unable to download video data: HTTP Error 403: Forbidden

################################

# Entry removed Wed Aug 19 07:22:51 2026
# Track:  https://youtube.com/watch?v=7-RlcOPNb6A
# Reason: Error in yt-dlp while downloading media data: ERROR: [youtube] 7-RlcOPNb6A: Please sign in. Use --cookies-from-browser or --cookies for the authentication. See  https://github.com/yt-dlp/yt-dlp/wiki/FAQ#how-do-i-pass-cookies-to-yt-dlp  for how to manually pass cookies. Also see  https://github.com/yt-dlp/yt-dlp/wiki/Extractors#exporting-youtube-cookies  for tips on effectively exporting YouTube cookies

################################

# Entry removed Wed Aug 19 07:22:53 2026
# Track:  https://youtube.com/watch?v=wqAYMZSOQao
# Reason: Error in yt-dlp while downloading media data: ERROR: unable to download video data: HTTP Error 403: Forbidden

################################

# Entry removed Wed Aug 19 07:22:55 2026
# Track:  https://youtube.com/watch?v=_-NcLHvn2I0
# Reason: Error in yt-dlp while downloading media data: ERROR: unable to download video data: HTTP Error 403: Forbidden

################################

# Entry removed Wed Aug 19 07:22:57 2026
# Track:  https://youtube.com/watch?v=FQ2yXWi0ppw
# Reason: Error in yt-dlp while downloading media data: ERROR: unable to download video data: HTTP Error 403: Forbidden

################################

# Entry removed Wed Aug 19 07:22:59 2026
# Track:  https://youtube.com/watch?v=p4nhRyDZX90
# Reason: Error in yt-dlp while downloading media data: ERROR: unable to download video data: HTTP Error 403: Forbidden

################################

# Entry removed Wed Aug 19 07:23:01 2026
# Track:  https://youtube.com/watch?v=vmDDOFXSgAs
# Reason: Error in yt-dlp while downloading media data: ERROR: unable to download video data: HTTP Error 403: Forbidden

################################

# Entry removed Wed Aug 19 07:23:03 2026
# Track:  https://youtube.com/watch?v=GaxEm9MPlzM
# Reason: Error in yt-dlp while downloading media data: ERROR: unable to download video data: HTTP Error 403: Forbidden

################################

# Entry removed Wed Aug 19 07:23:05 2026
# Track:  https://youtube.com/watch?v=DeOnsIBXtz8
# Reason: Error in yt-dlp while downloading media data: ERROR: unable to download video data: HTTP Error 403: Forbidden

################################

# Entry removed Wed Aug 19 07:23:05 2026
# Track:  https://youtube.com/watch?v=6NzD7zLww2A
# Reason: Error in yt-dlp while downloading media data: ERROR: [youtube] 6NzD7zLww2A: This video has been removed for violating YouTube's Terms of Service

################################

# Entry removed Wed Aug 19 07:23:07 2026
# Track:  https://youtube.com/watch?v=9EgLB1_FXqg
# Reason: Error in yt-dlp while downloading media data: ERROR: unable to download video data: HTTP Error 403: Forbidden

################################

# Entry removed Wed Aug 19 07:23:09 2026
# Track:  https://youtube.com/watch?v=CbxuXq_981s
# Reason: Error in yt-dlp while downloading media data: ERROR: unable to download video data: HTTP Error 403: Forbidden

################################

# Entry removed Wed Aug 19 07:23:10 2026
# Track:  https://youtube.com/watch?v=_H1ktl3onMQ
# Reason: Error in yt-dlp while downloading media data: ERROR: [youtube] _H1ktl3onMQ: This video is unavailable

################################

# Entry removed Wed Aug 19 07:23:12 2026
# Track:  https://youtube.com/watch?v=yK0P1Bk8Cx4
# Reason: Error in yt-dlp while downloading media data: ERROR: unable to download video data: HTTP Error 403: Forbidden

################################

# Entry removed Wed Aug 19 07:23:14 2026
# Track:  https://youtube.com/watch?v=vBdnfyfBSKg
# Reason: Error in yt-dlp while downloading media data: ERROR: unable to download video data: HTTP Error 403: Forbidden

################################

# Entry removed Wed Aug 19 07:23:16 2026
# Track:  https://youtube.com/watch?v=vxOewDbARxk
# Reason: Error in yt-dlp while downloading media data: ERROR: unable to download video data: HTTP Error 403: Forbidden

################################

# Entry removed Wed Aug 19 07:23:18 2026
# Track:  https://youtube.com/watch?v=m3T9JgHLIAk
# Reason: Error in yt-dlp while downloading media data: ERROR: unable to download video data: HTTP Error 403: Forbidden

################################

# Entry removed Wed Aug 19 07:23:20 2026
# Track:  https://youtube.com/watch?v=St6bhwx7WDo
# Reason: Error in yt-dlp while downloading media data: ERROR: unable to download video data: HTTP Error 403: Forbidden

################################

# Entry removed Wed Aug 19 07:23:22 2026
# Track:  https://youtube.com/watch?v=hxcmik9Rs40
# Reason: Error in yt-dlp while downloading media data: ERROR: unable to download video data: HTTP Error 403: Forbidden

################################

# Entry removed Wed Aug 19 07:23:23 2026
# Track:  https://youtube.com/watch?v=kLoskF32tCU
# Reason: Error in yt-dlp while downloading media data: ERROR: unable to download video data: HTTP Error 403: Forbidden

################################

# Entry removed Wed Aug 19 07:23:24 2026
# Track:  https://youtube.com/watch?v=x_P5smsopK0
# Reason: Error in yt-dlp while downloading media data: ERROR: [youtube] x_P5smsopK0: Video unavailable

################################

# Entry removed Wed Aug 19 07:23:26 2026
# Track:  https://youtube.com/watch?v=YBlrSdfUgPI
# Reason: Error in yt-dlp while downloading media data: ERROR: unable to download video data: HTTP Error 403: Forbidden

################################

# Entry removed Wed Aug 19 07:23:28 2026
# Track:  https://youtube.com/watch?v=ngKBxTFplLg
# Reason: Error in yt-dlp while downloading media data: ERROR: unable to download video data: HTTP Error 403: Forbidden

################################

# Entry removed Wed Aug 19 07:23:30 2026
# Track:  https://youtube.com/watch?v=71rSc6LXlSo
# Reason: Error in yt-dlp while downloading media data: ERROR: unable to download video data: HTTP Error 403: Forbidden

################################

# Entry removed Wed Aug 19 07:23:32 2026
# Track:  https://youtube.com/watch?v=1MCGweQ8Oso
# Reason: Error in yt-dlp while downloading media data: ERROR: unable to download video data: HTTP Error 403: Forbidden

################################

# Entry removed Wed Aug 19 07:23:33 2026
# Track:  https://youtube.com/watch?v=8nBgXXHvKHU
# Reason: Error in yt-dlp while downloading media data: ERROR: unable to download video data: HTTP Error 403: Forbidden

################################

# Entry removed Wed Aug 19 07:23:36 2026
# Track:  https://youtube.com/watch?v=tNG62fULYgI
# Reason: Error in yt-dlp while downloading media data: ERROR: unable to download video data: HTTP Error 403: Forbidden

################################

# Entry removed Wed Aug 19 07:23:38 2026
# Track:  https://youtube.com/watch?v=fvJzCdgB3Tc
# Reason: Error in yt-dlp while downloading media data: ERROR: unable to download video data: HTTP Error 403: Forbidden

################################

# Entry removed Wed Aug 19 07:23:40 2026
# Track:  https://youtube.com/watch?v=nEVDZl5UvN4
# Reason: Error in yt-dlp while downloading media data: ERROR: unable to download video data: HTTP Error 403: Forbidden

################################

# Entry removed Wed Aug 19 07:23:42 2026
# Track:  https://youtube.com/watch?v=QsLAm_nrSyY
# Reason: Error in yt-dlp while downloading media data: ERROR: unable to download video data: HTTP Error 403: Forbidden

################################

# Entry removed Wed Aug 19 07:23:44 2026
# Track:  https://youtube.com/watch?v=EnDBauPSjLI
# Reason: Error in yt-dlp while downloading media data: ERROR: unable to download video data: HTTP Error 403: Forbidden

################################

# Entry removed Wed Aug 19 07:23:46 2026
# Track:  https://youtube.com/watch?v=3Ji17cLVsUU
# Reason: Error in yt-dlp while downloading media data: ERROR: unable to download video data: HTTP Error 403: Forbidden

################################

# Entry removed Wed Aug 19 07:23:48 2026
# Track:  https://youtube.com/watch?v=lrzd6R0PyoM
# Reason: Error in yt-dlp while downloading media data: ERROR: unable to download video data: HTTP Error 403: Forbidden

################################

# Entry removed Wed Aug 19 07:23:50 2026
# Track:  https://youtube.com/watch?v=Q-Yp9AlifJg
# Reason: Error in yt-dlp while downloading media data: ERROR: unable to download video data: HTTP Error 403: Forbidden

################################

# Entry removed Wed Aug 19 07:23:52 2026
# Track:  https://youtube.com/watch?v=UvVuEEPM3j0
# Reason: Error in yt-dlp while downloading media data: ERROR: unable to download video data: HTTP Error 403: Forbidden

################################

# Entry removed Wed Aug 19 07:23:54 2026
# Track:  https://youtube.com/watch?v=WK1OFAiCg9g
# Reason: Error in yt-dlp while downloading media data: ERROR: unable to download video data: HTTP Error 403: Forbidden

################################

# Entry removed Wed Aug 19 07:23:56 2026
# Track:  https://youtube.com/watch?v=3jkb1dN3Ot8
# Reason: Error in yt-dlp while downloading media data: ERROR: unable to download video data: HTTP Error 403: Forbidden

################################

# Entry removed Wed Aug 19 07:23:58 2026
# Track:  https://youtube.com/watch?v=Wfsm9VrVsco
# Reason: Error in yt-dlp while downloading media data: ERROR: unable to download video data: HTTP Error 403: Forbidden

################################

# Entry removed Wed Aug 19 07:24:00 2026
# Track:  https://youtube.com/watch?v=36PSBsiSszw
# Reason: Error in yt-dlp while downloading media data: ERROR: unable to download video data: HTTP Error 403: Forbidden

################################

# Entry removed Wed Aug 19 07:24:00 2026
# Track:  https://youtube.com/watch?v=TY-mhdPdtq0
# Reason: Error in yt-dlp while downloading media data: ERROR: [youtube] TY-mhdPdtq0: This video is unavailable

################################

# Entry removed Wed Aug 19 07:24:02 2026
# Track:  https://youtube.com/watch?v=wdCJRybAtso
# Reason: Error in yt-dlp while downloading media data: ERROR: unable to download video data: HTTP Error 403: Forbidden

################################

# Entry removed Wed Aug 19 07:24:04 2026
# Track:  https://youtube.com/watch?v=5DccN_SId6A
# Reason: Error in yt-dlp while downloading media data: ERROR: unable to download video data: HTTP Error 403: Forbidden

################################

# Entry removed Wed Aug 19 07:24:06 2026
# Track:  https://youtube.com/watch?v=htgr3pvBr-I
# Reason: Error in yt-dlp while downloading media data: ERROR: unable to download video data: HTTP Error 403: Forbidden

################################

# Entry removed Wed Aug 19 07:24:08 2026
# Track:  https://youtube.com/watch?v=nq9j1qkj2Vc
# Reason: Error in yt-dlp while downloading media data: ERROR: unable to download video data: HTTP Error 403: Forbidden

################################

# Entry removed Wed Aug 19 07:24:10 2026
# Track:  https://youtube.com/watch?v=RnDwKSAp-Qs
# Reason: Error in yt-dlp while downloading media data: ERROR: unable to download video data: HTTP Error 403: Forbidden

################################

# Entry removed Wed Aug 19 07:24:10 2026
# Track:  https://youtube.com/watch?v=J4X5folutT8
# Reason: Error in yt-dlp while downloading media data: ERROR: [youtube] J4X5folutT8: This video is unavailable

################################

# Entry removed Wed Aug 19 07:24:12 2026
# Track:  https://youtube.com/watch?v=ddQpf8m4ij0
# Reason: Error in yt-dlp while downloading media data: ERROR: unable to download video data: HTTP Error 403: Forbidden

################################

# Entry removed Wed Aug 19 07:24:12 2026
# Track:  https://youtube.com/watch?v=vpEwKz6YCEs
# Reason: Error in yt-dlp while downloading media data: ERROR: [youtube] vpEwKz6YCEs: Video unavailable

################################

# Entry removed Wed Aug 19 07:24:13 2026
# Track:  https://youtube.com/watch?v=jFi2ZM_7FnM
# Reason: Error in yt-dlp while downloading media data: ERROR: [youtube] jFi2ZM_7FnM: Please sign in. Use --cookies-from-browser or --cookies for the authentication. See  https://github.com/yt-dlp/yt-dlp/wiki/FAQ#how-do-i-pass-cookies-to-yt-dlp  for how to manually pass cookies. Also see  https://github.com/yt-dlp/yt-dlp/wiki/Extractors#exporting-youtube-cookies  for tips on effectively exporting YouTube cookies

################################

# Entry removed Wed Aug 19 07:24:13 2026
# Track:  https://youtube.com/watch?v=46Cfrl7hMoQ
# Reason: Error in yt-dlp while downloading media data: ERROR: [youtube] 46Cfrl7hMoQ: Video unavailable

################################

# Entry removed Wed Aug 19 07:24:13 2026
# Track:  https://youtube.com/watch?v=FB2P1oaP-gk
# Reason: Error in yt-dlp while downloading media data: ERROR: [youtube] FB2P1oaP-gk: Please sign in. Use --cookies-from-browser or --cookies for the authentication. See  https://github.com/yt-dlp/yt-dlp/wiki/FAQ#how-do-i-pass-cookies-to-yt-dlp  for how to manually pass cookies. Also see  https://github.com/yt-dlp/yt-dlp/wiki/Extractors#exporting-youtube-cookies  for tips on effectively exporting YouTube cookies

################################

# Entry removed Wed Aug 19 07:24:16 2026
# Track:  https://youtube.com/watch?v=P2LDMT7DsJ8
# Reason: Error in yt-dlp while downloading media data: ERROR: unable to download video data: HTTP Error 403: Forbidden

################################

# Entry removed Wed Aug 19 07:24:16 2026
# Track:  https://youtube.com/watch?v=hGdU7vPWPMc
# Reason: Error in yt-dlp while downloading media data: ERROR: [youtube] hGdU7vPWPMc: This video is unavailable

################################

# Entry removed Wed Aug 19 07:24:18 2026
# Track:  https://youtube.com/watch?v=tczU6OWoUkI
# Reason: Error in yt-dlp while downloading media data: ERROR: unable to download video data: HTTP Error 403: Forbidden

################################

# Entry removed Wed Aug 19 07:24:18 2026
# Track:  https://youtube.com/watch?v=Sx3kpa51EyY
# Reason: Error in yt-dlp while downloading media data: ERROR: [youtube] Sx3kpa51EyY: Please sign in. Use --cookies-from-browser or --cookies for the authentication. See  https://github.com/yt-dlp/yt-dlp/wiki/FAQ#how-do-i-pass-cookies-to-yt-dlp  for how to manually pass cookies. Also see  https://github.com/yt-dlp/yt-dlp/wiki/Extractors#exporting-youtube-cookies  for tips on effectively exporting YouTube cookies

################################

# Entry removed Wed Aug 19 07:24:18 2026
# Track:  https://youtube.com/watch?v=PygdDdJ0IRY
# Reason: Error in yt-dlp while downloading media data: ERROR: [youtube] PygdDdJ0IRY: This video is unavailable

################################

# Entry removed Wed Aug 19 07:24:18 2026
# Track:  https://youtube.com/watch?v=5eSzsJKn8FM
# Reason: Error in yt-dlp while downloading media data: ERROR: [youtube] 5eSzsJKn8FM: This video is unavailable

################################

# Entry removed Wed Aug 19 07:24:20 2026
# Track:  https://youtube.com/watch?v=Obx3e7MfEaI
# Reason: Error in yt-dlp while downloading media data: ERROR: unable to download video data: HTTP Error 403: Forbidden

################################

# Entry removed Wed Aug 19 07:24:22 2026
# Track:  https://youtube.com/watch?v=8Tj3-bmDnS8
# Reason: Error in yt-dlp while downloading media data: ERROR: unable to download video data: HTTP Error 403: Forbidden

################################

# Entry removed Wed Aug 19 07:24:24 2026
# Track:  https://youtube.com/watch?v=zGERGT06AsM
# Reason: Error in yt-dlp while downloading media data: ERROR: unable to download video data: HTTP Error 403: Forbidden

################################

# Entry removed Wed Aug 19 07:24:25 2026
# Track:  https://youtube.com/watch?v=3x5eFVWfcVA
# Reason: Error in yt-dlp while downloading media data: ERROR: [youtube] 3x5eFVWfcVA: Video unavailable

################################

# Entry removed Wed Aug 19 07:24:25 2026
# Track:  https://youtube.com/watch?v=9xx69FxiZrc
# Reason: Error in yt-dlp while downloading media data: ERROR: [youtube] 9xx69FxiZrc: This video is unavailable

################################

# Entry removed Wed Aug 19 07:24:27 2026
# Track:  https://youtube.com/watch?v=I7e-65ziIe0
# Reason: Error in yt-dlp while downloading media data: ERROR: unable to download video data: HTTP Error 403: Forbidden

################################

# Entry removed Wed Aug 19 07:24:29 2026
# Track:  https://youtube.com/watch?v=e_aioZQA3kk
# Reason: Error in yt-dlp while downloading media data: ERROR: unable to download video data: HTTP Error 403: Forbidden

################################

# Entry removed Wed Aug 19 07:24:32 2026
# Track:  https://youtube.com/watch?v=QdGD3Ukb3Q0
# Reason: Error in yt-dlp while downloading media data: ERROR: unable to download video data: HTTP Error 403: Forbidden

################################

# Entry removed Wed Aug 19 07:24:32 2026
# Track:  https://youtube.com/watch?v=eUSYlOTP2_k
# Reason: Error in yt-dlp while downloading media data: ERROR: [youtube] eUSYlOTP2_k: This video is unavailable

################################

# Entry removed Wed Aug 19 07:24:34 2026
# Track:  https://youtube.com/watch?v=z-UJoY5WP5s
# Reason: Error in yt-dlp while downloading media data: ERROR: unable to download video data: HTTP Error 403: Forbidden

################################

# Entry removed Wed Aug 19 07:24:36 2026
# Track:  https://youtube.com/watch?v=eFTLKWw542g
# Reason: Error in yt-dlp while downloading media data: ERROR: unable to download video data: HTTP Error 403: Forbidden

################################

# Entry removed Wed Aug 19 07:24:38 2026
# Track:  https://youtube.com/watch?v=IQaM-SqDqSY
# Reason: Error in yt-dlp while downloading media data: ERROR: unable to download video data: HTTP Error 403: Forbidden

################################

# Entry removed Wed Aug 19 07:24:40 2026
# Track:  https://youtube.com/watch?v=0Uc3ZrmhDN4
# Reason: Error in yt-dlp while downloading media data: ERROR: unable to download video data: HTTP Error 403: Forbidden

################################

# Entry removed Wed Aug 19 07:24:40 2026
# Track:  https://youtube.com/watch?v=LAoZSikvqz8
# Reason: Error in yt-dlp while downloading media data: ERROR: [youtube] LAoZSikvqz8: This video is unavailable

################################

# Entry removed Wed Aug 19 07:24:42 2026
# Track:  https://youtube.com/watch?v=QrV61ATP3Ec
# Reason: Error in yt-dlp while downloading media data: ERROR: unable to download video data: HTTP Error 403: Forbidden

################################

# Entry removed Wed Aug 19 07:24:44 2026
# Track:  https://youtube.com/watch?v=F41lj80297E
# Reason: Error in yt-dlp while downloading media data: ERROR: unable to download video data: HTTP Error 403: Forbidden

################################

# Entry removed Wed Aug 19 07:24:46 2026
# Track:  https://youtube.com/watch?v=rKtqLZQaszE
# Reason: Error in yt-dlp while downloading media data: ERROR: [youtube] rKtqLZQaszE: Sign in to confirm your age. Use --cookies-from-browser or --cookies for the authentication. See  https://github.com/yt-dlp/yt-dlp/wiki/FAQ#how-do-i-pass-cookies-to-yt-dlp  for how to manually pass cookies. Also see  https://github.com/yt-dlp/yt-dlp/wiki/Extractors#exporting-youtube-cookies  for tips on effectively exporting YouTube cookies

################################

# Entry removed Wed Aug 19 07:24:46 2026
# Track:  https://youtube.com/watch?v=heDGwljdmvM
# Reason: Error in yt-dlp while downloading media data: ERROR: [youtube] heDGwljdmvM: This content isn't available, try again later. The current session has been rate-limited by YouTube for up to an hour. It is recommended to use `-t sleep` to add a delay between video requests to avoid exceeding the rate limit. For more information, refer to  https://github.com/yt-dlp/yt-dlp/wiki/Extractors#this-content-isnt-available-try-again-later

################################

# Entry removed Wed Aug 19 07:24:47 2026
# Track:  https://youtube.com/watch?v=_eaIurlPB7w
# Reason: Error in yt-dlp while downloading media data: ERROR: [youtube] _eaIurlPB7w: This content isn't available, try again later. The current session has been rate-limited by YouTube for up to an hour. It is recommended to use `-t sleep` to add a delay between video requests to avoid exceeding the rate limit. For more information, refer to  https://github.com/yt-dlp/yt-dlp/wiki/Extractors#this-content-isnt-available-try-again-later

################################

# Entry removed Wed Aug 19 07:24:48 2026
# Track:  https://youtube.com/watch?v=E5s6jcuw6NM
# Reason: Error in yt-dlp while downloading media data: ERROR: [youtube] E5s6jcuw6NM: Video unavailable

################################

# Entry removed Wed Aug 19 07:24:49 2026
# Track:  https://youtube.com/watch?v=pisxxUpS7o8
# Reason: Error in yt-dlp while downloading media data: ERROR: [youtube] pisxxUpS7o8: This content isn't available, try again later. The current session has been rate-limited by YouTube for up to an hour. It is recommended to use `-t sleep` to add a delay between video requests to avoid exceeding the rate limit. For more information, refer to  https://github.com/yt-dlp/yt-dlp/wiki/Extractors#this-content-isnt-available-try-again-later

################################

# Entry removed Wed Aug 19 07:24:50 2026
# Track:  https://youtube.com/watch?v=c2orBsXp4HM
# Reason: Error in yt-dlp while downloading media data: ERROR: [youtube] c2orBsXp4HM: Video unavailable

################################

# Entry removed Wed Aug 19 07:24:51 2026
# Track:  https://youtube.com/watch?v=UcGvCE0nGG4
# Reason: Error in yt-dlp while downloading media data: ERROR: [youtube] UcGvCE0nGG4: This content isn't available, try again later. The current session has been rate-limited by YouTube for up to an hour. It is recommended to use `-t sleep` to add a delay between video requests to avoid exceeding the rate limit. For more information, refer to  https://github.com/yt-dlp/yt-dlp/wiki/Extractors#this-content-isnt-available-try-again-later

################################

# Entry removed Wed Aug 19 07:24:52 2026
# Track:  https://youtube.com/watch?v=0b_9VQcnQZY
# Reason: Error in yt-dlp while downloading media data: ERROR: [youtube] 0b_9VQcnQZY: This content isn't available, try again later. The current session has been rate-limited by YouTube for up to an hour. It is recommended to use `-t sleep` to add a delay between video requests to avoid exceeding the rate limit. For more information, refer to  https://github.com/yt-dlp/yt-dlp/wiki/Extractors#this-content-isnt-available-try-again-later

################################

# Entry removed Wed Aug 19 07:24:53 2026
# Track:  https://youtube.com/watch?v=e6zqnVo4ArQ
# Reason: Error in yt-dlp while downloading media data: ERROR: [youtube] e6zqnVo4ArQ: Video unavailable

################################

# Entry removed Wed Aug 19 07:24:54 2026
# Track:  https://youtube.com/watch?v=kMHFn4Ra7uk
# Reason: Error in yt-dlp while downloading media data: ERROR: [youtube] kMHFn4Ra7uk: Video unavailable

################################

# Entry removed Wed Aug 19 07:24:55 2026
# Track:  https://youtube.com/watch?v=aDlNMawir4o
# Reason: Error in yt-dlp while downloading media data: ERROR: [youtube] aDlNMawir4o: This content isn't available, try again later. The current session has been rate-limited by YouTube for up to an hour. It is recommended to use `-t sleep` to add a delay between video requests to avoid exceeding the rate limit. For more information, refer to  https://github.com/yt-dlp/yt-dlp/wiki/Extractors#this-content-isnt-available-try-again-later

################################

# Entry removed Wed Aug 19 07:24:55 2026
# Track:  https://youtube.com/watch?v=sPbi1YWjox4
# Reason: Error in yt-dlp while downloading media data: ERROR: [youtube] sPbi1YWjox4: Please sign in. Use --cookies-from-browser or --cookies for the authentication. See  https://github.com/yt-dlp/yt-dlp/wiki/FAQ#how-do-i-pass-cookies-to-yt-dlp  for how to manually pass cookies. Also see  https://github.com/yt-dlp/yt-dlp/wiki/Extractors#exporting-youtube-cookies  for tips on effectively exporting YouTube cookies

################################

# Entry removed Wed Aug 19 07:24:56 2026
# Track:  https://youtube.com/watch?v=tD3IVvPJUYs
# Reason: Error in yt-dlp while downloading media data: ERROR: [youtube] tD3IVvPJUYs: This content isn't available, try again later. The current session has been rate-limited by YouTube for up to an hour. It is recommended to use `-t sleep` to add a delay between video requests to avoid exceeding the rate limit. For more information, refer to  https://github.com/yt-dlp/yt-dlp/wiki/Extractors#this-content-isnt-available-try-again-later

################################

# Entry removed Wed Aug 19 07:24:57 2026
# Track:  https://youtube.com/watch?v=2DfYLar2QGI
# Reason: Error in yt-dlp while downloading media data: ERROR: [youtube] 2DfYLar2QGI: Video unavailable

################################

# Entry removed Wed Aug 19 07:24:57 2026
# Track:  https://youtube.com/watch?v=ptdDbLKDHwo
# Reason: Error in yt-dlp while downloading media data: ERROR: [youtube] ptdDbLKDHwo: This video is unavailable

################################

# Entry removed Wed Aug 19 07:24:58 2026
# Track:  https://youtube.com/watch?v=g-jsW61e_-w
# Reason: Error in yt-dlp while downloading media data: ERROR: [youtube] g-jsW61e_-w: Video unavailable

################################

# Entry removed Wed Aug 19 07:24:59 2026
# Track:  https://youtube.com/watch?v=3gmmi2SvMMk
# Reason: Error in yt-dlp while downloading media data: ERROR: [youtube] 3gmmi2SvMMk: Video unavailable

################################

# Entry removed Wed Aug 19 07:24:59 2026
# Track:  https://youtube.com/watch?v=DohRa9lsx0Q
# Reason: Error in yt-dlp while downloading media data: ERROR: [youtube] DohRa9lsx0Q: This video is unavailable

################################

# Entry removed Wed Aug 19 07:25:00 2026
# Track:  https://youtube.com/watch?v=8_DqQ7CuCuQ
# Reason: Error in yt-dlp while downloading media data: ERROR: [youtube] 8_DqQ7CuCuQ: This content isn't available, try again later. The current session has been rate-limited by YouTube for up to an hour. It is recommended to use `-t sleep` to add a delay between video requests to avoid exceeding the rate limit. For more information, refer to  https://github.com/yt-dlp/yt-dlp/wiki/Extractors#this-content-isnt-available-try-again-later

################################

# Entry removed Wed Aug 19 07:25:01 2026
# Track:  https://youtube.com/watch?v=TJJgWAqTHMU
# Reason: Error in yt-dlp while downloading media data: ERROR: [youtube] TJJgWAqTHMU: This content isn't available, try again later. The current session has been rate-limited by YouTube for up to an hour. It is recommended to use `-t sleep` to add a delay between video requests to avoid exceeding the rate limit. For more information, refer to  https://github.com/yt-dlp/yt-dlp/wiki/Extractors#this-content-isnt-available-try-again-later

################################

# Entry removed Wed Aug 19 07:25:01 2026
# Track:  https://youtube.com/watch?v=yHMuIDpL6KM
# Reason: Error in yt-dlp while downloading media data: ERROR: [youtube] yHMuIDpL6KM: Video unavailable

################################

# Entry removed Wed Aug 19 07:25:02 2026
# Track:  https://youtube.com/watch?v=tfpVib0ji54
# Reason: Error in yt-dlp while downloading media data: ERROR: [youtube] tfpVib0ji54: Video unavailable

################################

# Entry removed Wed Aug 19 07:25:03 2026
# Track:  https://youtube.com/watch?v=_rHuitW9xDc
# Reason: Error in yt-dlp while downloading media data: ERROR: [youtube] _rHuitW9xDc: This content isn't available, try again later. The current session has been rate-limited by YouTube for up to an hour. It is recommended to use `-t sleep` to add a delay between video requests to avoid exceeding the rate limit. For more information, refer to  https://github.com/yt-dlp/yt-dlp/wiki/Extractors#this-content-isnt-available-try-again-later

################################

# Entry removed Wed Aug 19 07:25:04 2026
# Track:  https://youtube.com/watch?v=KX_iUXGk0js
# Reason: Error in yt-dlp while downloading media data: ERROR: [youtube] KX_iUXGk0js: This content isn't available, try again later. The current session has been rate-limited by YouTube for up to an hour. It is recommended to use `-t sleep` to add a delay between video requests to avoid exceeding the rate limit. For more information, refer to  https://github.com/yt-dlp/yt-dlp/wiki/Extractors#this-content-isnt-available-try-again-later

################################

# Entry removed Wed Aug 19 07:25:05 2026
# Track:  https://youtube.com/watch?v=NK2FqPNIT_U
# Reason: Error in yt-dlp while downloading media data: ERROR: [youtube] NK2FqPNIT_U: This content isn't available, try again later. The current session has been rate-limited by YouTube for up to an hour. It is recommended to use `-t sleep` to add a delay between video requests to avoid exceeding the rate limit. For more information, refer to  https://github.com/yt-dlp/yt-dlp/wiki/Extractors#this-content-isnt-available-try-again-later

################################

# Entry removed Wed Aug 19 07:25:06 2026
# Track:  https://youtube.com/watch?v=-w2m-TeLi6I
# Reason: Error in yt-dlp while downloading media data: ERROR: [youtube] -w2m-TeLi6I: Video unavailable

################################

# Entry removed Wed Aug 19 07:25:07 2026
# Track:  https://youtube.com/watch?v=pR30knJs4Xk
# Reason: Error in yt-dlp while downloading media data: ERROR: [youtube] pR30knJs4Xk: Video unavailable

################################

# Entry removed Wed Aug 19 07:25:08 2026
# Track:  https://youtube.com/watch?v=hImf920RCGI
# Reason: Error in yt-dlp while downloading media data: ERROR: [youtube] hImf920RCGI: This content isn't available, try again later. The current session has been rate-limited by YouTube for up to an hour. It is recommended to use `-t sleep` to add a delay between video requests to avoid exceeding the rate limit. For more information, refer to  https://github.com/yt-dlp/yt-dlp/wiki/Extractors#this-content-isnt-available-try-again-later

################################

# Entry removed Wed Aug 19 07:25:09 2026
# Track:  https://youtube.com/watch?v=a59gmGkq_pw
# Reason: Error in yt-dlp while downloading media data: ERROR: [youtube] a59gmGkq_pw: Video unavailable

################################

# Entry removed Wed Aug 19 07:25:10 2026
# Track:  https://youtube.com/watch?v=yzsWc5mYWGI
# Reason: Error in yt-dlp while downloading media data: ERROR: [youtube] yzsWc5mYWGI: Video unavailable

################################

# Entry removed Wed Aug 19 07:25:11 2026
# Track:  https://youtube.com/watch?v=TErySTMbFlk
# Reason: Error in yt-dlp while downloading media data: ERROR: [youtube] TErySTMbFlk: Video unavailable

################################

# Entry removed Wed Aug 19 07:25:12 2026
# Track:  https://youtube.com/watch?v=ltGltaUs_S4
# Reason: Error in yt-dlp while downloading media data: ERROR: [youtube] ltGltaUs_S4: Video unavailable

################################

# Entry removed Wed Aug 19 07:25:12 2026
# Track:  https://youtube.com/watch?v=opXvrMQEXUk
# Reason: Error in yt-dlp while downloading media data: ERROR: [youtube] opXvrMQEXUk: Video unavailable

################################

# Entry removed Wed Aug 19 07:25:13 2026
# Track:  https://youtube.com/watch?v=njckdova0bY
# Reason: Error in yt-dlp while downloading media data: ERROR: [youtube] njckdova0bY: Video unavailable

################################

# Entry removed Wed Aug 19 07:25:14 2026
# Track:  https://youtube.com/watch?v=x7bIbVlIqEc
# Reason: Error in yt-dlp while downloading media data: ERROR: [youtube] x7bIbVlIqEc: Video unavailable

################################

# Entry removed Wed Aug 19 07:25:15 2026
# Track:  https://youtube.com/watch?v=7_VR3trN82M
# Reason: Error in yt-dlp while downloading media data: ERROR: [youtube] 7_VR3trN82M: Video unavailable

################################

# Entry removed Wed Aug 19 07:25:16 2026
# Track:  https://youtube.com/watch?v=2Y5J3VUC9qM
# Reason: Error in yt-dlp while downloading media data: ERROR: [youtube] 2Y5J3VUC9qM: This content isn't available, try again later. The current session has been rate-limited by YouTube for up to an hour. It is recommended to use `-t sleep` to add a delay between video requests to avoid exceeding the rate limit. For more information, refer to  https://github.com/yt-dlp/yt-dlp/wiki/Extractors#this-content-isnt-available-try-again-later

################################

# Entry removed Wed Aug 19 07:25:17 2026
# Track:  https://youtube.com/watch?v=3tthIHXUsPs
# Reason: Error in yt-dlp while downloading media data: ERROR: [youtube] 3tthIHXUsPs: Video unavailable

################################

# Entry removed Wed Aug 19 07:25:18 2026
# Track:  https://youtube.com/watch?v=nedAfpJV53w
# Reason: Error in yt-dlp while downloading media data: ERROR: [youtube] nedAfpJV53w: This content isn't available, try again later. The current session has been rate-limited by YouTube for up to an hour. It is recommended to use `-t sleep` to add a delay between video requests to avoid exceeding the rate limit. For more information, refer to  https://github.com/yt-dlp/yt-dlp/wiki/Extractors#this-content-isnt-available-try-again-later

################################

# Entry removed Wed Aug 19 07:25:18 2026
# Track:  https://youtube.com/watch?v=izMEU4orFBU
# Reason: Error in yt-dlp while downloading media data: ERROR: [youtube] izMEU4orFBU: This content isn't available, try again later. The current session has been rate-limited by YouTube for up to an hour. It is recommended to use `-t sleep` to add a delay between video requests to avoid exceeding the rate limit. For more information, refer to  https://github.com/yt-dlp/yt-dlp/wiki/Extractors#this-content-isnt-available-try-again-later

################################

# Entry removed Wed Aug 19 07:25:19 2026
# Track:  https://youtube.com/watch?v=BQYXn1DP38s
# Reason: Error in yt-dlp while downloading media data: ERROR: [youtube] BQYXn1DP38s: This video is unavailable

################################

# Entry removed Wed Aug 19 07:25:20 2026
# Track:  https://youtube.com/watch?v=yRDmUeM4PQI
# Reason: Error in yt-dlp while downloading media data: ERROR: [youtube] yRDmUeM4PQI: Video unavailable

################################

# Entry removed Wed Aug 19 07:25:21 2026
# Track:  https://youtube.com/watch?v=IZr6AE-u2UM
# Reason: Error in yt-dlp while downloading media data: ERROR: [youtube] IZr6AE-u2UM: This content isn't available, try again later. The current session has been rate-limited by YouTube for up to an hour. It is recommended to use `-t sleep` to add a delay between video requests to avoid exceeding the rate limit. For more information, refer to  https://github.com/yt-dlp/yt-dlp/wiki/Extractors#this-content-isnt-available-try-again-later

################################

# Entry removed Wed Aug 19 07:25:22 2026
# Track:  https://youtube.com/watch?v=0mOqIsnqSqM
# Reason: Error in yt-dlp while downloading media data: ERROR: [youtube] 0mOqIsnqSqM: This content isn't available, try again later. The current session has been rate-limited by YouTube for up to an hour. It is recommended to use `-t sleep` to add a delay between video requests to avoid exceeding the rate limit. For more information, refer to  https://github.com/yt-dlp/yt-dlp/wiki/Extractors#this-content-isnt-available-try-again-later

################################

# Entry removed Wed Aug 19 07:25:22 2026
# Track:  https://youtube.com/watch?v=DLokeU1Ck-Q
# Reason: Error in yt-dlp while downloading media data: ERROR: [youtube] DLokeU1Ck-Q: Please sign in. Use --cookies-from-browser or --cookies for the authentication. See  https://github.com/yt-dlp/yt-dlp/wiki/FAQ#how-do-i-pass-cookies-to-yt-dlp  for how to manually pass cookies. Also see  https://github.com/yt-dlp/yt-dlp/wiki/Extractors#exporting-youtube-cookies  for tips on effectively exporting YouTube cookies

################################

# Entry removed Wed Aug 19 07:25:23 2026
# Track:  https://youtube.com/watch?v=zPIuQcr6SsQ
# Reason: Error in yt-dlp while downloading media data: ERROR: [youtube] zPIuQcr6SsQ: Video unavailable

################################

# Entry removed Wed Aug 19 07:25:24 2026
# Track:  https://youtube.com/watch?v=GWVBRuGVlHI
# Reason: Error in yt-dlp while downloading media data: ERROR: [youtube] GWVBRuGVlHI: Video unavailable

################################

# Entry removed Wed Aug 19 07:25:25 2026
# Track:  https://youtube.com/watch?v=dqn3PF_DcSg
# Reason: Error in yt-dlp while downloading media data: ERROR: [youtube] dqn3PF_DcSg: Video unavailable

################################

# Entry removed Wed Aug 19 07:25:25 2026
# Track:  https://youtube.com/watch?v=dNLOZjCWTs4
# Reason: Error in yt-dlp while downloading media data: ERROR: [youtube] dNLOZjCWTs4: This content isn't available, try again later. The current session has been rate-limited by YouTube for up to an hour. It is recommended to use `-t sleep` to add a delay between video requests to avoid exceeding the rate limit. For more information, refer to  https://github.com/yt-dlp/yt-dlp/wiki/Extractors#this-content-isnt-available-try-again-later

################################

# Entry removed Wed Aug 19 07:25:26 2026
# Track:  https://youtube.com/watch?v=u5Xe4EvTN_U
# Reason: Error in yt-dlp while downloading media data: ERROR: [youtube] u5Xe4EvTN_U: Video unavailable

################################

# Entry removed Wed Aug 19 07:25:27 2026
# Track:  https://youtube.com/watch?v=bSfpSOBD30U
# Reason: Error in yt-dlp while downloading media data: ERROR: [youtube] bSfpSOBD30U: This content isn't available, try again later. The current session has been rate-limited by YouTube for up to an hour. It is recommended to use `-t sleep` to add a delay between video requests to avoid exceeding the rate limit. For more information, refer to  https://github.com/yt-dlp/yt-dlp/wiki/Extractors#this-content-isnt-available-try-again-later

################################

# Entry removed Wed Aug 19 07:25:28 2026
# Track:  https://youtube.com/watch?v=nY9WcDbjMmE
# Reason: Error in yt-dlp while downloading media data: ERROR: [youtube] nY9WcDbjMmE: This content isn't available, try again later. The current session has been rate-limited by YouTube for up to an hour. It is recommended to use `-t sleep` to add a delay between video requests to avoid exceeding the rate limit. For more information, refer to  https://github.com/yt-dlp/yt-dlp/wiki/Extractors#this-content-isnt-available-try-again-later

################################

# Entry removed Wed Aug 19 07:25:29 2026
# Track:  https://youtube.com/watch?v=DI9weHFUtuk
# Reason: Error in yt-dlp while downloading media data: ERROR: [youtube] DI9weHFUtuk: This content isn't available, try again later. The current session has been rate-limited by YouTube for up to an hour. It is recommended to use `-t sleep` to add a delay between video requests to avoid exceeding the rate limit. For more information, refer to  https://github.com/yt-dlp/yt-dlp/wiki/Extractors#this-content-isnt-available-try-again-later

################################

# Entry removed Wed Aug 19 07:25:29 2026
# Track:  https://youtube.com/watch?v=-cDEQKl2EWM
# Reason: Error in yt-dlp while downloading media data: ERROR: [youtube] -cDEQKl2EWM: This video is unavailable

################################

# Entry removed Wed Aug 19 07:25:30 2026
# Track:  https://youtube.com/watch?v=QkZurfE8Gbc
# Reason: Error in yt-dlp while downloading media data: ERROR: [youtube] QkZurfE8Gbc: Video unavailable

################################

# Entry removed Wed Aug 19 07:25:31 2026
# Track:  https://youtube.com/watch?v=Hn-enjcgV1o
# Reason: Error in yt-dlp while downloading media data: ERROR: [youtube] Hn-enjcgV1o: This content isn't available, try again later. The current session has been rate-limited by YouTube for up to an hour. It is recommended to use `-t sleep` to add a delay between video requests to avoid exceeding the rate limit. For more information, refer to  https://github.com/yt-dlp/yt-dlp/wiki/Extractors#this-content-isnt-available-try-again-later

################################

# Entry removed Wed Aug 19 07:25:32 2026
# Track:  https://youtube.com/watch?v=4eGk7KVTRSk
# Reason: Error in yt-dlp while downloading media data: ERROR: [youtube] 4eGk7KVTRSk: Video unavailable

################################

# Entry removed Wed Aug 19 07:25:33 2026
# Track:  https://youtube.com/watch?v=D27zVtVPWnQ
# Reason: Error in yt-dlp while downloading media data: ERROR: [youtube] D27zVtVPWnQ: This content isn't available, try again later. The current session has been rate-limited by YouTube for up to an hour. It is recommended to use `-t sleep` to add a delay between video requests to avoid exceeding the rate limit. For more information, refer to  https://github.com/yt-dlp/yt-dlp/wiki/Extractors#this-content-isnt-available-try-again-later

################################

# Entry removed Wed Aug 19 07:25:34 2026
# Track:  https://youtube.com/watch?v=RVJiwyg0iDM
# Reason: Error in yt-dlp while downloading media data: ERROR: [youtube] RVJiwyg0iDM: Video unavailable

################################

# Entry removed Wed Aug 19 07:25:35 2026
# Track:  https://youtube.com/watch?v=-59jGD4WrmE
# Reason: Error in yt-dlp while downloading media data: ERROR: [youtube] -59jGD4WrmE: Video unavailable

################################

# Entry removed Wed Aug 19 07:25:35 2026
# Track:  https://youtube.com/watch?v=lVehcuJXe6I
# Reason: Error in yt-dlp while downloading media data: ERROR: [youtube] lVehcuJXe6I: Video unavailable

################################

# Entry removed Wed Aug 19 07:25:36 2026
# Track:  https://youtube.com/watch?v=BhqQFs7huwU
# Reason: Error in yt-dlp while downloading media data: ERROR: [youtube] BhqQFs7huwU: Video unavailable

################################

# Entry removed Wed Aug 19 07:25:37 2026
# Track:  https://youtube.com/watch?v=0HUEiUOCLeI
# Reason: Error in yt-dlp while downloading media data: ERROR: [youtube] 0HUEiUOCLeI: Video unavailable

################################

# Entry removed Wed Aug 19 07:25:38 2026
# Track:  https://youtube.com/watch?v=TF5IETKtvGg
# Reason: Error in yt-dlp while downloading media data: ERROR: [youtube] TF5IETKtvGg: This content isn't available, try again later. The current session has been rate-limited by YouTube for up to an hour. It is recommended to use `-t sleep` to add a delay between video requests to avoid exceeding the rate limit. For more information, refer to  https://github.com/yt-dlp/yt-dlp/wiki/Extractors#this-content-isnt-available-try-again-later

################################

# Entry removed Wed Aug 19 07:25:39 2026
# Track:  https://youtube.com/watch?v=KfDr_7LN-Ew
# Reason: Error in yt-dlp while downloading media data: ERROR: [youtube] KfDr_7LN-Ew: This content isn't available, try again later. The current session has been rate-limited by YouTube for up to an hour. It is recommended to use `-t sleep` to add a delay between video requests to avoid exceeding the rate limit. For more information, refer to  https://github.com/yt-dlp/yt-dlp/wiki/Extractors#this-content-isnt-available-try-again-later

################################

# Entry removed Wed Aug 19 07:25:40 2026
# Track:  https://youtube.com/watch?v=paaFchdXAbc
# Reason: Error in yt-dlp while downloading media data: ERROR: [youtube] paaFchdXAbc: This content isn't available, try again later. The current session has been rate-limited by YouTube for up to an hour. It is recommended to use `-t sleep` to add a delay between video requests to avoid exceeding the rate limit. For more information, refer to  https://github.com/yt-dlp/yt-dlp/wiki/Extractors#this-content-isnt-available-try-again-later

################################

# Entry removed Wed Aug 19 07:25:41 2026
# Track:  https://youtube.com/watch?v=xr0Tfng9SP0
# Reason: Error in yt-dlp while downloading media data: ERROR: [youtube] xr0Tfng9SP0: This content isn't available, try again later. The current session has been rate-limited by YouTube for up to an hour. It is recommended to use `-t sleep` to add a delay between video requests to avoid exceeding the rate limit. For more information, refer to  https://github.com/yt-dlp/yt-dlp/wiki/Extractors#this-content-isnt-available-try-again-later

################################

# Entry removed Wed Aug 19 07:25:41 2026
# Track:  https://youtube.com/watch?v=pfHM9HyRnRc
# Reason: Error in yt-dlp while downloading media data: ERROR: [youtube] pfHM9HyRnRc: Video unavailable

################################

# Entry removed Wed Aug 19 07:25:42 2026
# Track:  https://youtube.com/watch?v=w_r-y92gmPI
# Reason: Error in yt-dlp while downloading media data: ERROR: [youtube] w_r-y92gmPI: Video unavailable

################################

# Entry removed Wed Aug 19 07:25:42 2026
# Track:  https://youtube.com/watch?v=jTuBTsyXbc4
# Reason: Error in yt-dlp while downloading media data: ERROR: [youtube] jTuBTsyXbc4: Please sign in. Use --cookies-from-browser or --cookies for the authentication. See  https://github.com/yt-dlp/yt-dlp/wiki/FAQ#how-do-i-pass-cookies-to-yt-dlp  for how to manually pass cookies. Also see  https://github.com/yt-dlp/yt-dlp/wiki/Extractors#exporting-youtube-cookies  for tips on effectively exporting YouTube cookies

################################

# Entry removed Wed Aug 19 07:25:43 2026
# Track:  https://youtube.com/watch?v=vi7wzz9kXxg
# Reason: Error in yt-dlp while downloading media data: ERROR: [youtube] vi7wzz9kXxg: This content isn't available, try again later. The current session has been rate-limited by YouTube for up to an hour. It is recommended to use `-t sleep` to add a delay between video requests to avoid exceeding the rate limit. For more information, refer to  https://github.com/yt-dlp/yt-dlp/wiki/Extractors#this-content-isnt-available-try-again-later

################################

# Entry removed Wed Aug 19 07:25:44 2026
# Track:  https://youtube.com/watch?v=mpc3ffTLm_g
# Reason: Error in yt-dlp while downloading media data: ERROR: [youtube] mpc3ffTLm_g: This content isn't available, try again later. The current session has been rate-limited by YouTube for up to an hour. It is recommended to use `-t sleep` to add a delay between video requests to avoid exceeding the rate limit. For more information, refer to  https://github.com/yt-dlp/yt-dlp/wiki/Extractors#this-content-isnt-available-try-again-later

################################

# Entry removed Wed Aug 19 07:25:45 2026
# Track:  https://youtube.com/watch?v=6TZvzU1MPM4
# Reason: Error in yt-dlp while downloading media data: ERROR: [youtube] 6TZvzU1MPM4: This content isn't available, try again later. The current session has been rate-limited by YouTube for up to an hour. It is recommended to use `-t sleep` to add a delay between video requests to avoid exceeding the rate limit. For more information, refer to  https://github.com/yt-dlp/yt-dlp/wiki/Extractors#this-content-isnt-available-try-again-later

################################

# Entry removed Wed Aug 19 07:25:46 2026
# Track:  https://youtube.com/watch?v=ztYl3nmq3uM
# Reason: Error in yt-dlp while downloading media data: ERROR: [youtube] ztYl3nmq3uM: Video unavailable

################################

# Entry removed Wed Aug 19 07:25:47 2026
# Track:  https://youtube.com/watch?v=lRGPbaFy8hw
# Reason: Error in yt-dlp while downloading media data: ERROR: [youtube] lRGPbaFy8hw: Video unavailable

################################

# Entry removed Wed Aug 19 07:25:47 2026
# Track:  https://youtube.com/watch?v=eD6MeGYG7Ok
# Reason: Error in yt-dlp while downloading media data: ERROR: [youtube] eD6MeGYG7Ok: Video unavailable

################################

# Entry removed Wed Aug 19 07:25:48 2026
# Track:  https://youtube.com/watch?v=7SY2zTT9tos
# Reason: Error in yt-dlp while downloading media data: ERROR: [youtube] 7SY2zTT9tos: This video is unavailable

################################

# Entry removed Wed Aug 19 07:25:49 2026
# Track:  https://youtube.com/watch?v=QIMlGbv9K9w
# Reason: Error in yt-dlp while downloading media data: ERROR: [youtube] QIMlGbv9K9w: Video unavailable

################################

# Entry removed Wed Aug 19 07:25:49 2026
# Track:  https://youtube.com/watch?v=mrZRURcb1cM
# Reason: Error in yt-dlp while downloading media data: ERROR: [youtube] mrZRURcb1cM: Video unavailable

################################

# Entry removed Wed Aug 19 07:25:50 2026
# Track:  https://youtube.com/watch?v=pAGVvPfwdCY
# Reason: Error in yt-dlp while downloading media data: ERROR: [youtube] pAGVvPfwdCY: Video unavailable

################################

# Entry removed Wed Aug 19 07:25:51 2026
# Track:  https://youtube.com/watch?v=ARgdBb2Go0w
# Reason: Error in yt-dlp while downloading media data: ERROR: [youtube] ARgdBb2Go0w: Video unavailable

################################

# Entry removed Wed Aug 19 07:25:52 2026
# Track:  https://youtube.com/watch?v=ivLdLtOtOzU
# Reason: Error in yt-dlp while downloading media data: ERROR: [youtube] ivLdLtOtOzU: This content isn't available, try again later. The current session has been rate-limited by YouTube for up to an hour. It is recommended to use `-t sleep` to add a delay between video requests to avoid exceeding the rate limit. For more information, refer to  https://github.com/yt-dlp/yt-dlp/wiki/Extractors#this-content-isnt-available-try-again-later

################################

# Entry removed Wed Aug 19 07:25:53 2026
# Track:  https://youtube.com/watch?v=0Q7J4PgrRsY
# Reason: Error in yt-dlp while downloading media data: ERROR: [youtube] 0Q7J4PgrRsY: Video unavailable

################################

# Entry removed Wed Aug 19 07:25:54 2026
# Track:  https://youtube.com/watch?v=d3qSLlk8ruE
# Reason: Error in yt-dlp while downloading media data: ERROR: [youtube] d3qSLlk8ruE: Video unavailable

################################

# Entry removed Wed Aug 19 07:25:55 2026
# Track:  https://youtube.com/watch?v=lJIB_s_7dcw
# Reason: Error in yt-dlp while downloading media data: ERROR: [youtube] lJIB_s_7dcw: Video unavailable

################################

# Entry removed Wed Aug 19 07:25:56 2026
# Track:  https://youtube.com/watch?v=fn_amMJehPU
# Reason: Error in yt-dlp while downloading media data: ERROR: [youtube] fn_amMJehPU: This content isn't available, try again later. The current session has been rate-limited by YouTube for up to an hour. It is recommended to use `-t sleep` to add a delay between video requests to avoid exceeding the rate limit. For more information, refer to  https://github.com/yt-dlp/yt-dlp/wiki/Extractors#this-content-isnt-available-try-again-later

################################

# Entry removed Wed Aug 19 07:25:56 2026
# Track:  https://youtube.com/watch?v=QQKmh3RsRgg
# Reason: Error in yt-dlp while downloading media data: ERROR: [youtube] QQKmh3RsRgg: Video unavailable

################################

# Entry removed Wed Aug 19 07:25:57 2026
# Track:  https://youtube.com/watch?v=DNbD1JIH344
# Reason: Error in yt-dlp while downloading media data: ERROR: [youtube] DNbD1JIH344: Video unavailable

################################

# Entry removed Wed Aug 19 07:25:58 2026
# Track:  https://youtube.com/watch?v=ryhybXuK1r0
# Reason: Error in yt-dlp while downloading media data: ERROR: [youtube] ryhybXuK1r0: Video unavailable

################################

# Entry removed Wed Aug 19 07:25:58 2026
# Track:  https://youtube.com/watch?v=u4xp2lgiAjY
# Reason: Error in yt-dlp while downloading media data: ERROR: [youtube] u4xp2lgiAjY: Video unavailable

################################

# Entry removed Wed Aug 19 07:25:59 2026
# Track:  https://youtube.com/watch?v=1CcKbWhEluE
# Reason: Error in yt-dlp while downloading media data: ERROR: [youtube] 1CcKbWhEluE: Video unavailable

################################

# Entry removed Wed Aug 19 07:26:00 2026
# Track:  https://youtube.com/watch?v=4Rog8XY8oxg
# Reason: Error in yt-dlp while downloading media data: ERROR: [youtube] 4Rog8XY8oxg: Video unavailable

################################

# Entry removed Wed Aug 19 07:26:01 2026
# Track:  https://youtube.com/watch?v=-R9GrGheMRw
# Reason: Error in yt-dlp while downloading media data: ERROR: [youtube] -R9GrGheMRw: Video unavailable

################################

# Entry removed Wed Aug 19 07:26:02 2026
# Track:  https://youtube.com/watch?v=Qt0_oPPK6eA
# Reason: Error in yt-dlp while downloading media data: ERROR: [youtube] Qt0_oPPK6eA: Video unavailable

################################

# Entry removed Wed Aug 19 07:26:03 2026
# Track:  https://youtube.com/watch?v=PnfkZrbqqVs
# Reason: Error in yt-dlp while downloading media data: ERROR: [youtube] PnfkZrbqqVs: Video unavailable

################################

# Entry removed Wed Aug 19 07:26:04 2026
# Track:  https://youtube.com/watch?v=71BCqL2ecoE
# Reason: Error in yt-dlp while downloading media data: ERROR: [youtube] 71BCqL2ecoE: Video unavailable

################################

# Entry removed Wed Aug 19 07:26:05 2026
# Track:  https://youtube.com/watch?v=phn2JZ2xTz4
# Reason: Error in yt-dlp while downloading media data: ERROR: [youtube] phn2JZ2xTz4: Video unavailable

################################

# Entry removed Wed Aug 19 07:26:05 2026
# Track:  https://youtube.com/watch?v=pTBQRFWiiHo
# Reason: Error in yt-dlp while downloading media data: ERROR: [youtube] pTBQRFWiiHo: Video unavailable

################################

# Entry removed Wed Aug 19 07:26:06 2026
# Track:  https://youtube.com/watch?v=LE_Lrs8LomE
# Reason: Error in yt-dlp while downloading media data: ERROR: [youtube] LE_Lrs8LomE: This content isn't available, try again later. The current session has been rate-limited by YouTube for up to an hour. It is recommended to use `-t sleep` to add a delay between video requests to avoid exceeding the rate limit. For more information, refer to  https://github.com/yt-dlp/yt-dlp/wiki/Extractors#this-content-isnt-available-try-again-later

################################

# Entry removed Wed Aug 19 07:26:07 2026
# Track:  https://youtube.com/watch?v=nEt1bKGlCpM
# Reason: Error in yt-dlp while downloading media data: ERROR: [youtube] nEt1bKGlCpM: Video unavailable

################################

# Entry removed Wed Aug 19 07:26:08 2026
# Track:  https://youtube.com/watch?v=liW-kWFiXtQ
# Reason: Error in yt-dlp while downloading media data: ERROR: [youtube] liW-kWFiXtQ: Video unavailable

################################

# Entry removed Wed Aug 19 07:26:09 2026
# Track:  https://youtube.com/watch?v=DUK5v7itSxU
# Reason: Error in yt-dlp while downloading media data: ERROR: [youtube] DUK5v7itSxU: Video unavailable

################################

# Entry removed Wed Aug 19 07:26:10 2026
# Track:  https://youtube.com/watch?v=gmBRRaqGYNw
# Reason: Error in yt-dlp while downloading media data: ERROR: [youtube] gmBRRaqGYNw: Video unavailable

################################

# Entry removed Wed Aug 19 07:26:11 2026
# Track:  https://youtube.com/watch?v=w9PXnACu9jo
# Reason: Error in yt-dlp while downloading media data: ERROR: [youtube] w9PXnACu9jo: Video unavailable

################################

# Entry removed Wed Aug 19 07:26:12 2026
# Track:  https://youtube.com/watch?v=v0g1xzCpEOM
# Reason: Error in yt-dlp while downloading media data: ERROR: [youtube] v0g1xzCpEOM: Video unavailable

################################

# Entry removed Wed Aug 19 07:26:12 2026
# Track:  https://youtube.com/watch?v=qiFHp-Ik3MQ
# Reason: Error in yt-dlp while downloading media data: ERROR: [youtube] qiFHp-Ik3MQ: Video unavailable

################################

# Entry removed Wed Aug 19 07:26:13 2026
# Track:  https://youtube.com/watch?v=TyLNQsGTby8
# Reason: Error in yt-dlp while downloading media data: ERROR: [youtube] TyLNQsGTby8: Video unavailable

################################

# Entry removed Wed Aug 19 07:26:14 2026
# Track:  https://youtube.com/watch?v=f0Hm79q4M-U
# Reason: Error in yt-dlp while downloading media data: ERROR: [youtube] f0Hm79q4M-U: Video unavailable

################################

# Entry removed Wed Aug 19 07:26:14 2026
# Track:  https://youtube.com/watch?v=Haypxj24_Uw
# Reason: Error in yt-dlp while downloading media data: ERROR: [youtube] Haypxj24_Uw: This video is unavailable

################################

# Entry removed Wed Aug 19 07:26:15 2026
# Track:  https://youtube.com/watch?v=EMHLXMt-6Og
# Reason: Error in yt-dlp while downloading media data: ERROR: [youtube] EMHLXMt-6Og: Video unavailable

################################

# Entry removed Wed Aug 19 07:26:16 2026
# Track:  https://youtube.com/watch?v=gDbAtWpoA6k
# Reason: Error in yt-dlp while downloading media data: ERROR: [youtube] gDbAtWpoA6k: Video unavailable

################################

# Entry removed Wed Aug 19 07:26:16 2026
# Track:  https://youtube.com/watch?v=_yNAABKD4IA
# Reason: Error in yt-dlp while downloading media data: ERROR: [youtube] _yNAABKD4IA: Video unavailable

################################

# Entry removed Wed Aug 19 07:26:17 2026
# Track:  https://youtube.com/watch?v=p1Y-rfbzmgY
# Reason: Error in yt-dlp while downloading media data: ERROR: [youtube] p1Y-rfbzmgY: Video unavailable

################################

# Entry removed Wed Aug 19 07:26:18 2026
# Track:  https://youtube.com/watch?v=0rjP5MPA3qs
# Reason: Error in yt-dlp while downloading media data: ERROR: [youtube] 0rjP5MPA3qs: This content isn't available, try again later. The current session has been rate-limited by YouTube for up to an hour. It is recommended to use `-t sleep` to add a delay between video requests to avoid exceeding the rate limit. For more information, refer to  https://github.com/yt-dlp/yt-dlp/wiki/Extractors#this-content-isnt-available-try-again-later

################################

# Entry removed Wed Aug 19 07:26:19 2026
# Track:  https://youtube.com/watch?v=wAPpVplHiDE
# Reason: Error in yt-dlp while downloading media data: ERROR: [youtube] wAPpVplHiDE: This video is unavailable

################################

# Entry removed Wed Aug 19 07:26:19 2026
# Track:  https://youtube.com/watch?v=YeLqgmVJk0Y
# Reason: Error in yt-dlp while downloading media data: ERROR: [youtube] YeLqgmVJk0Y: Video unavailable

################################

# Entry removed Wed Aug 19 07:26:20 2026
# Track:  https://youtube.com/watch?v=V0tiM_RLXCs
# Reason: Error in yt-dlp while downloading media data: ERROR: [youtube] V0tiM_RLXCs: Video unavailable

################################

# Entry removed Wed Aug 19 07:26:21 2026
# Track:  https://youtube.com/watch?v=4xiZRYEasvY
# Reason: Error in yt-dlp while downloading media data: ERROR: [youtube] 4xiZRYEasvY: Video unavailable

################################

# Entry removed Wed Aug 19 07:26:22 2026
# Track:  https://youtube.com/watch?v=qpx8HJAYb8k
# Reason: Error in yt-dlp while downloading media data: ERROR: [youtube] qpx8HJAYb8k: Video unavailable

################################

# Entry removed Wed Aug 19 07:26:23 2026
# Track:  https://youtube.com/watch?v=DnedDvXYr8A
# Reason: Error in yt-dlp while downloading media data: ERROR: [youtube] DnedDvXYr8A: Please sign in. Use --cookies-from-browser or --cookies for the authentication. See  https://github.com/yt-dlp/yt-dlp/wiki/FAQ#how-do-i-pass-cookies-to-yt-dlp  for how to manually pass cookies. Also see  https://github.com/yt-dlp/yt-dlp/wiki/Extractors#exporting-youtube-cookies  for tips on effectively exporting YouTube cookies

################################

# Entry removed Wed Aug 19 07:26:24 2026
# Track:  https://youtube.com/watch?v=iCNfYjZ26ow
# Reason: Error in yt-dlp while downloading media data: ERROR: [youtube] iCNfYjZ26ow: This content isn't available, try again later. The current session has been rate-limited by YouTube for up to an hour. It is recommended to use `-t sleep` to add a delay between video requests to avoid exceeding the rate limit. For more information, refer to  https://github.com/yt-dlp/yt-dlp/wiki/Extractors#this-content-isnt-available-try-again-later

################################

# Entry removed Wed Aug 19 07:26:25 2026
# Track:  https://youtube.com/watch?v=TNh7wxRsOyE
# Reason: Error in yt-dlp while downloading media data: ERROR: [youtube] TNh7wxRsOyE: Video unavailable

################################

# Entry removed Wed Aug 19 07:26:26 2026
# Track:  https://youtube.com/watch?v=bNY3pKJ0A-A
# Reason: Error in yt-dlp while downloading media data: ERROR: [youtube] bNY3pKJ0A-A: Video unavailable

################################

# Entry removed Wed Aug 19 07:26:26 2026
# Track:  https://youtube.com/watch?v=Qq4j1LtCdww
# Reason: Error in yt-dlp while downloading media data: ERROR: [youtube] Qq4j1LtCdww: Video unavailable

################################

# Entry removed Wed Aug 19 07:26:27 2026
# Track:  https://youtube.com/watch?v=aWBtpBwzzdM
# Reason: Error in yt-dlp while downloading media data: ERROR: [youtube] aWBtpBwzzdM: Video unavailable

################################

# Entry removed Wed Aug 19 07:26:28 2026
# Track:  https://youtube.com/watch?v=DyAY4QA2unY
# Reason: Error in yt-dlp while downloading media data: ERROR: [youtube] DyAY4QA2unY: Video unavailable

################################

# Entry removed Wed Aug 19 07:26:29 2026
# Track:  https://youtube.com/watch?v=EqQuihD0hoI
# Reason: Error in yt-dlp while downloading media data: ERROR: [youtube] EqQuihD0hoI: Video unavailable

################################

# Entry removed Wed Aug 19 07:26:30 2026
# Track:  https://youtube.com/watch?v=J7IMwop3RHs
# Reason: Error in yt-dlp while downloading media data: ERROR: [youtube] J7IMwop3RHs: This content isn't available, try again later. The current session has been rate-limited by YouTube for up to an hour. It is recommended to use `-t sleep` to add a delay between video requests to avoid exceeding the rate limit. For more information, refer to  https://github.com/yt-dlp/yt-dlp/wiki/Extractors#this-content-isnt-available-try-again-later

################################

# Entry removed Wed Aug 19 07:26:31 2026
# Track:  https://youtube.com/watch?v=d3Oc26AFDdU
# Reason: Error in yt-dlp while downloading media data: ERROR: [youtube] d3Oc26AFDdU: Video unavailable

################################

# Entry removed Wed Aug 19 07:26:32 2026
# Track:  https://youtube.com/watch?v=HEg7lQhRdyw
# Reason: Error in yt-dlp while downloading media data: ERROR: [youtube] HEg7lQhRdyw: This content isn't available, try again later. The current session has been rate-limited by YouTube for up to an hour. It is recommended to use `-t sleep` to add a delay between video requests to avoid exceeding the rate limit. For more information, refer to  https://github.com/yt-dlp/yt-dlp/wiki/Extractors#this-content-isnt-available-try-again-later

################################

# Entry removed Wed Aug 19 07:26:33 2026
# Track:  https://youtube.com/watch?v=lo62kvjLHvY
# Reason: Error in yt-dlp while downloading media data: ERROR: [youtube] lo62kvjLHvY: Video unavailable

################################

# Entry removed Wed Aug 19 07:26:34 2026
# Track:  https://youtube.com/watch?v=fcsDG_jVYbc
# Reason: Error in yt-dlp while downloading media data: ERROR: [youtube] fcsDG_jVYbc: This content isn't available, try again later. The current session has been rate-limited by YouTube for up to an hour. It is recommended to use `-t sleep` to add a delay between video requests to avoid exceeding the rate limit. For more information, refer to  https://github.com/yt-dlp/yt-dlp/wiki/Extractors#this-content-isnt-available-try-again-later

################################

# Entry removed Wed Aug 19 07:26:35 2026
# Track:  https://youtube.com/watch?v=oQ3C8fjqu_A
# Reason: Error in yt-dlp while downloading media data: ERROR: [youtube] oQ3C8fjqu_A: Video unavailable

################################

# Entry removed Wed Aug 19 07:26:35 2026
# Track:  https://youtube.com/watch?v=S9Qrvxa-n20
# Reason: Error in yt-dlp while downloading media data: ERROR: [youtube] S9Qrvxa-n20: Video unavailable

################################

# Entry removed Wed Aug 19 07:26:36 2026
# Track:  https://youtube.com/watch?v=89q0LjmwXwk
# Reason: Error in yt-dlp while downloading media data: ERROR: [youtube] 89q0LjmwXwk: This content isn't available, try again later. The current session has been rate-limited by YouTube for up to an hour. It is recommended to use `-t sleep` to add a delay between video requests to avoid exceeding the rate limit. For more information, refer to  https://github.com/yt-dlp/yt-dlp/wiki/Extractors#this-content-isnt-available-try-again-later

################################

# Entry removed Wed Aug 19 07:26:37 2026
# Track:  https://youtube.com/watch?v=fUja-wrQVgs
# Reason: Error in yt-dlp while downloading media data: ERROR: [youtube] fUja-wrQVgs: This video is unavailable

################################

# Entry removed Wed Aug 19 07:26:38 2026
# Track:  https://youtube.com/watch?v=Xz5qHx-MHDo
# Reason: Error in yt-dlp while downloading media data: ERROR: [youtube] Xz5qHx-MHDo: Video unavailable

################################

# Entry removed Wed Aug 19 07:26:38 2026
# Track:  https://youtube.com/watch?v=g2Sh7SANjng
# Reason: Error in yt-dlp while downloading media data: ERROR: [youtube] g2Sh7SANjng: Video unavailable

################################

# Entry removed Wed Aug 19 07:26:39 2026
# Track:  https://youtube.com/watch?v=s9_HY6uZwVc
# Reason: Error in yt-dlp while downloading media data: ERROR: [youtube] s9_HY6uZwVc: This video is unavailable

################################

# Entry removed Wed Aug 19 07:26:40 2026
# Track:  https://youtube.com/watch?v=cjqOsYRQI0o
# Reason: Error in yt-dlp while downloading media data: ERROR: [youtube] cjqOsYRQI0o: This content isn't available, try again later. The current session has been rate-limited by YouTube for up to an hour. It is recommended to use `-t sleep` to add a delay between video requests to avoid exceeding the rate limit. For more information, refer to  https://github.com/yt-dlp/yt-dlp/wiki/Extractors#this-content-isnt-available-try-again-later

################################

# Entry removed Wed Aug 19 07:26:41 2026
# Track:  https://youtube.com/watch?v=tysmwGx7TNU
# Reason: Error in yt-dlp while downloading media data: ERROR: [youtube] tysmwGx7TNU: Video unavailable

################################

# Entry removed Wed Aug 19 07:26:41 2026
# Track:  https://youtube.com/watch?v=Fq3QmtV8vT0
# Reason: Error in yt-dlp while downloading media data: ERROR: [youtube] Fq3QmtV8vT0: Video unavailable

################################

# Entry removed Wed Aug 19 07:26:42 2026
# Track:  https://youtube.com/watch?v=GWVd1Db16uE
# Reason: Error in yt-dlp while downloading media data: ERROR: [youtube] GWVd1Db16uE: Video unavailable

################################

# Entry removed Wed Aug 19 07:26:43 2026
# Track:  https://youtube.com/watch?v=Wz5_ktnCbvo
# Reason: Error in yt-dlp while downloading media data: ERROR: [youtube] Wz5_ktnCbvo: This content isn't available, try again later. The current session has been rate-limited by YouTube for up to an hour. It is recommended to use `-t sleep` to add a delay between video requests to avoid exceeding the rate limit. For more information, refer to  https://github.com/yt-dlp/yt-dlp/wiki/Extractors#this-content-isnt-available-try-again-later

################################

# Entry removed Wed Aug 19 07:26:44 2026
# Track:  https://youtube.com/watch?v=V6BifoKqR-o
# Reason: Error in yt-dlp while downloading media data: ERROR: [youtube] V6BifoKqR-o: This content isn't available, try again later. The current session has been rate-limited by YouTube for up to an hour. It is recommended to use `-t sleep` to add a delay between video requests to avoid exceeding the rate limit. For more information, refer to  https://github.com/yt-dlp/yt-dlp/wiki/Extractors#this-content-isnt-available-try-again-later

################################

# Entry removed Wed Aug 19 07:26:45 2026
# Track:  https://youtube.com/watch?v=WhnZdSU2OlY
# Reason: Error in yt-dlp while downloading media data: ERROR: [youtube] WhnZdSU2OlY: Video unavailable

################################

# Entry removed Wed Aug 19 07:26:46 2026
# Track:  https://youtube.com/watch?v=It42TsD7_sI
# Reason: Error in yt-dlp while downloading media data: ERROR: [youtube] It42TsD7_sI: Video unavailable

################################

# Entry removed Wed Aug 19 07:26:46 2026
# Track:  https://youtube.com/watch?v=NhK8Ehv6aPI
# Reason: Error in yt-dlp while downloading media data: ERROR: [youtube] NhK8Ehv6aPI: This content isn't available, try again later. The current session has been rate-limited by YouTube for up to an hour. It is recommended to use `-t sleep` to add a delay between video requests to avoid exceeding the rate limit. For more information, refer to  https://github.com/yt-dlp/yt-dlp/wiki/Extractors#this-content-isnt-available-try-again-later

################################

# Entry removed Wed Aug 19 07:26:47 2026
# Track:  https://youtube.com/watch?v=r9_0u0porO8
# Reason: Error in yt-dlp while downloading media data: ERROR: [youtube] r9_0u0porO8: This content isn't available, try again later. The current session has been rate-limited by YouTube for up to an hour. It is recommended to use `-t sleep` to add a delay between video requests to avoid exceeding the rate limit. For more information, refer to  https://github.com/yt-dlp/yt-dlp/wiki/Extractors#this-content-isnt-available-try-again-later

################################

# Entry removed Wed Aug 19 07:26:48 2026
# Track:  https://youtube.com/watch?v=71LUw5iKoiw
# Reason: Error in yt-dlp while downloading media data: ERROR: [youtube] 71LUw5iKoiw: This content isn't available, try again later. The current session has been rate-limited by YouTube for up to an hour. It is recommended to use `-t sleep` to add a delay between video requests to avoid exceeding the rate limit. For more information, refer to  https://github.com/yt-dlp/yt-dlp/wiki/Extractors#this-content-isnt-available-try-again-later

################################

# Entry removed Wed Aug 19 07:26:48 2026
# Track:  https://youtube.com/watch?v=eA36OFxe-uY
# Reason: Error in yt-dlp while downloading media data: ERROR: [youtube] eA36OFxe-uY: Video unavailable

################################

# Entry removed Wed Aug 19 07:26:49 2026
# Track:  https://youtube.com/watch?v=q1z2BdvHVCk
# Reason: Error in yt-dlp while downloading media data: ERROR: [youtube] q1z2BdvHVCk: This video is unavailable

################################

# Entry removed Wed Aug 19 07:26:50 2026
# Track:  https://youtube.com/watch?v=f2Exzqu2ocs
# Reason: Error in yt-dlp while downloading media data: ERROR: [youtube] f2Exzqu2ocs: Video unavailable

################################

# Entry removed Wed Aug 19 07:26:50 2026
# Track:  https://youtube.com/watch?v=z872doHfVXs
# Reason: Error in yt-dlp while downloading media data: ERROR: [youtube] z872doHfVXs: Video unavailable

################################

# Entry removed Wed Aug 19 07:26:50 2026
# Track:  https://youtube.com/watch?v=LdG3aC95P7w
# Reason: Error in yt-dlp while downloading media data: ERROR: [youtube] LdG3aC95P7w: Video unavailable

################################

# Entry removed Wed Aug 19 07:26:50 2026
# Track:  https://youtube.com/watch?v=uqzQfOKZoPc
# Reason: Error in yt-dlp while downloading media data: ERROR: [youtube] uqzQfOKZoPc: Video unavailable

################################

# Entry removed Wed Aug 19 07:26:51 2026
# Track:  https://youtube.com/watch?v=AyBYKl8SyK8
# Reason: Error in yt-dlp while downloading media data: ERROR: [youtube] AyBYKl8SyK8: This video is unavailable

################################

# Entry removed Wed Aug 19 07:26:51 2026
# Track:  https://youtube.com/watch?v=6_YG9XBX04Y
# Reason: Error in yt-dlp while downloading media data: ERROR: [youtube] 6_YG9XBX04Y: Please sign in. Use --cookies-from-browser or --cookies for the authentication. See  https://github.com/yt-dlp/yt-dlp/wiki/FAQ#how-do-i-pass-cookies-to-yt-dlp  for how to manually pass cookies. Also see  https://github.com/yt-dlp/yt-dlp/wiki/Extractors#exporting-youtube-cookies  for tips on effectively exporting YouTube cookies

################################

# Entry removed Wed Aug 19 07:26:51 2026
# Track:  https://youtube.com/watch?v=dS5UpPflmnM
# Reason: Error in yt-dlp while downloading media data: ERROR: [youtube] dS5UpPflmnM: Video unavailable

################################

# Entry removed Wed Aug 19 07:26:52 2026
# Track:  https://youtube.com/watch?v=l9VFg44H2z8
# Reason: Error in yt-dlp while downloading media data: ERROR: [youtube] l9VFg44H2z8: Video unavailable

################################

# Entry removed Wed Aug 19 07:26:52 2026
# Track:  https://youtube.com/watch?v=xqKwozw9Tww
# Reason: Error in yt-dlp while downloading media data: ERROR: [youtube] xqKwozw9Tww: Please sign in. Use --cookies-from-browser or --cookies for the authentication. See  https://github.com/yt-dlp/yt-dlp/wiki/FAQ#how-do-i-pass-cookies-to-yt-dlp  for how to manually pass cookies. Also see  https://github.com/yt-dlp/yt-dlp/wiki/Extractors#exporting-youtube-cookies  for tips on effectively exporting YouTube cookies

################################

# Entry removed Wed Aug 19 07:26:52 2026
# Track:  https://youtube.com/watch?v=KRw-55l_hw0
# Reason: Error in yt-dlp while downloading media data: ERROR: [youtube] KRw-55l_hw0: Video unavailable

################################

# Entry removed Wed Aug 19 07:26:53 2026
# Track:  https://youtube.com/watch?v=i_gg9ttaaxI
# Reason: Error in yt-dlp while downloading media data: ERROR: [youtube] i_gg9ttaaxI: Video unavailable

################################

# Entry removed Wed Aug 19 07:26:53 2026
# Track:  https://youtube.com/watch?v=Evc3Xtc84N0
# Reason: Error in yt-dlp while downloading media data: ERROR: [youtube] Evc3Xtc84N0: This content isn't available, try again later. The current session has been rate-limited by YouTube for up to an hour. It is recommended to use `-t sleep` to add a delay between video requests to avoid exceeding the rate limit. For more information, refer to  https://github.com/yt-dlp/yt-dlp/wiki/Extractors#this-content-isnt-available-try-again-later

################################

# Entry removed Wed Aug 19 07:26:54 2026
# Track:  https://youtube.com/watch?v=A4wYdsQ8_JY
# Reason: Error in yt-dlp while downloading media data: ERROR: [youtube] A4wYdsQ8_JY: Video unavailable

################################

# Entry removed Wed Aug 19 07:26:54 2026
# Track:  https://youtube.com/watch?v=LcMSFZZ-erw
# Reason: Error in yt-dlp while downloading media data: ERROR: [youtube] LcMSFZZ-erw: Video unavailable

################################

# Entry removed Wed Aug 19 07:26:54 2026
# Track:  https://youtube.com/watch?v=eR8lqZuOCOg
# Reason: Error in yt-dlp while downloading media data: ERROR: [youtube] eR8lqZuOCOg: Please sign in. Use --cookies-from-browser or --cookies for the authentication. See  https://github.com/yt-dlp/yt-dlp/wiki/FAQ#how-do-i-pass-cookies-to-yt-dlp  for how to manually pass cookies. Also see  https://github.com/yt-dlp/yt-dlp/wiki/Extractors#exporting-youtube-cookies  for tips on effectively exporting YouTube cookies

################################

# Entry removed Wed Aug 19 07:26:55 2026
# Track:  https://youtube.com/watch?v=fBOPmzfBAnc
# Reason: Error in yt-dlp while downloading media data: ERROR: [youtube] fBOPmzfBAnc: Video unavailable

################################

# Entry removed Wed Aug 19 07:26:55 2026
# Track:  https://youtube.com/watch?v=ijPWBALdFcY
# Reason: Error in yt-dlp while downloading media data: ERROR: [youtube] ijPWBALdFcY: Video unavailable

################################

# Entry removed Wed Aug 19 07:26:56 2026
# Track:  https://youtube.com/watch?v=EjP1w3MIZsg
# Reason: Error in yt-dlp while downloading media data: ERROR: [youtube] EjP1w3MIZsg: Video unavailable

################################

# Entry removed Wed Aug 19 07:26:56 2026
# Track:  https://youtube.com/watch?v=oew35i9czi8
# Reason: Error in yt-dlp while downloading media data: ERROR: [youtube] oew35i9czi8: This content isn't available, try again later. The current session has been rate-limited by YouTube for up to an hour. It is recommended to use `-t sleep` to add a delay between video requests to avoid exceeding the rate limit. For more information, refer to  https://github.com/yt-dlp/yt-dlp/wiki/Extractors#this-content-isnt-available-try-again-later

################################

# Entry removed Wed Aug 19 07:26:57 2026
# Track:  https://youtube.com/watch?v=CqybaIesbuA
# Reason: Error in yt-dlp while downloading media data: ERROR: [youtube] CqybaIesbuA: This content isn't available, try again later. The current session has been rate-limited by YouTube for up to an hour. It is recommended to use `-t sleep` to add a delay between video requests to avoid exceeding the rate limit. For more information, refer to  https://github.com/yt-dlp/yt-dlp/wiki/Extractors#this-content-isnt-available-try-again-later

################################

# Entry removed Wed Aug 19 07:26:57 2026
# Track:  https://youtube.com/watch?v=hLUyVyM626A
# Reason: Error in yt-dlp while downloading media data: ERROR: [youtube] hLUyVyM626A: This content isn't available, try again later. The current session has been rate-limited by YouTube for up to an hour. It is recommended to use `-t sleep` to add a delay between video requests to avoid exceeding the rate limit. For more information, refer to  https://github.com/yt-dlp/yt-dlp/wiki/Extractors#this-content-isnt-available-try-again-later

################################

# Entry removed Wed Aug 19 07:26:58 2026
# Track:  https://youtube.com/watch?v=Xda_K7abC2I
# Reason: Error in yt-dlp while downloading media data: ERROR: [youtube] Xda_K7abC2I: Video unavailable

################################

# Entry removed Wed Aug 19 07:26:58 2026
# Track:  https://youtube.com/watch?v=-GUWXF3LIy8
# Reason: Error in yt-dlp while downloading media data: ERROR: [youtube] -GUWXF3LIy8: This content isn't available, try again later. The current session has been rate-limited by YouTube for up to an hour. It is recommended to use `-t sleep` to add a delay between video requests to avoid exceeding the rate limit. For more information, refer to  https://github.com/yt-dlp/yt-dlp/wiki/Extractors#this-content-isnt-available-try-again-later

################################

# Entry removed Wed Aug 19 07:26:59 2026
# Track:  https://youtube.com/watch?v=0j6d7VeYvdQ
# Reason: Error in yt-dlp while downloading media data: ERROR: [youtube] 0j6d7VeYvdQ: Video unavailable

################################

# Entry removed Wed Aug 19 07:26:59 2026
# Track:  https://youtube.com/watch?v=euTyRhnqFtA
# Reason: Error in yt-dlp while downloading media data: ERROR: [youtube] euTyRhnqFtA: Video unavailable

################################

# Entry removed Wed Aug 19 07:26:59 2026
# Track:  https://youtube.com/watch?v=mPDLoGm6E-Q
# Reason: Error in yt-dlp while downloading media data: ERROR: [youtube] mPDLoGm6E-Q: This video is unavailable

################################

# Entry removed Wed Aug 19 07:26:59 2026
# Track:  https://youtube.com/watch?v=am-Y0cuz0mw
# Reason: Error in yt-dlp while downloading media data: ERROR: [youtube] am-Y0cuz0mw: This content isn't available, try again later. The current session has been rate-limited by YouTube for up to an hour. It is recommended to use `-t sleep` to add a delay between video requests to avoid exceeding the rate limit. For more information, refer to  https://github.com/yt-dlp/yt-dlp/wiki/Extractors#this-content-isnt-available-try-again-later

################################

# Entry removed Wed Aug 19 07:27:00 2026
# Track:  https://youtube.com/watch?v=D6ablYH-rpw
# Reason: Error in yt-dlp while downloading media data: ERROR: [youtube] D6ablYH-rpw: Video unavailable

################################

# Entry removed Wed Aug 19 07:27:00 2026
# Track:  https://youtube.com/watch?v=PqX1SkYpNJQ
# Reason: Error in yt-dlp while downloading media data: ERROR: [youtube] PqX1SkYpNJQ: Video unavailable

################################

# Entry removed Wed Aug 19 07:27:01 2026
# Track:  https://youtube.com/watch?v=97ECZMvbLxg
# Reason: Error in yt-dlp while downloading media data: ERROR: [youtube] 97ECZMvbLxg: Video unavailable

################################

# Entry removed Wed Aug 19 07:27:01 2026
# Track:  https://youtube.com/watch?v=SBjQ9tuuTJQ
# Reason: Error in yt-dlp while downloading media data: ERROR: [youtube] SBjQ9tuuTJQ: Video unavailable

################################

# Entry removed Wed Aug 19 07:27:02 2026
# Track:  https://youtube.com/watch?v=UL_7LMXHEyw
# Reason: Error in yt-dlp while downloading media data: ERROR: [youtube] UL_7LMXHEyw: Video unavailable

################################

# Entry removed Wed Aug 19 07:27:02 2026
# Track:  https://youtube.com/watch?v=4Phu1jJhVT4
# Reason: Error in yt-dlp while downloading media data: ERROR: [youtube] 4Phu1jJhVT4: Please sign in. Use --cookies-from-browser or --cookies for the authentication. See  https://github.com/yt-dlp/yt-dlp/wiki/FAQ#how-do-i-pass-cookies-to-yt-dlp  for how to manually pass cookies. Also see  https://github.com/yt-dlp/yt-dlp/wiki/Extractors#exporting-youtube-cookies  for tips on effectively exporting YouTube cookies

################################

# Entry removed Wed Aug 19 07:27:03 2026
# Track:  https://youtube.com/watch?v=FTrumdi55tA
# Reason: Error in yt-dlp while downloading media data: ERROR: [youtube] FTrumdi55tA: Video unavailable

################################

# Entry removed Wed Aug 19 07:27:03 2026
# Track:  https://youtube.com/watch?v=sgn7VfXH2GY
# Reason: Error in yt-dlp while downloading media data: ERROR: [youtube] sgn7VfXH2GY: Video unavailable

################################

# Entry removed Wed Aug 19 07:27:04 2026
# Track:  https://youtube.com/watch?v=5abamRO41fE
# Reason: Error in yt-dlp while downloading media data: ERROR: [youtube] 5abamRO41fE: This content isn't available, try again later. The current session has been rate-limited by YouTube for up to an hour. It is recommended to use `-t sleep` to add a delay between video requests to avoid exceeding the rate limit. For more information, refer to  https://github.com/yt-dlp/yt-dlp/wiki/Extractors#this-content-isnt-available-try-again-later

################################

# Entry removed Wed Aug 19 07:27:04 2026
# Track:  https://youtube.com/watch?v=CxnaPa8ohmM
# Reason: Error in yt-dlp while downloading media data: ERROR: [youtube] CxnaPa8ohmM: This content isn't available, try again later. The current session has been rate-limited by YouTube for up to an hour. It is recommended to use `-t sleep` to add a delay between video requests to avoid exceeding the rate limit. For more information, refer to  https://github.com/yt-dlp/yt-dlp/wiki/Extractors#this-content-isnt-available-try-again-later

################################

# Entry removed Wed Aug 19 07:27:05 2026
# Track:  https://youtube.com/watch?v=s4nWy8pmIM4
# Reason: Error in yt-dlp while downloading media data: ERROR: [youtube] s4nWy8pmIM4: Video unavailable

################################

# Entry removed Wed Aug 19 07:27:05 2026
# Track:  https://youtube.com/watch?v=CSvFpBOe8eY
# Reason: Error in yt-dlp while downloading media data: ERROR: [youtube] CSvFpBOe8eY: This content isn't available, try again later. The current session has been rate-limited by YouTube for up to an hour. It is recommended to use `-t sleep` to add a delay between video requests to avoid exceeding the rate limit. For more information, refer to  https://github.com/yt-dlp/yt-dlp/wiki/Extractors#this-content-isnt-available-try-again-later

################################

# Entry removed Wed Aug 19 07:27:05 2026
# Track:  https://youtube.com/watch?v=lIhvOOT2zbQ
# Reason: Error in yt-dlp while downloading media data: ERROR: [youtube] lIhvOOT2zbQ: Video unavailable

################################

# Entry removed Wed Aug 19 07:27:06 2026
# Track:  https://youtube.com/watch?v=SDDn4Kh65MA
# Reason: Error in yt-dlp while downloading media data: ERROR: [youtube] SDDn4Kh65MA: Video unavailable

################################

# Entry removed Wed Aug 19 07:27:06 2026
# Track:  https://youtube.com/watch?v=0K67veEPOYM
# Reason: Error in yt-dlp while downloading media data: ERROR: [youtube] 0K67veEPOYM: This content isn't available, try again later. The current session has been rate-limited by YouTube for up to an hour. It is recommended to use `-t sleep` to add a delay between video requests to avoid exceeding the rate limit. For more information, refer to  https://github.com/yt-dlp/yt-dlp/wiki/Extractors#this-content-isnt-available-try-again-later

################################

# Entry removed Wed Aug 19 07:27:07 2026
# Track:  https://youtube.com/watch?v=n1CLmap_CVU
# Reason: Error in yt-dlp while downloading media data: ERROR: [youtube] n1CLmap_CVU: Video unavailable

################################

# Entry removed Wed Aug 19 07:27:07 2026
# Track:  https://youtube.com/watch?v=2X_2IdybTV0
# Reason: Error in yt-dlp while downloading media data: ERROR: [youtube] 2X_2IdybTV0: Video unavailable

################################

# Entry removed Wed Aug 19 07:27:07 2026
# Track:  https://youtube.com/watch?v=iPUmE-tne5U
# Reason: Error in yt-dlp while downloading media data: ERROR: [youtube] iPUmE-tne5U: Video unavailable

################################

# Entry removed Wed Aug 19 07:27:08 2026
# Track:  https://youtube.com/watch?v=H5jSwgcS7rY
# Reason: Error in yt-dlp while downloading media data: ERROR: [youtube] H5jSwgcS7rY: Video unavailable

################################

# Entry removed Wed Aug 19 07:27:08 2026
# Track:  https://youtube.com/watch?v=JFv_rFiYGzQ
# Reason: Error in yt-dlp while downloading media data: ERROR: [youtube] JFv_rFiYGzQ: This content isn't available, try again later. The current session has been rate-limited by YouTube for up to an hour. It is recommended to use `-t sleep` to add a delay between video requests to avoid exceeding the rate limit. For more information, refer to  https://github.com/yt-dlp/yt-dlp/wiki/Extractors#this-content-isnt-available-try-again-later

################################

# Entry removed Wed Aug 19 07:27:08 2026
# Track:  https://youtube.com/watch?v=9lyRI_M8ZXE
# Reason: Error in yt-dlp while downloading media data: ERROR: [youtube] 9lyRI_M8ZXE: This video is unavailable

################################

# Entry removed Wed Aug 19 07:27:08 2026
# Track:  https://youtube.com/watch?v=zkl3-BqhfRU
# Reason: Error in yt-dlp while downloading media data: ERROR: [youtube] zkl3-BqhfRU: This video has been removed for violating YouTube's Terms of Service

################################

# Entry removed Wed Aug 19 07:27:09 2026
# Track:  https://youtube.com/watch?v=H2Kme_AXBgU
# Reason: Error in yt-dlp while downloading media data: ERROR: [youtube] H2Kme_AXBgU: Video unavailable

################################

# Entry removed Wed Aug 19 07:27:09 2026
# Track:  https://youtube.com/watch?v=jLzuObMhVAI
# Reason: Error in yt-dlp while downloading media data: ERROR: [youtube] jLzuObMhVAI: Video unavailable

################################

# Entry removed Wed Aug 19 07:27:10 2026
# Track:  https://youtube.com/watch?v=RzBS0H75D1U
# Reason: Error in yt-dlp while downloading media data: ERROR: [youtube] RzBS0H75D1U: Video unavailable

################################

# Entry removed Wed Aug 19 07:27:10 2026
# Track:  https://youtube.com/watch?v=6fVE8kSM43I
# Reason: Error in yt-dlp while downloading media data: ERROR: [youtube] 6fVE8kSM43I: This content isn't available, try again later. The current session has been rate-limited by YouTube for up to an hour. It is recommended to use `-t sleep` to add a delay between video requests to avoid exceeding the rate limit. For more information, refer to  https://github.com/yt-dlp/yt-dlp/wiki/Extractors#this-content-isnt-available-try-again-later

################################

# Entry removed Wed Aug 19 07:27:10 2026
# Track:  https://youtube.com/watch?v=5s7_WbiR79E
# Reason: Error in yt-dlp while downloading media data: ERROR: [youtube] 5s7_WbiR79E: Video unavailable

################################

# Entry removed Wed Aug 19 07:27:11 2026
# Track:  https://youtube.com/watch?v=0pKlvG4XWAg
# Reason: Error in yt-dlp while downloading media data: ERROR: [youtube] 0pKlvG4XWAg: This content isn't available, try again later. The current session has been rate-limited by YouTube for up to an hour. It is recommended to use `-t sleep` to add a delay between video requests to avoid exceeding the rate limit. For more information, refer to  https://github.com/yt-dlp/yt-dlp/wiki/Extractors#this-content-isnt-available-try-again-later

################################

# Entry removed Wed Aug 19 07:27:11 2026
# Track:  https://youtube.com/watch?v=mSU-TWxNjJA
# Reason: Error in yt-dlp while downloading media data: ERROR: [youtube] mSU-TWxNjJA: Video unavailable

################################

# Entry removed Wed Aug 19 07:27:12 2026
# Track:  https://youtube.com/watch?v=jAVMElUXLi0
# Reason: Error in yt-dlp while downloading media data: ERROR: [youtube] jAVMElUXLi0: Video unavailable

################################

# Entry removed Wed Aug 19 07:27:12 2026
# Track:  https://youtube.com/watch?v=8m4Uwttzuy4
# Reason: Error in yt-dlp while downloading media data: ERROR: [youtube] 8m4Uwttzuy4: This content isn't available, try again later. The current session has been rate-limited by YouTube for up to an hour. It is recommended to use `-t sleep` to add a delay between video requests to avoid exceeding the rate limit. For more information, refer to  https://github.com/yt-dlp/yt-dlp/wiki/Extractors#this-content-isnt-available-try-again-later

################################

# Entry removed Wed Aug 19 07:27:13 2026
# Track:  https://youtube.com/watch?v=lZbahdBHv9E
# Reason: Error in yt-dlp while downloading media data: ERROR: [youtube] lZbahdBHv9E: Video unavailable

################################

# Entry removed Wed Aug 19 07:27:13 2026
# Track:  https://youtube.com/watch?v=EK4Wd8mD8CA
# Reason: Error in yt-dlp while downloading media data: ERROR: [youtube] EK4Wd8mD8CA: This content isn't available, try again later. The current session has been rate-limited by YouTube for up to an hour. It is recommended to use `-t sleep` to add a delay between video requests to avoid exceeding the rate limit. For more information, refer to  https://github.com/yt-dlp/yt-dlp/wiki/Extractors#this-content-isnt-available-try-again-later

################################

# Entry removed Wed Aug 19 07:27:13 2026
# Track:  https://youtube.com/watch?v=69wxutaRWO4
# Reason: Error in yt-dlp while downloading media data: ERROR: [youtube] 69wxutaRWO4: Please sign in. Use --cookies-from-browser or --cookies for the authentication. See  https://github.com/yt-dlp/yt-dlp/wiki/FAQ#how-do-i-pass-cookies-to-yt-dlp  for how to manually pass cookies. Also see  https://github.com/yt-dlp/yt-dlp/wiki/Extractors#exporting-youtube-cookies  for tips on effectively exporting YouTube cookies

################################

# Entry removed Wed Aug 19 07:27:14 2026
# Track:  https://youtube.com/watch?v=ibjNly0E_gk
# Reason: Error in yt-dlp while downloading media data: ERROR: [youtube] ibjNly0E_gk: Video unavailable

################################

# Entry removed Wed Aug 19 07:27:14 2026
# Track:  https://youtube.com/watch?v=oOg5VxrRTi0
# Reason: Error in yt-dlp while downloading media data: ERROR: [youtube] oOg5VxrRTi0: Video unavailable

################################

# Entry removed Wed Aug 19 07:27:15 2026
# Track:  https://youtube.com/watch?v=heyIXXCfyaM
# Reason: Error in yt-dlp while downloading media data: ERROR: [youtube] heyIXXCfyaM: Video unavailable

################################

# Entry removed Wed Aug 19 07:27:15 2026
# Track:  https://youtube.com/watch?v=n2wr9FR-m70
# Reason: Error in yt-dlp while downloading media data: ERROR: [youtube] n2wr9FR-m70: Video unavailable

################################

# Entry removed Wed Aug 19 07:27:15 2026
# Track:  https://youtube.com/watch?v=JXwMgIlmoaM
# Reason: Error in yt-dlp while downloading media data: ERROR: [youtube] JXwMgIlmoaM: Video unavailable

################################

# Entry removed Wed Aug 19 07:27:16 2026
# Track:  https://youtube.com/watch?v=PaQxdGtSjVA
# Reason: Error in yt-dlp while downloading media data: ERROR: [youtube] PaQxdGtSjVA: This content isn't available, try again later. The current session has been rate-limited by YouTube for up to an hour. It is recommended to use `-t sleep` to add a delay between video requests to avoid exceeding the rate limit. For more information, refer to  https://github.com/yt-dlp/yt-dlp/wiki/Extractors#this-content-isnt-available-try-again-later

################################

# Entry removed Wed Aug 19 07:27:16 2026
# Track:  https://youtube.com/watch?v=tqLgJ9puo_c
# Reason: Error in yt-dlp while downloading media data: ERROR: [youtube] tqLgJ9puo_c: This video is unavailable

################################

# Entry removed Wed Aug 19 07:27:16 2026
# Track:  https://youtube.com/watch?v=91wK-WFHAhQ
# Reason: Error in yt-dlp while downloading media data: ERROR: [youtube] 91wK-WFHAhQ: Video unavailable

################################

# Entry removed Wed Aug 19 07:27:17 2026
# Track:  https://youtube.com/watch?v=mDQHqNf-IEg
# Reason: Error in yt-dlp while downloading media data: ERROR: [youtube] mDQHqNf-IEg: Please sign in. Use --cookies-from-browser or --cookies for the authentication. See  https://github.com/yt-dlp/yt-dlp/wiki/FAQ#how-do-i-pass-cookies-to-yt-dlp  for how to manually pass cookies. Also see  https://github.com/yt-dlp/yt-dlp/wiki/Extractors#exporting-youtube-cookies  for tips on effectively exporting YouTube cookies

################################

# Entry removed Wed Aug 19 07:27:17 2026
# Track:  https://youtube.com/watch?v=lALI9UXOv18
# Reason: Error in yt-dlp while downloading media data: ERROR: [youtube] lALI9UXOv18: Please sign in. Use --cookies-from-browser or --cookies for the authentication. See  https://github.com/yt-dlp/yt-dlp/wiki/FAQ#how-do-i-pass-cookies-to-yt-dlp  for how to manually pass cookies. Also see  https://github.com/yt-dlp/yt-dlp/wiki/Extractors#exporting-youtube-cookies  for tips on effectively exporting YouTube cookies

################################

# Entry removed Wed Aug 19 07:27:17 2026
# Track:  https://youtube.com/watch?v=OFgGAVBA2NY
# Reason: Error in yt-dlp while downloading media data: ERROR: [youtube] OFgGAVBA2NY: Video unavailable

################################

# Entry removed Wed Aug 19 07:27:18 2026
# Track:  https://youtube.com/watch?v=wQfP1lcJ_eo
# Reason: Error in yt-dlp while downloading media data: ERROR: [youtube] wQfP1lcJ_eo: Video unavailable

################################

# Entry removed Wed Aug 19 07:27:18 2026
# Track:  https://youtube.com/watch?v=eJO5HU_7_1w
# Reason: Error in yt-dlp while downloading media data: ERROR: [youtube] eJO5HU_7_1w: Video unavailable

################################

# Entry removed Wed Aug 19 07:27:18 2026
# Track:  https://youtube.com/watch?v=X8Ooy2mzrRk
# Reason: Error in yt-dlp while downloading media data: ERROR: [youtube] X8Ooy2mzrRk: Please sign in. Use --cookies-from-browser or --cookies for the authentication. See  https://github.com/yt-dlp/yt-dlp/wiki/FAQ#how-do-i-pass-cookies-to-yt-dlp  for how to manually pass cookies. Also see  https://github.com/yt-dlp/yt-dlp/wiki/Extractors#exporting-youtube-cookies  for tips on effectively exporting YouTube cookies

################################

# Entry removed Wed Aug 19 07:27:19 2026
# Track:  https://youtube.com/watch?v=qqZp8FEKCB4
# Reason: Error in yt-dlp while downloading media data: ERROR: [youtube] qqZp8FEKCB4: Video unavailable

################################

# Entry removed Wed Aug 19 07:27:19 2026
# Track:  https://youtube.com/watch?v=acHKPu4oIro
# Reason: Error in yt-dlp while downloading media data: ERROR: [youtube] acHKPu4oIro: Video unavailable

################################

# Entry removed Wed Aug 19 07:27:20 2026
# Track:  https://youtube.com/watch?v=j-qQ_brIsfY
# Reason: Error in yt-dlp while downloading media data: ERROR: [youtube] j-qQ_brIsfY: Video unavailable

################################

# Entry removed Wed Aug 19 07:27:20 2026
# Track:  https://youtube.com/watch?v=4lXBHD5C8do
# Reason: Error in yt-dlp while downloading media data: ERROR: [youtube] 4lXBHD5C8do: Please sign in. Use --cookies-from-browser or --cookies for the authentication. See  https://github.com/yt-dlp/yt-dlp/wiki/FAQ#how-do-i-pass-cookies-to-yt-dlp  for how to manually pass cookies. Also see  https://github.com/yt-dlp/yt-dlp/wiki/Extractors#exporting-youtube-cookies  for tips on effectively exporting YouTube cookies

################################

# Entry removed Wed Aug 19 07:27:20 2026
# Track:  https://youtube.com/watch?v=8nW1c_li-uw
# Reason: Error in yt-dlp while downloading media data: ERROR: [youtube] 8nW1c_li-uw: Video unavailable

################################

# Entry removed Wed Aug 19 07:27:21 2026
# Track:  https://youtube.com/watch?v=xo-1iAsqmQI
# Reason: Error in yt-dlp while downloading media data: ERROR: [youtube] xo-1iAsqmQI: Please sign in. Use --cookies-from-browser or --cookies for the authentication. See  https://github.com/yt-dlp/yt-dlp/wiki/FAQ#how-do-i-pass-cookies-to-yt-dlp  for how to manually pass cookies. Also see  https://github.com/yt-dlp/yt-dlp/wiki/Extractors#exporting-youtube-cookies  for tips on effectively exporting YouTube cookies

################################

# Entry removed Wed Aug 19 07:27:21 2026
# Track:  https://youtube.com/watch?v=-kAsZVn44aI
# Reason: Error in yt-dlp while downloading media data: ERROR: [youtube] -kAsZVn44aI: This video is unavailable

################################

# Entry removed Wed Aug 19 07:27:21 2026
# Track:  https://youtube.com/watch?v=lZbgyKJkHxQ
# Reason: Error in yt-dlp while downloading media data: ERROR: [youtube] lZbgyKJkHxQ: Video unavailable

################################

# Entry removed Wed Aug 19 07:27:22 2026
# Track:  https://youtube.com/watch?v=2t3z1jISiVc
# Reason: Error in yt-dlp while downloading media data: ERROR: [youtube] 2t3z1jISiVc: Video unavailable

################################

# Entry removed Wed Aug 19 07:27:22 2026
# Track:  https://youtube.com/watch?v=DWLz0yJegtA
# Reason: Error in yt-dlp while downloading media data: ERROR: [youtube] DWLz0yJegtA: Video unavailable

################################

# Entry removed Wed Aug 19 07:27:22 2026
# Track:  https://youtube.com/watch?v=quMlRhlVR3I
# Reason: Error in yt-dlp while downloading media data: ERROR: [youtube] quMlRhlVR3I: Video unavailable

################################

# Entry removed Wed Aug 19 07:27:23 2026
# Track:  https://youtube.com/watch?v=_pbIj-2vak4
# Reason: Error in yt-dlp while downloading media data: ERROR: [youtube] _pbIj-2vak4: Video unavailable

################################

# Entry removed Wed Aug 19 07:27:23 2026
# Track:  https://youtube.com/watch?v=WUH9NaZI9eA
# Reason: Error in yt-dlp while downloading media data: ERROR: [youtube] WUH9NaZI9eA: Video unavailable

################################

# Entry removed Wed Aug 19 07:27:24 2026
# Track:  https://youtube.com/watch?v=TMZi25Pq3T8
# Reason: Error in yt-dlp while downloading media data: ERROR: [youtube] TMZi25Pq3T8: Video unavailable

################################

# Entry removed Wed Aug 19 07:27:24 2026
# Track:  https://youtube.com/watch?v=CW7OXRF7yGY
# Reason: Error in yt-dlp while downloading media data: ERROR: [youtube] CW7OXRF7yGY: Video unavailable

################################

# Entry removed Wed Aug 19 07:27:25 2026
# Track:  https://youtube.com/watch?v=pEyBu0OiWtg
# Reason: Error in yt-dlp while downloading media data: ERROR: [youtube] pEyBu0OiWtg: Video unavailable

################################

# Entry removed Wed Aug 19 07:27:25 2026
# Track:  https://youtube.com/watch?v=a7cGKQeqfrI
# Reason: Error in yt-dlp while downloading media data: ERROR: [youtube] a7cGKQeqfrI: Video unavailable

################################

# Entry removed Wed Aug 19 07:27:25 2026
# Track:  https://youtube.com/watch?v=gCbdDLa8Z-0
# Reason: Error in yt-dlp while downloading media data: ERROR: [youtube] gCbdDLa8Z-0: This video is unavailable

################################

# Entry removed Wed Aug 19 07:27:25 2026
# Track:  https://youtube.com/watch?v=CkyTS_-Pqqw
# Reason: Error in yt-dlp while downloading media data: ERROR: [youtube] CkyTS_-Pqqw: Please sign in. Use --cookies-from-browser or --cookies for the authentication. See  https://github.com/yt-dlp/yt-dlp/wiki/FAQ#how-do-i-pass-cookies-to-yt-dlp  for how to manually pass cookies. Also see  https://github.com/yt-dlp/yt-dlp/wiki/Extractors#exporting-youtube-cookies  for tips on effectively exporting YouTube cookies

################################

# Entry removed Wed Aug 19 07:27:25 2026
# Track:  https://youtube.com/watch?v=aS_sAa37xag
# Reason: Error in yt-dlp while downloading media data: ERROR: [youtube] aS_sAa37xag: This video is unavailable

################################

# Entry removed Wed Aug 19 07:27:25 2026
# Track:  https://youtube.com/watch?v=5c1m2BAg2Sc
# Reason: Error in yt-dlp while downloading media data: ERROR: [youtube] 5c1m2BAg2Sc: This video is unavailable

################################

# Entry removed Wed Aug 19 07:27:26 2026
# Track:  https://youtube.com/watch?v=oiG-4-V7Xd0
# Reason: Error in yt-dlp while downloading media data: ERROR: [youtube] oiG-4-V7Xd0: Video unavailable

################################

# Entry removed Wed Aug 19 07:27:26 2026
# Track:  https://youtube.com/watch?v=tNRAuzj2ImA
# Reason: Error in yt-dlp while downloading media data: ERROR: [youtube] tNRAuzj2ImA: Video unavailable

################################

# Entry removed Wed Aug 19 07:27:27 2026
# Track:  https://youtube.com/watch?v=9jK-NcRmVcw
# Reason: Error in yt-dlp while downloading media data: ERROR: [youtube] 9jK-NcRmVcw: Video unavailable

################################

# Entry removed Wed Aug 19 07:27:27 2026
# Track:  https://youtube.com/watch?v=oRrq6zXFUKg
# Reason: Error in yt-dlp while downloading media data: ERROR: [youtube] oRrq6zXFUKg: Video unavailable

################################

# Entry removed Wed Aug 19 07:27:28 2026
# Track:  https://youtube.com/watch?v=ONcXJljaoyE
# Reason: Error in yt-dlp while downloading media data: ERROR: [youtube] ONcXJljaoyE: Video unavailable

################################

# Entry removed Wed Aug 19 07:27:28 2026
# Track:  https://youtube.com/watch?v=Gwfm9wuIj40
# Reason: Error in yt-dlp while downloading media data: ERROR: [youtube] Gwfm9wuIj40: Video unavailable

################################

# Entry removed Wed Aug 19 07:27:29 2026
# Track:  https://youtube.com/watch?v=4ACe9IDkJo0
# Reason: Error in yt-dlp while downloading media data: ERROR: [youtube] 4ACe9IDkJo0: Video unavailable

################################

# Entry removed Wed Aug 19 07:27:29 2026
# Track:  https://youtube.com/watch?v=D5o_UOPNaQQ
# Reason: Error in yt-dlp while downloading media data: ERROR: [youtube] D5o_UOPNaQQ: Video unavailable

################################

# Entry removed Wed Aug 19 07:27:29 2026
# Track:  https://youtube.com/watch?v=xYtBAbqJO9k
# Reason: Error in yt-dlp while downloading media data: ERROR: [youtube] xYtBAbqJO9k: This video is unavailable

################################

# Entry removed Wed Aug 19 07:27:30 2026
# Track:  https://youtube.com/watch?v=eyhMgXmR3w4
# Reason: Error in yt-dlp while downloading media data: ERROR: [youtube] eyhMgXmR3w4: Video unavailable

################################

# Entry removed Wed Aug 19 07:27:30 2026
# Track:  https://youtube.com/watch?v=Pw_Fq8pjQE4
# Reason: Error in yt-dlp while downloading media data: ERROR: [youtube] Pw_Fq8pjQE4: Video unavailable

################################

# Entry removed Wed Aug 19 07:27:31 2026
# Track:  https://youtube.com/watch?v=rHuUJqNsezg
# Reason: Error in yt-dlp while downloading media data: ERROR: [youtube] rHuUJqNsezg: Video unavailable

################################

# Entry removed Wed Aug 19 07:27:31 2026
# Track:  https://youtube.com/watch?v=DY9D01WPIN0
# Reason: Error in yt-dlp while downloading media data: ERROR: [youtube] DY9D01WPIN0: Video unavailable

################################

# Entry removed Wed Aug 19 07:27:32 2026
# Track:  https://youtube.com/watch?v=-U98qkjbYek
# Reason: Error in yt-dlp while downloading media data: ERROR: [youtube] -U98qkjbYek: Video unavailable

################################

# Entry removed Wed Aug 19 07:27:32 2026
# Track:  https://youtube.com/watch?v=3pYNd0MSVXs
# Reason: Error in yt-dlp while downloading media data: ERROR: [youtube] 3pYNd0MSVXs: Video unavailable

################################

# Entry removed Wed Aug 19 07:27:33 2026
# Track:  https://youtube.com/watch?v=0O2aH4XLbto
# Reason: Error in yt-dlp while downloading media data: ERROR: [youtube] 0O2aH4XLbto: Video unavailable

################################

# Entry removed Wed Aug 19 07:27:33 2026
# Track:  https://youtube.com/watch?v=TVyBV_HC8eg
# Reason: Error in yt-dlp while downloading media data: ERROR: [youtube] TVyBV_HC8eg: Video unavailable

################################

# Entry removed Wed Aug 19 07:27:33 2026
# Track:  https://youtube.com/watch?v=cElu1JcNqfg
# Reason: Error in yt-dlp while downloading media data: ERROR: [youtube] cElu1JcNqfg: Video unavailable

################################

# Entry removed Wed Aug 19 07:27:33 2026
# Track:  https://youtube.com/watch?v=-pbsYf4Dc7w
# Reason: Error in yt-dlp while downloading media data: ERROR: [youtube] -pbsYf4Dc7w: Video unavailable

################################

# Entry removed Wed Aug 19 07:27:34 2026
# Track:  https://youtube.com/watch?v=3VNUyjRRjxM
# Reason: Error in yt-dlp while downloading media data: ERROR: [youtube] 3VNUyjRRjxM: Video unavailable

################################

# Entry removed Wed Aug 19 07:27:34 2026
# Track:  https://youtube.com/watch?v=d1lQ6E1a_-I
# Reason: Error in yt-dlp while downloading media data: ERROR: [youtube] d1lQ6E1a_-I: Video unavailable

################################

# Entry removed Wed Aug 19 07:27:35 2026
# Track:  https://youtube.com/watch?v=uD73uTlu708
# Reason: Error in yt-dlp while downloading media data: ERROR: [youtube] uD73uTlu708: Video unavailable

################################

# Entry removed Wed Aug 19 07:27:35 2026
# Track:  https://youtube.com/watch?v=PwmXO0J-PAA
# Reason: Error in yt-dlp while downloading media data: ERROR: [youtube] PwmXO0J-PAA: Video unavailable

################################

# Entry removed Wed Aug 19 07:27:36 2026
# Track:  https://youtube.com/watch?v=LA-CBTXvHHY
# Reason: Error in yt-dlp while downloading media data: ERROR: [youtube] LA-CBTXvHHY: Please sign in. Use --cookies-from-browser or --cookies for the authentication. See  https://github.com/yt-dlp/yt-dlp/wiki/FAQ#how-do-i-pass-cookies-to-yt-dlp  for how to manually pass cookies. Also see  https://github.com/yt-dlp/yt-dlp/wiki/Extractors#exporting-youtube-cookies  for tips on effectively exporting YouTube cookies

################################

# Entry removed Wed Aug 19 07:27:36 2026
# Track:  https://youtube.com/watch?v=lbV-YwTwkTI
# Reason: Error in yt-dlp while downloading media data: ERROR: [youtube] lbV-YwTwkTI: This video is unavailable

################################

# Entry removed Wed Aug 19 07:27:36 2026
# Track:  https://youtube.com/watch?v=yNnH1sN0dw8
# Reason: Error in yt-dlp while downloading media data: ERROR: [youtube] yNnH1sN0dw8: Video unavailable

################################

# Entry removed Wed Aug 19 07:27:37 2026
# Track:  https://youtube.com/watch?v=eH2Aibf2Fxc
# Reason: Error in yt-dlp while downloading media data: ERROR: [youtube] eH2Aibf2Fxc: Video unavailable

################################

# Entry removed Wed Aug 19 07:27:37 2026
# Track:  https://youtube.com/watch?v=FsQjo7Z11_Q
# Reason: Error in yt-dlp while downloading media data: ERROR: [youtube] FsQjo7Z11_Q: Video unavailable

################################

# Entry removed Wed Aug 19 07:27:38 2026
# Track:  https://youtube.com/watch?v=z269QQh7ano
# Reason: Error in yt-dlp while downloading media data: ERROR: [youtube] z269QQh7ano: Video unavailable

################################

# Entry removed Wed Aug 19 07:27:38 2026
# Track:  https://youtube.com/watch?v=9-kWlUbkHS4
# Reason: Error in yt-dlp while downloading media data: ERROR: [youtube] 9-kWlUbkHS4: Video unavailable

################################

# Entry removed Wed Aug 19 07:27:38 2026
# Track:  https://youtube.com/watch?v=JRU6GnETSN4
# Reason: Error in yt-dlp while downloading media data: ERROR: [youtube] JRU6GnETSN4: Video unavailable

################################

# Entry removed Wed Aug 19 07:27:38 2026
# Track:  https://youtube.com/watch?v=yi8ypj_2acE
# Reason: Error in yt-dlp while downloading media data: ERROR: [youtube] yi8ypj_2acE: Please sign in. Use --cookies-from-browser or --cookies for the authentication. See  https://github.com/yt-dlp/yt-dlp/wiki/FAQ#how-do-i-pass-cookies-to-yt-dlp  for how to manually pass cookies. Also see  https://github.com/yt-dlp/yt-dlp/wiki/Extractors#exporting-youtube-cookies  for tips on effectively exporting YouTube cookies

################################

# Entry removed Wed Aug 19 07:27:39 2026
# Track:  https://youtube.com/watch?v=pvkxxaFaT5Y
# Reason: Error in yt-dlp while downloading media data: ERROR: [youtube] pvkxxaFaT5Y: Video unavailable

################################

# Entry removed Wed Aug 19 07:27:39 2026
# Track:  https://youtube.com/watch?v=C68qUfkJYSI
# Reason: Error in yt-dlp while downloading media data: ERROR: [youtube] C68qUfkJYSI: This video is unavailable

################################

# Entry removed Wed Aug 19 07:27:39 2026
# Track:  https://youtube.com/watch?v=nw2qiR6f05Q
# Reason: Error in yt-dlp while downloading media data: ERROR: [youtube] nw2qiR6f05Q: Please sign in. Use --cookies-from-browser or --cookies for the authentication. See  https://github.com/yt-dlp/yt-dlp/wiki/FAQ#how-do-i-pass-cookies-to-yt-dlp  for how to manually pass cookies. Also see  https://github.com/yt-dlp/yt-dlp/wiki/Extractors#exporting-youtube-cookies  for tips on effectively exporting YouTube cookies

################################

# Entry removed Wed Aug 19 07:27:40 2026
# Track:  https://youtube.com/watch?v=h04CH9YZcpI
# Reason: Error in yt-dlp while downloading media data: ERROR: [youtube] h04CH9YZcpI: Video unavailable

################################

# Entry removed Wed Aug 19 07:27:40 2026
# Track:  https://youtube.com/watch?v=2sH-l2xN3gU
# Reason: Error in yt-dlp while downloading media data: ERROR: [youtube] 2sH-l2xN3gU: Video unavailable

################################

# Entry removed Wed Aug 19 07:27:41 2026
# Track:  https://youtube.com/watch?v=ksNBf8kXpqQ
# Reason: Error in yt-dlp while downloading media data: ERROR: [youtube] ksNBf8kXpqQ: Video unavailable

################################

# Entry removed Wed Aug 19 07:27:41 2026
# Track:  https://youtube.com/watch?v=m9lDtvaGQio
# Reason: Error in yt-dlp while downloading media data: ERROR: [youtube] m9lDtvaGQio: Video unavailable

################################

# Entry removed Wed Aug 19 07:27:42 2026
# Track:  https://youtube.com/watch?v=qggxTtnKTMo
# Reason: Error in yt-dlp while downloading media data: ERROR: [youtube] qggxTtnKTMo: Video unavailable

################################

# Entry removed Wed Aug 19 07:27:42 2026
# Track:  https://youtube.com/watch?v=okC4hw8IPYg
# Reason: Error in yt-dlp while downloading media data: ERROR: [youtube] okC4hw8IPYg: Video unavailable

################################

# Entry removed Wed Aug 19 07:27:42 2026
# Track:  https://youtube.com/watch?v=FKdtstAo6iU
# Reason: Error in yt-dlp while downloading media data: ERROR: [youtube] FKdtstAo6iU: Video unavailable

################################

# Entry removed Wed Aug 19 07:27:43 2026
# Track:  https://youtube.com/watch?v=KDrxzKYdwsA
# Reason: Error in yt-dlp while downloading media data: ERROR: [youtube] KDrxzKYdwsA: Video unavailable

################################

# Entry removed Wed Aug 19 07:27:43 2026
# Track:  https://youtube.com/watch?v=T_XHUA9G2zU
# Reason: Error in yt-dlp while downloading media data: ERROR: [youtube] T_XHUA9G2zU: Video unavailable

################################

# Entry removed Wed Aug 19 07:27:43 2026
# Track:  https://youtube.com/watch?v=Q1DvVzKXktY
# Reason: Error in yt-dlp while downloading media data: ERROR: [youtube] Q1DvVzKXktY: Video unavailable

################################

# Entry removed Wed Aug 19 07:27:44 2026
# Track:  https://youtube.com/watch?v=W6Hy0G0R3AQ
# Reason: Error in yt-dlp while downloading media data: ERROR: [youtube] W6Hy0G0R3AQ: Video unavailable

################################

# Entry removed Wed Aug 19 07:27:44 2026
# Track:  https://youtube.com/watch?v=NSPv6Fa0cyY
# Reason: Error in yt-dlp while downloading media data: ERROR: [youtube] NSPv6Fa0cyY: Video unavailable

################################

# Entry removed Wed Aug 19 07:27:45 2026
# Track:  https://youtube.com/watch?v=hkyJQcmVtZQ
# Reason: Error in yt-dlp while downloading media data: ERROR: [youtube] hkyJQcmVtZQ: Video unavailable

################################

# Entry removed Wed Aug 19 07:27:45 2026
# Track:  https://youtube.com/watch?v=pJyQpAiMXkg
# Reason: Error in yt-dlp while downloading media data: ERROR: [youtube] pJyQpAiMXkg: Video unavailable

################################

# Entry removed Wed Aug 19 07:27:45 2026
# Track:  https://youtube.com/watch?v=2vObp0vBDOY
# Reason: Error in yt-dlp while downloading media data: ERROR: [youtube] 2vObp0vBDOY: Video unavailable

################################

# Entry removed Wed Aug 19 07:27:46 2026
# Track:  https://youtube.com/watch?v=XpueyrkcMyQ
# Reason: Error in yt-dlp while downloading media data: ERROR: [youtube] XpueyrkcMyQ: Video unavailable

################################

# Entry removed Wed Aug 19 07:27:46 2026
# Track:  https://youtube.com/watch?v=m8UjXEnSNIg
# Reason: Error in yt-dlp while downloading media data: ERROR: [youtube] m8UjXEnSNIg: Video unavailable

################################

# Entry removed Wed Aug 19 07:27:47 2026
# Track:  https://youtube.com/watch?v=M7HYVow1kHQ
# Reason: Error in yt-dlp while downloading media data: ERROR: [youtube] M7HYVow1kHQ: Video unavailable

################################

# Entry removed Wed Aug 19 07:27:47 2026
# Track:  https://youtube.com/watch?v=CsHtO_i4qzM
# Reason: Error in yt-dlp while downloading media data: ERROR: [youtube] CsHtO_i4qzM: Video unavailable

################################

# Entry removed Wed Aug 19 07:27:48 2026
# Track:  https://youtube.com/watch?v=WEhpAg1jLEQ
# Reason: Error in yt-dlp while downloading media data: ERROR: [youtube] WEhpAg1jLEQ: Video unavailable

################################

# Entry removed Wed Aug 19 07:27:48 2026
# Track:  https://youtube.com/watch?v=Rns6bSR_OFQ
# Reason: Error in yt-dlp while downloading media data: ERROR: [youtube] Rns6bSR_OFQ: Video unavailable

################################

# Entry removed Wed Aug 19 07:27:48 2026
# Track:  https://youtube.com/watch?v=_xAWiV4drB4
# Reason: Error in yt-dlp while downloading media data: ERROR: [youtube] _xAWiV4drB4: Video unavailable

################################

# Entry removed Wed Aug 19 07:27:49 2026
# Track:  https://youtube.com/watch?v=-hVqG44A6No
# Reason: Error in yt-dlp while downloading media data: ERROR: [youtube] -hVqG44A6No: Video unavailable

################################

# Entry removed Wed Aug 19 07:27:49 2026
# Track:  https://youtube.com/watch?v=bLo5pj04wag
# Reason: Error in yt-dlp while downloading media data: ERROR: [youtube] bLo5pj04wag: Video unavailable

################################

# Entry removed Wed Aug 19 07:27:49 2026
# Track:  https://youtube.com/watch?v=qdDOWUPzrWA
# Reason: Error in yt-dlp while downloading media data: ERROR: [youtube] qdDOWUPzrWA: Video unavailable

################################

# Entry removed Wed Aug 19 07:27:50 2026
# Track:  https://youtube.com/watch?v=7uy0ldI_1HA
# Reason: Error in yt-dlp while downloading media data: ERROR: [youtube] 7uy0ldI_1HA: Video unavailable

################################

# Entry removed Wed Aug 19 07:27:50 2026
# Track:  https://youtube.com/watch?v=-tcAwyNlSjs
# Reason: Error in yt-dlp while downloading media data: ERROR: [youtube] -tcAwyNlSjs: Video unavailable

################################

# Entry removed Wed Aug 19 07:27:50 2026
# Track:  https://youtube.com/watch?v=ATc8Jefnl-U
# Reason: Error in yt-dlp while downloading media data: ERROR: [youtube] ATc8Jefnl-U: Video unavailable

################################

# Entry removed Wed Aug 19 07:27:51 2026
# Track:  https://youtube.com/watch?v=AfuCLp8VEng
# Reason: Error in yt-dlp while downloading media data: ERROR: [youtube] AfuCLp8VEng: Video unavailable

################################

# Entry removed Wed Aug 19 07:27:51 2026
# Track:  https://youtube.com/watch?v=6VQJHSnGIXk
# Reason: Error in yt-dlp while downloading media data: ERROR: [youtube] 6VQJHSnGIXk: Video unavailable

################################

# Entry removed Wed Aug 19 07:27:52 2026
# Track:  https://youtube.com/watch?v=N2P7nkAf030
# Reason: Error in yt-dlp while downloading media data: ERROR: [youtube] N2P7nkAf030: This video is unavailable

################################

# Entry removed Wed Aug 19 07:27:52 2026
# Track:  https://youtube.com/watch?v=ZSEmhhyuktU
# Reason: Error in yt-dlp while downloading media data: ERROR: [youtube] ZSEmhhyuktU: Video unavailable

################################

# Entry removed Wed Aug 19 07:27:53 2026
# Track:  https://youtube.com/watch?v=iHKqbc_9Rc8
# Reason: Error in yt-dlp while downloading media data: ERROR: [youtube] iHKqbc_9Rc8: Video unavailable

################################

# Entry removed Wed Aug 19 07:27:53 2026
# Track:  https://youtube.com/watch?v=2YVtby__ZS0
# Reason: Error in yt-dlp while downloading media data: ERROR: [youtube] 2YVtby__ZS0: Video unavailable

################################

# Entry removed Wed Aug 19 07:27:54 2026
# Track:  https://youtube.com/watch?v=Gsz3mrnIBd0
# Reason: Error in yt-dlp while downloading media data: ERROR: [youtube] Gsz3mrnIBd0: Video unavailable

################################

# Entry removed Wed Aug 19 07:27:54 2026
# Track:  https://youtube.com/watch?v=II_LtoZGSVg
# Reason: Error in yt-dlp while downloading media data: ERROR: [youtube] II_LtoZGSVg: Video unavailable

################################

# Entry removed Wed Aug 19 07:27:54 2026
# Track:  https://youtube.com/watch?v=cgPRvCA5-PM
# Reason: Error in yt-dlp while downloading media data: ERROR: [youtube] cgPRvCA5-PM: Video unavailable

################################

# Entry removed Wed Aug 19 07:27:54 2026
# Track:  https://youtube.com/watch?v=aq9YpxZiHY4
# Reason: Error in yt-dlp while downloading media data: ERROR: [youtube] aq9YpxZiHY4: Video unavailable

################################

# Entry removed Wed Aug 19 07:27:55 2026
# Track:  https://youtube.com/watch?v=NhFRmebmwWc
# Reason: Error in yt-dlp while downloading media data: ERROR: [youtube] NhFRmebmwWc: Video unavailable

################################

# Entry removed Wed Aug 19 07:27:55 2026
# Track:  https://youtube.com/watch?v=hRK7PVJFbS8
# Reason: Error in yt-dlp while downloading media data: ERROR: [youtube] hRK7PVJFbS8: Video unavailable

################################

# Entry removed Wed Aug 19 07:27:56 2026
# Track:  https://youtube.com/watch?v=MbXWrmQW-OE
# Reason: Error in yt-dlp while downloading media data: ERROR: [youtube] MbXWrmQW-OE: Video unavailable

################################

# Entry removed Wed Aug 19 07:27:56 2026
# Track:  https://youtube.com/watch?v=2vOWMz1z7rk
# Reason: Error in yt-dlp while downloading media data: ERROR: [youtube] 2vOWMz1z7rk: Video unavailable

################################

# Entry removed Wed Aug 19 07:27:56 2026
# Track:  https://youtube.com/watch?v=ZICaUybMucY
# Reason: Error in yt-dlp while downloading media data: ERROR: [youtube] ZICaUybMucY: This video is unavailable

################################

# Entry removed Wed Aug 19 07:27:57 2026
# Track:  https://youtube.com/watch?v=rOuF3k_-asA
# Reason: Error in yt-dlp while downloading media data: ERROR: [youtube] rOuF3k_-asA: Video unavailable

################################

# Entry removed Wed Aug 19 07:27:57 2026
# Track:  https://youtube.com/watch?v=jCDSZr2zzws
# Reason: Error in yt-dlp while downloading media data: ERROR: [youtube] jCDSZr2zzws: Video unavailable

################################

# Entry removed Wed Aug 19 07:27:58 2026
# Track:  https://youtube.com/watch?v=ekawaLsryiU
# Reason: Error in yt-dlp while downloading media data: ERROR: [youtube] ekawaLsryiU: Video unavailable

################################

# Entry removed Wed Aug 19 07:27:58 2026
# Track:  https://youtube.com/watch?v=aTBSQKh8teE
# Reason: Error in yt-dlp while downloading media data: ERROR: [youtube] aTBSQKh8teE: Video unavailable

################################

# Entry removed Wed Aug 19 07:27:58 2026
# Track:  https://youtube.com/watch?v=cSOnn1gspjs
# Reason: Error in yt-dlp while downloading media data: ERROR: [youtube] cSOnn1gspjs: This video is unavailable

################################

# Entry removed Wed Aug 19 07:27:59 2026
# Track:  https://youtube.com/watch?v=cNT3q6tO-ZY
# Reason: Error in yt-dlp while downloading media data: ERROR: [youtube] cNT3q6tO-ZY: Video unavailable

################################

# Entry removed Wed Aug 19 07:27:59 2026
# Track:  https://youtube.com/watch?v=RF1rFSoN3JQ
# Reason: Error in yt-dlp while downloading media data: ERROR: [youtube] RF1rFSoN3JQ: Video unavailable

################################

# Entry removed Wed Aug 19 07:28:00 2026
# Track:  https://youtube.com/watch?v=9uwEAugeH8w
# Reason: Error in yt-dlp while downloading media data: ERROR: [youtube] 9uwEAugeH8w: Video unavailable

################################

# Entry removed Wed Aug 19 07:28:00 2026
# Track:  https://youtube.com/watch?v=3kOWGBDJALY
# Reason: Error in yt-dlp while downloading media data: ERROR: [youtube] 3kOWGBDJALY: Video unavailable

################################

# Entry removed Wed Aug 19 07:28:00 2026
# Track:  https://youtube.com/watch?v=83jGCWCcBzc
# Reason: Error in yt-dlp while downloading media data: ERROR: [youtube] 83jGCWCcBzc: Video unavailable

################################

# Entry removed Wed Aug 19 07:28:01 2026
# Track:  https://youtube.com/watch?v=Qd78OMGLkVA
# Reason: Error in yt-dlp while downloading media data: ERROR: [youtube] Qd78OMGLkVA: Video unavailable

################################

# Entry removed Wed Aug 19 07:28:01 2026
# Track:  https://youtube.com/watch?v=Q1kf-OJdvb4
# Reason: Error in yt-dlp while downloading media data: ERROR: [youtube] Q1kf-OJdvb4: Video unavailable

################################

# Entry removed Wed Aug 19 07:28:01 2026
# Track:  https://youtube.com/watch?v=2TgO-tN5wAM
# Reason: Error in yt-dlp while downloading media data: ERROR: [youtube] 2TgO-tN5wAM: Video unavailable

################################

# Entry removed Wed Aug 19 07:28:01 2026
# Track:  https://youtube.com/watch?v=5XfRjVo5wOE
# Reason: Error in yt-dlp while downloading media data: ERROR: [youtube] 5XfRjVo5wOE: Video unavailable

################################

# Entry removed Wed Aug 19 07:28:02 2026
# Track:  https://youtube.com/watch?v=QJQtXeUEH6s
# Reason: Error in yt-dlp while downloading media data: ERROR: [youtube] QJQtXeUEH6s: Video unavailable

################################

# Entry removed Wed Aug 19 07:28:02 2026
# Track:  https://youtube.com/watch?v=ZDwotNLyz10
# Reason: Error in yt-dlp while downloading media data: ERROR: [youtube] ZDwotNLyz10: Video unavailable

################################

# Entry removed Wed Aug 19 07:28:03 2026
# Track:  https://youtube.com/watch?v=Kji10fsHyVs
# Reason: Error in yt-dlp while downloading media data: ERROR: [youtube] Kji10fsHyVs: Video unavailable

################################

# Entry removed Wed Aug 19 07:28:03 2026
# Track:  https://youtube.com/watch?v=DlAEdcMy_0A
# Reason: Error in yt-dlp while downloading media data: ERROR: [youtube] DlAEdcMy_0A: Video unavailable

################################

# Entry removed Wed Aug 19 07:28:03 2026
# Track:  https://youtube.com/watch?v=bbw1r32MJpY
# Reason: Error in yt-dlp while downloading media data: ERROR: [youtube] bbw1r32MJpY: Video unavailable

################################

# Entry removed Wed Aug 19 07:28:03 2026
# Track:  https://youtube.com/watch?v=fJT3b4urwcU
# Reason: Error in yt-dlp while downloading media data: ERROR: [youtube] fJT3b4urwcU: Please sign in. Use --cookies-from-browser or --cookies for the authentication. See  https://github.com/yt-dlp/yt-dlp/wiki/FAQ#how-do-i-pass-cookies-to-yt-dlp  for how to manually pass cookies. Also see  https://github.com/yt-dlp/yt-dlp/wiki/Extractors#exporting-youtube-cookies  for tips on effectively exporting YouTube cookies

################################

# Entry removed Wed Aug 19 07:28:04 2026
# Track:  https://youtube.com/watch?v=Ygf_yk5QJXY
# Reason: Error in yt-dlp while downloading media data: ERROR: [youtube] Ygf_yk5QJXY: Video unavailable

################################

# Entry removed Wed Aug 19 07:28:04 2026
# Track:  https://youtube.com/watch?v=00vYncpl0pk
# Reason: Error in yt-dlp while downloading media data: ERROR: [youtube] 00vYncpl0pk: Video unavailable

################################

# Entry removed Wed Aug 19 07:28:05 2026
# Track:  https://youtube.com/watch?v=6ul-cZyuYq4
# Reason: Error in yt-dlp while downloading media data: ERROR: [youtube] 6ul-cZyuYq4: Video unavailable

################################

# Entry removed Wed Aug 19 07:28:05 2026
# Track:  https://youtube.com/watch?v=ICJezWy9m8g
# Reason: Error in yt-dlp while downloading media data: ERROR: [youtube] ICJezWy9m8g: Video unavailable

################################

# Entry removed Wed Aug 19 07:28:05 2026
# Track:  https://youtube.com/watch?v=Y5ZMPJyxNLI
# Reason: Error in yt-dlp while downloading media data: ERROR: [youtube] Y5ZMPJyxNLI: This video is unavailable

################################

# Entry removed Wed Aug 19 07:28:06 2026
# Track:  https://youtube.com/watch?v=NtxmnBQmfZs
# Reason: Error in yt-dlp while downloading media data: ERROR: [youtube] NtxmnBQmfZs: Sign in to confirm your age. Use --cookies-from-browser or --cookies for the authentication. See  https://github.com/yt-dlp/yt-dlp/wiki/FAQ#how-do-i-pass-cookies-to-yt-dlp  for how to manually pass cookies. Also see  https://github.com/yt-dlp/yt-dlp/wiki/Extractors#exporting-youtube-cookies  for tips on effectively exporting YouTube cookies

################################

# Entry removed Wed Aug 19 07:28:06 2026
# Track:  https://youtube.com/watch?v=xmOOGeZE-aE
# Reason: Error in yt-dlp while downloading media data: ERROR: [youtube] xmOOGeZE-aE: Video unavailable

################################

# Entry removed Wed Aug 19 07:28:07 2026
# Track:  https://youtube.com/watch?v=zpzOFpPum6w
# Reason: Error in yt-dlp while downloading media data: ERROR: [youtube] zpzOFpPum6w: Video unavailable

################################

# Entry removed Wed Aug 19 07:28:07 2026
# Track:  https://youtube.com/watch?v=bjrOcrisGyI
# Reason: Error in yt-dlp while downloading media data: ERROR: [youtube] bjrOcrisGyI: Video unavailable

################################

# Entry removed Wed Aug 19 07:28:08 2026
# Track:  https://youtube.com/watch?v=X1ZwaRVlNVY
# Reason: Error in yt-dlp while downloading media data: ERROR: [youtube] X1ZwaRVlNVY: Video unavailable

################################

# Entry removed Wed Aug 19 07:28:08 2026
# Track:  https://youtube.com/watch?v=AGzIcLfRMcY
# Reason: Error in yt-dlp while downloading media data: ERROR: [youtube] AGzIcLfRMcY: Video unavailable

################################

# Entry removed Wed Aug 19 07:28:08 2026
# Track:  https://youtube.com/watch?v=He4YV1uqwfs
# Reason: Error in yt-dlp while downloading media data: ERROR: [youtube] He4YV1uqwfs: Please sign in. Use --cookies-from-browser or --cookies for the authentication. See  https://github.com/yt-dlp/yt-dlp/wiki/FAQ#how-do-i-pass-cookies-to-yt-dlp  for how to manually pass cookies. Also see  https://github.com/yt-dlp/yt-dlp/wiki/Extractors#exporting-youtube-cookies  for tips on effectively exporting YouTube cookies

################################

# Entry removed Wed Aug 19 07:28:09 2026
# Track:  https://youtube.com/watch?v=qTPqCUyLLhA
# Reason: Error in yt-dlp while downloading media data: ERROR: [youtube] qTPqCUyLLhA: Video unavailable

################################

# Entry removed Wed Aug 19 07:28:09 2026
# Track:  https://youtube.com/watch?v=GM_qKlltwt4
# Reason: Error in yt-dlp while downloading media data: ERROR: [youtube] GM_qKlltwt4: Video unavailable

################################

# Entry removed Wed Aug 19 07:28:09 2026
# Track:  https://youtube.com/watch?v=g4az93FLo9s
# Reason: Error in yt-dlp while downloading media data: ERROR: [youtube] g4az93FLo9s: Video unavailable

################################

# Entry removed Wed Aug 19 07:28:09 2026
# Track:  https://youtube.com/watch?v=qQMUWlse5I8
# Reason: Error in yt-dlp while downloading media data: ERROR: [youtube] qQMUWlse5I8: Video unavailable

################################

# Entry removed Wed Aug 19 07:28:10 2026
# Track:  https://youtube.com/watch?v=QkSASi_eN_k
# Reason: Error in yt-dlp while downloading media data: ERROR: [youtube] QkSASi_eN_k: Video unavailable

################################

# Entry removed Wed Aug 19 07:28:10 2026
# Track:  https://youtube.com/watch?v=DggGN8E2vx0
# Reason: Error in yt-dlp while downloading media data: ERROR: [youtube] DggGN8E2vx0: Video unavailable

################################

# Entry removed Wed Aug 19 07:28:11 2026
# Track:  https://youtube.com/watch?v=zNcPnEc99UE
# Reason: Error in yt-dlp while downloading media data: ERROR: [youtube] zNcPnEc99UE: Video unavailable

################################

# Entry removed Wed Aug 19 07:28:11 2026
# Track:  https://youtube.com/watch?v=ovrGzbsQZqc
# Reason: Error in yt-dlp while downloading media data: ERROR: [youtube] ovrGzbsQZqc: Video unavailable

################################

# Entry removed Wed Aug 19 07:28:11 2026
# Track:  https://youtube.com/watch?v=KxadblDT6zI
# Reason: Error in yt-dlp while downloading media data: ERROR: [youtube] KxadblDT6zI: This video is unavailable

################################

# Entry removed Wed Aug 19 07:28:12 2026
# Track:  https://youtube.com/watch?v=N_Q5LnUXiNA
# Reason: Error in yt-dlp while downloading media data: ERROR: [youtube] N_Q5LnUXiNA: Video unavailable

################################

# Entry removed Wed Aug 19 07:28:12 2026
# Track:  https://youtube.com/watch?v=XSbZidsgMfw
# Reason: Error in yt-dlp while downloading media data: ERROR: [youtube] XSbZidsgMfw: Video unavailable

################################

# Entry removed Wed Aug 19 07:28:12 2026
# Track:  https://youtube.com/watch?v=hNNwtDgQf_0
# Reason: Error in yt-dlp while downloading media data: ERROR: [youtube] hNNwtDgQf_0: Video unavailable

################################

# Entry removed Wed Aug 19 07:28:13 2026
# Track:  https://youtube.com/watch?v=nY3ac_FkoSw
# Reason: Error in yt-dlp while downloading media data: ERROR: [youtube] nY3ac_FkoSw: Video unavailable

################################

# Entry removed Wed Aug 19 07:28:13 2026
# Track:  https://youtube.com/watch?v=8x2tG4X0cdc
# Reason: Error in yt-dlp while downloading media data: ERROR: [youtube] 8x2tG4X0cdc: Video unavailable

################################

# Entry removed Wed Aug 19 07:28:13 2026
# Track:  https://youtube.com/watch?v=6hqxj-I9f8o
# Reason: Error in yt-dlp while downloading media data: ERROR: [youtube] 6hqxj-I9f8o: Please sign in. Use --cookies-from-browser or --cookies for the authentication. See  https://github.com/yt-dlp/yt-dlp/wiki/FAQ#how-do-i-pass-cookies-to-yt-dlp  for how to manually pass cookies. Also see  https://github.com/yt-dlp/yt-dlp/wiki/Extractors#exporting-youtube-cookies  for tips on effectively exporting YouTube cookies

################################

# Entry removed Wed Aug 19 07:28:14 2026
# Track:  https://youtube.com/watch?v=NnkLcBY8o1I
# Reason: Error in yt-dlp while downloading media data: ERROR: [youtube] NnkLcBY8o1I: Video unavailable

################################

# Entry removed Wed Aug 19 07:28:14 2026
# Track:  https://youtube.com/watch?v=T8fcbqDUwbU
# Reason: Error in yt-dlp while downloading media data: ERROR: [youtube] T8fcbqDUwbU: Video unavailable

################################

# Entry removed Wed Aug 19 07:28:15 2026
# Track:  https://youtube.com/watch?v=XPACdaj3t0Q
# Reason: Error in yt-dlp while downloading media data: ERROR: [youtube] XPACdaj3t0Q: Video unavailable

################################

# Entry removed Wed Aug 19 07:28:15 2026
# Track:  https://youtube.com/watch?v=eV7YovopMxw
# Reason: Error in yt-dlp while downloading media data: ERROR: [youtube] eV7YovopMxw: This video is unavailable

################################

# Entry removed Wed Aug 19 07:28:15 2026
# Track:  https://youtube.com/watch?v=13TIWyeuY4w
# Reason: Error in yt-dlp while downloading media data: ERROR: [youtube] 13TIWyeuY4w: Video unavailable

################################

# Entry removed Wed Aug 19 07:28:16 2026
# Track:  https://youtube.com/watch?v=IX5P2v9jcQ0
# Reason: Error in yt-dlp while downloading media data: ERROR: [youtube] IX5P2v9jcQ0: Video unavailable

################################

# Entry removed Wed Aug 19 07:28:16 2026
# Track:  https://youtube.com/watch?v=M69YdmAJoLs
# Reason: Error in yt-dlp while downloading media data: ERROR: [youtube] M69YdmAJoLs: Video unavailable

################################

# Entry removed Wed Aug 19 07:28:17 2026
# Track:  https://youtube.com/watch?v=7tNVaV96PuI
# Reason: Error in yt-dlp while downloading media data: ERROR: [youtube] 7tNVaV96PuI: Video unavailable

################################

# Entry removed Wed Aug 19 07:28:17 2026
# Track:  https://youtube.com/watch?v=BJXfe4eHDnQ
# Reason: Error in yt-dlp while downloading media data: ERROR: [youtube] BJXfe4eHDnQ: Video unavailable

################################

# Entry removed Wed Aug 19 07:28:18 2026
# Track:  https://youtube.com/watch?v=2KaeXksNA1o
# Reason: Error in yt-dlp while downloading media data: ERROR: [youtube] 2KaeXksNA1o: Video unavailable

################################

# Entry removed Wed Aug 19 07:28:18 2026
# Track:  https://youtube.com/watch?v=S5_Mf04nbLw
# Reason: Error in yt-dlp while downloading media data: ERROR: [youtube] S5_Mf04nbLw: Video unavailable

################################

# Entry removed Wed Aug 19 07:28:18 2026
# Track:  https://youtube.com/watch?v=5LWj1MFUTrk
# Reason: Error in yt-dlp while downloading media data: ERROR: [youtube] 5LWj1MFUTrk: Video unavailable

################################

# Entry removed Wed Aug 19 07:28:19 2026
# Track:  https://youtube.com/watch?v=Vppbdf-qtGU
# Reason: Error in yt-dlp while downloading media data: ERROR: [youtube] Vppbdf-qtGU: Video unavailable

################################

# Entry removed Wed Aug 19 07:28:19 2026
# Track:  https://youtube.com/watch?v=c8teZAt66jo
# Reason: Error in yt-dlp while downloading media data: ERROR: [youtube] c8teZAt66jo: Video unavailable

################################

# Entry removed Wed Aug 19 07:28:19 2026
# Track:  https://youtube.com/watch?v=ZfNR98ajB1U
# Reason: Error in yt-dlp while downloading media data: ERROR: [youtube] ZfNR98ajB1U: Video unavailable

################################

# Entry removed Wed Aug 19 07:28:20 2026
# Track:  https://youtube.com/watch?v=lZiNtbgm9oM
# Reason: Error in yt-dlp while downloading media data: ERROR: [youtube] lZiNtbgm9oM: Video unavailable

################################

# Entry removed Wed Aug 19 07:28:20 2026
# Track:  https://youtube.com/watch?v=vvgLilGV-es
# Reason: Error in yt-dlp while downloading media data: ERROR: [youtube] vvgLilGV-es: Video unavailable

################################

# Entry removed Wed Aug 19 07:28:21 2026
# Track:  https://youtube.com/watch?v=9opx_afte0I
# Reason: Error in yt-dlp while downloading media data: ERROR: [youtube] 9opx_afte0I: Video unavailable

################################

# Entry removed Wed Aug 19 07:28:21 2026
# Track:  https://youtube.com/watch?v=UuhYZrn4flo
# Reason: Error in yt-dlp while downloading media data: ERROR: [youtube] UuhYZrn4flo: Video unavailable

################################

# Entry removed Wed Aug 19 07:28:22 2026
# Track:  https://youtube.com/watch?v=OMOGaugKpzs
# Reason: Error in yt-dlp while downloading media data: ERROR: [youtube] OMOGaugKpzs: Video unavailable

################################

# Entry removed Wed Aug 19 07:28:22 2026
# Track:  https://youtube.com/watch?v=T9pd8VWyibA
# Reason: Error in yt-dlp while downloading media data: ERROR: [youtube] T9pd8VWyibA: Video unavailable

################################

# Entry removed Wed Aug 19 07:28:22 2026
# Track:  https://youtube.com/watch?v=OLGN9_mycsU
# Reason: Error in yt-dlp while downloading media data: ERROR: [youtube] OLGN9_mycsU: Please sign in. Use --cookies-from-browser or --cookies for the authentication. See  https://github.com/yt-dlp/yt-dlp/wiki/FAQ#how-do-i-pass-cookies-to-yt-dlp  for how to manually pass cookies. Also see  https://github.com/yt-dlp/yt-dlp/wiki/Extractors#exporting-youtube-cookies  for tips on effectively exporting YouTube cookies

################################

# Entry removed Wed Aug 19 07:28:22 2026
# Track:  https://youtube.com/watch?v=a8BrqjFj48A
# Reason: Error in yt-dlp while downloading media data: ERROR: [youtube] a8BrqjFj48A: Video unavailable

################################

# Entry removed Wed Aug 19 07:28:22 2026
# Track:  https://youtube.com/watch?v=4PvN7ujfj2w
# Reason: Error in yt-dlp while downloading media data: ERROR: [youtube] 4PvN7ujfj2w: This video is unavailable

################################

# Entry removed Wed Aug 19 07:28:23 2026
# Track:  https://youtube.com/watch?v=Tnygv7J6VNg
# Reason: Error in yt-dlp while downloading media data: ERROR: [youtube] Tnygv7J6VNg: Video unavailable

################################

# Entry removed Wed Aug 19 07:28:23 2026
# Track:  https://youtube.com/watch?v=4_iC0MyIykM
# Reason: Error in yt-dlp while downloading media data: ERROR: [youtube] 4_iC0MyIykM: Video unavailable

################################

# Entry removed Wed Aug 19 07:28:24 2026
# Track:  https://youtube.com/watch?v=1MR5xe1z-eU
# Reason: Error in yt-dlp while downloading media data: ERROR: [youtube] 1MR5xe1z-eU: Video unavailable

################################

# Entry removed Wed Aug 19 07:28:24 2026
# Track:  https://youtube.com/watch?v=JA7bmiafKNM
# Reason: Error in yt-dlp while downloading media data: ERROR: [youtube] JA7bmiafKNM: Video unavailable

################################

# Entry removed Wed Aug 19 07:28:25 2026
# Track:  https://youtube.com/watch?v=BPwZaQfoIbU
# Reason: Error in yt-dlp while downloading media data: ERROR: [youtube] BPwZaQfoIbU: Video unavailable

################################

# Entry removed Wed Aug 19 07:28:25 2026
# Track:  https://youtube.com/watch?v=31KOGb1MU4g
# Reason: Error in yt-dlp while downloading media data: ERROR: [youtube] 31KOGb1MU4g: Video unavailable

################################

# Entry removed Wed Aug 19 07:28:25 2026
# Track:  https://youtube.com/watch?v=fNWrgH6sVjc
# Reason: Error in yt-dlp while downloading media data: ERROR: [youtube] fNWrgH6sVjc: Video unavailable

################################

# Entry removed Wed Aug 19 07:28:25 2026
# Track:  https://youtube.com/watch?v=HhndO6GdAHg
# Reason: Error in yt-dlp while downloading media data: ERROR: [youtube] HhndO6GdAHg: Video unavailable

################################

# Entry removed Wed Aug 19 07:28:26 2026
# Track:  https://youtube.com/watch?v=O1RHkPGb31Q
# Reason: Error in yt-dlp while downloading media data: ERROR: [youtube] O1RHkPGb31Q: Video unavailable

################################

# Entry removed Wed Aug 19 07:28:26 2026
# Track:  https://youtube.com/watch?v=kcPtMyOPgBw
# Reason: Error in yt-dlp while downloading media data: ERROR: [youtube] kcPtMyOPgBw: Video unavailable

################################

# Entry removed Wed Aug 19 07:28:26 2026
# Track:  https://youtube.com/watch?v=N5irNnMNJqk
# Reason: Error in yt-dlp while downloading media data: ERROR: [youtube] N5irNnMNJqk: Video unavailable

################################

# Entry removed Wed Aug 19 07:28:27 2026
# Track:  https://youtube.com/watch?v=pCpekvOkwNM
# Reason: Error in yt-dlp while downloading media data: ERROR: [youtube] pCpekvOkwNM: This video is unavailable

################################

# Entry removed Wed Aug 19 07:28:27 2026
# Track:  https://youtube.com/watch?v=nYQPcD8MOoc
# Reason: Error in yt-dlp while downloading media data: ERROR: [youtube] nYQPcD8MOoc: Video unavailable

################################

# Entry removed Wed Aug 19 07:28:27 2026
# Track:  https://youtube.com/watch?v=nmte57oKe6U
# Reason: Error in yt-dlp while downloading media data: ERROR: [youtube] nmte57oKe6U: Video unavailable

################################

# Entry removed Wed Aug 19 07:28:28 2026
# Track:  https://youtube.com/watch?v=LQLD3S8nhvs
# Reason: Error in yt-dlp while downloading media data: ERROR: [youtube] LQLD3S8nhvs: Video unavailable

################################

# Entry removed Wed Aug 19 07:28:28 2026
# Track:  https://youtube.com/watch?v=Zzo6L3wsf8c
# Reason: Error in yt-dlp while downloading media data: ERROR: [youtube] Zzo6L3wsf8c: Video unavailable

################################

# Entry removed Wed Aug 19 07:28:29 2026
# Track:  https://youtube.com/watch?v=xZjosn2u1gA
# Reason: Error in yt-dlp while downloading media data: ERROR: [youtube] xZjosn2u1gA: Video unavailable

################################

# Entry removed Wed Aug 19 07:28:29 2026
# Track:  https://youtube.com/watch?v=H5qgwnfvf1c
# Reason: Error in yt-dlp while downloading media data: ERROR: [youtube] H5qgwnfvf1c: Video unavailable

################################

# Entry removed Wed Aug 19 07:28:29 2026
# Track:  https://youtube.com/watch?v=ooYjf95rATg
# Reason: Error in yt-dlp while downloading media data: ERROR: [youtube] ooYjf95rATg: Video unavailable

################################

# Entry removed Wed Aug 19 07:28:29 2026
# Track:  https://youtube.com/watch?v=TcJ-wNmazHQ
# Reason: Error in yt-dlp while downloading media data: ERROR: [youtube] TcJ-wNmazHQ: Video unavailable

################################

# Entry removed Wed Aug 19 07:28:30 2026
# Track:  https://youtube.com/watch?v=Kky7rIEePQk
# Reason: Error in yt-dlp while downloading media data: ERROR: [youtube] Kky7rIEePQk: Video unavailable

################################

# Entry removed Wed Aug 19 07:28:30 2026
# Track:  https://youtube.com/watch?v=IzIHf1EToTE
# Reason: Error in yt-dlp while downloading media data: ERROR: [youtube] IzIHf1EToTE: Video unavailable

################################

# Entry removed Wed Aug 19 07:28:31 2026
# Track:  https://youtube.com/watch?v=jjm5p2zgQYo
# Reason: Error in yt-dlp while downloading media data: ERROR: [youtube] jjm5p2zgQYo: Video unavailable

################################

# Entry removed Wed Aug 19 07:28:31 2026
# Track:  https://youtube.com/watch?v=82cJgPXU-ik
# Reason: Error in yt-dlp while downloading media data: ERROR: [youtube] 82cJgPXU-ik: Video unavailable

################################

# Entry removed Wed Aug 19 07:28:32 2026
# Track:  https://youtube.com/watch?v=EhGEGIBGLu8
# Reason: Error in yt-dlp while downloading media data: ERROR: [youtube] EhGEGIBGLu8: Video unavailable

################################

# Entry removed Wed Aug 19 07:28:32 2026
# Track:  https://youtube.com/watch?v=Oi4G6UmYK9U
# Reason: Error in yt-dlp while downloading media data: ERROR: [youtube] Oi4G6UmYK9U: Video unavailable

################################

# Entry removed Wed Aug 19 07:28:32 2026
# Track:  https://youtube.com/watch?v=PdLIerfXuZ4
# Reason: Error in yt-dlp while downloading media data: ERROR: [youtube] PdLIerfXuZ4: This video is unavailable

################################

# Entry removed Wed Aug 19 07:28:33 2026
# Track:  https://youtube.com/watch?v=p1h9PBQSCDY
# Reason: Error in yt-dlp while downloading media data: ERROR: [youtube] p1h9PBQSCDY: Video unavailable

################################

# Entry removed Wed Aug 19 07:28:33 2026
# Track:  https://youtube.com/watch?v=ifwhV0FJiaY
# Reason: Error in yt-dlp while downloading media data: ERROR: [youtube] ifwhV0FJiaY: Video unavailable

################################

# Entry removed Wed Aug 19 07:28:34 2026
# Track:  https://youtube.com/watch?v=acLYS3oDLEg
# Reason: Error in yt-dlp while downloading media data: ERROR: [youtube] acLYS3oDLEg: Video unavailable

################################

# Entry removed Wed Aug 19 07:28:34 2026
# Track:  https://youtube.com/watch?v=P2rT2vw9i_k
# Reason: Error in yt-dlp while downloading media data: ERROR: [youtube] P2rT2vw9i_k: Video unavailable

################################

# Entry removed Wed Aug 19 07:28:34 2026
# Track:  https://youtube.com/watch?v=JiqNwliG0jo
# Reason: Error in yt-dlp while downloading media data: ERROR: [youtube] JiqNwliG0jo: This video is unavailable

################################

# Entry removed Wed Aug 19 07:28:35 2026
# Track:  https://youtube.com/watch?v=x5gAl119keA
# Reason: Error in yt-dlp while downloading media data: ERROR: [youtube] x5gAl119keA: Video unavailable

################################

# Entry removed Wed Aug 19 07:28:35 2026
# Track:  https://youtube.com/watch?v=Pssb8lCRjnQ
# Reason: Error in yt-dlp while downloading media data: ERROR: [youtube] Pssb8lCRjnQ: Video unavailable

################################

# Entry removed Wed Aug 19 07:28:36 2026
# Track:  https://youtube.com/watch?v=6jd0VICL4og
# Reason: Error in yt-dlp while downloading media data: ERROR: [youtube] 6jd0VICL4og: Video unavailable

################################

# Entry removed Wed Aug 19 07:28:36 2026
# Track:  https://youtube.com/watch?v=IKayR1oqC7w
# Reason: Error in yt-dlp while downloading media data: ERROR: [youtube] IKayR1oqC7w: Video unavailable

################################

# Entry removed Wed Aug 19 07:28:36 2026
# Track:  https://youtube.com/watch?v=Bg4UjKYHMuM
# Reason: Error in yt-dlp while downloading media data: ERROR: [youtube] Bg4UjKYHMuM: Video unavailable

################################

# Entry removed Wed Aug 19 07:28:37 2026
# Track:  https://youtube.com/watch?v=C7NSUFDHFgg
# Reason: Error in yt-dlp while downloading media data: ERROR: [youtube] C7NSUFDHFgg: Video unavailable

################################

# Entry removed Wed Aug 19 07:28:37 2026
# Track:  https://youtube.com/watch?v=9rKmdRdNO7s
# Reason: Error in yt-dlp while downloading media data: ERROR: [youtube] 9rKmdRdNO7s: Video unavailable

################################

# Entry removed Wed Aug 19 07:28:38 2026
# Track:  https://youtube.com/watch?v=NsLyI1_R01M
# Reason: Error in yt-dlp while downloading media data: ERROR: [youtube] NsLyI1_R01M: Video unavailable

################################

# Entry removed Wed Aug 19 07:28:38 2026
# Track:  https://youtube.com/watch?v=v9U0qMHHkSo
# Reason: Error in yt-dlp while downloading media data: ERROR: [youtube] v9U0qMHHkSo: Video unavailable

################################

# Entry removed Wed Aug 19 07:28:39 2026
# Track:  https://youtube.com/watch?v=EfOn2yyKz1g
# Reason: Error in yt-dlp while downloading media data: ERROR: [youtube] EfOn2yyKz1g: Video unavailable

################################

# Entry removed Wed Aug 19 07:28:39 2026
# Track:  https://youtube.com/watch?v=QVkGFtSTwis
# Reason: Error in yt-dlp while downloading media data: ERROR: [youtube] QVkGFtSTwis: Video unavailable

################################

# Entry removed Wed Aug 19 07:28:39 2026
# Track:  https://youtube.com/watch?v=r0_AmbzMedE
# Reason: Error in yt-dlp while downloading media data: ERROR: [youtube] r0_AmbzMedE: Video unavailable

################################

# Entry removed Wed Aug 19 07:28:40 2026
# Track:  https://youtube.com/watch?v=36wafFjFdYs
# Reason: Error in yt-dlp while downloading media data: ERROR: [youtube] 36wafFjFdYs: Video unavailable

################################

# Entry removed Wed Aug 19 07:28:40 2026
# Track:  https://youtube.com/watch?v=O7GroZ60UYc
# Reason: Error in yt-dlp while downloading media data: ERROR: [youtube] O7GroZ60UYc: Video unavailable

################################

# Entry removed Wed Aug 19 07:28:41 2026
# Track:  https://youtube.com/watch?v=dBgfMPLX4GA
# Reason: Error in yt-dlp while downloading media data: ERROR: [youtube] dBgfMPLX4GA: Video unavailable

################################

# Entry removed Wed Aug 19 07:28:41 2026
# Track:  https://youtube.com/watch?v=-ZHYfjSg7A4
# Reason: Error in yt-dlp while downloading media data: ERROR: [youtube] -ZHYfjSg7A4: Video unavailable

################################

# Entry removed Wed Aug 19 07:28:42 2026
# Track:  https://youtube.com/watch?v=FsglRLoUdtc
# Reason: Error in yt-dlp while downloading media data: ERROR: [youtube] FsglRLoUdtc: This video is unavailable

################################

# Entry removed Wed Aug 19 07:28:42 2026
# Track:  https://youtube.com/watch?v=OJvNVDn7BgU
# Reason: Error in yt-dlp while downloading media data: ERROR: [youtube] OJvNVDn7BgU: Video unavailable

################################

# Entry removed Wed Aug 19 07:28:42 2026
# Track:  https://youtube.com/watch?v=VgvJrWwbW-k
# Reason: Error in yt-dlp while downloading media data: ERROR: [youtube] VgvJrWwbW-k: Video unavailable

################################

# Entry removed Wed Aug 19 07:28:43 2026
# Track:  https://youtube.com/watch?v=7sgNYrz0b4o
# Reason: Error in yt-dlp while downloading media data: ERROR: [youtube] 7sgNYrz0b4o: Video unavailable

################################

# Entry removed Wed Aug 19 07:28:43 2026
# Track:  https://youtube.com/watch?v=rjU0Gryw8LY
# Reason: Error in yt-dlp while downloading media data: ERROR: [youtube] rjU0Gryw8LY: Video unavailable

################################

# Entry removed Wed Aug 19 07:28:43 2026
# Track:  https://youtube.com/watch?v=-BIlJRa-1pw
# Reason: Error in yt-dlp while downloading media data: ERROR: [youtube] -BIlJRa-1pw: Video unavailable

################################

# Entry removed Wed Aug 19 07:28:44 2026
# Track:  https://youtube.com/watch?v=HP_NE4XZGAc
# Reason: Error in yt-dlp while downloading media data: ERROR: [youtube] HP_NE4XZGAc: Video unavailable

################################

# Entry removed Wed Aug 19 07:28:44 2026
# Track:  https://youtube.com/watch?v=71QmMPEnDBI
# Reason: Error in yt-dlp while downloading media data: ERROR: [youtube] 71QmMPEnDBI: Video unavailable

################################

# Entry removed Wed Aug 19 07:28:45 2026
# Track:  https://youtube.com/watch?v=FAsQ4nOJgO4
# Reason: Error in yt-dlp while downloading media data: ERROR: [youtube] FAsQ4nOJgO4: Video unavailable

################################

# Entry removed Wed Aug 19 07:28:45 2026
# Track:  https://youtube.com/watch?v=H-KCI6bsN6E
# Reason: Error in yt-dlp while downloading media data: ERROR: [youtube] H-KCI6bsN6E: Video unavailable

################################

# Entry removed Wed Aug 19 07:28:46 2026
# Track:  https://youtube.com/watch?v=u01YGBPh-YQ
# Reason: Error in yt-dlp while downloading media data: ERROR: [youtube] u01YGBPh-YQ: Video unavailable

################################

# Entry removed Wed Aug 19 07:28:46 2026
# Track:  https://youtube.com/watch?v=wR3gaYTqkDQ
# Reason: Error in yt-dlp while downloading media data: ERROR: [youtube] wR3gaYTqkDQ: Video unavailable

################################

# Entry removed Wed Aug 19 07:28:47 2026
# Track:  https://youtube.com/watch?v=irxgOdaykPE
# Reason: Error in yt-dlp while downloading media data: ERROR: [youtube] irxgOdaykPE: Video unavailable

################################

# Entry removed Wed Aug 19 07:28:47 2026
# Track:  https://youtube.com/watch?v=jvEQD2pzPBY
# Reason: Error in yt-dlp while downloading media data: ERROR: [youtube] jvEQD2pzPBY: Video unavailable

################################

# Entry removed Wed Aug 19 07:28:47 2026
# Track:  https://youtube.com/watch?v=XV_RZvtWNiM
# Reason: Error in yt-dlp while downloading media data: ERROR: [youtube] XV_RZvtWNiM: This video is unavailable

################################

# Entry removed Wed Aug 19 07:28:48 2026
# Track:  https://youtube.com/watch?v=8urhUop-ouI
# Reason: Error in yt-dlp while downloading media data: ERROR: [youtube] 8urhUop-ouI: Video unavailable

################################

# Entry removed Wed Aug 19 07:28:48 2026
# Track:  https://youtube.com/watch?v=2SYYM78rjYQ
# Reason: Error in yt-dlp while downloading media data: ERROR: [youtube] 2SYYM78rjYQ: Video unavailable

################################

# Entry removed Wed Aug 19 07:28:49 2026
# Track:  https://youtube.com/watch?v=pyBNd_-F5Ts
# Reason: Error in yt-dlp while downloading media data: ERROR: [youtube] pyBNd_-F5Ts: Video unavailable

################################

# Entry removed Wed Aug 19 07:28:49 2026
# Track:  https://youtube.com/watch?v=Sf6Ivae_88s
# Reason: Error in yt-dlp while downloading media data: ERROR: [youtube] Sf6Ivae_88s: Video unavailable

################################

# Entry removed Wed Aug 19 07:28:49 2026
# Track:  https://youtube.com/watch?v=9b2AOlCGpKY
# Reason: Error in yt-dlp while downloading media data: ERROR: [youtube] 9b2AOlCGpKY: Video unavailable

################################

# Entry removed Wed Aug 19 07:28:49 2026
# Track:  https://youtube.com/watch?v=A_E-QcfWwSs
# Reason: Error in yt-dlp while downloading media data: ERROR: [youtube] A_E-QcfWwSs: This video is unavailable

################################

# Entry removed Wed Aug 19 07:28:50 2026
# Track:  https://youtube.com/watch?v=8CsKnTUbth0
# Reason: Error in yt-dlp while downloading media data: ERROR: [youtube] 8CsKnTUbth0: Video unavailable

################################

# Entry removed Wed Aug 19 07:28:50 2026
# Track:  https://youtube.com/watch?v=46n2V4Py0Og
# Reason: Error in yt-dlp while downloading media data: ERROR: [youtube] 46n2V4Py0Og: Video unavailable

################################

# Entry removed Wed Aug 19 07:28:51 2026
# Track:  https://youtube.com/watch?v=A2B5clYLtOc
# Reason: Error in yt-dlp while downloading media data: ERROR: [youtube] A2B5clYLtOc: Video unavailable

################################

# Entry removed Wed Aug 19 07:28:51 2026
# Track:  https://youtube.com/watch?v=eNWDwOsQqlw
# Reason: Error in yt-dlp while downloading media data: ERROR: [youtube] eNWDwOsQqlw: Video unavailable

################################

# Entry removed Wed Aug 19 07:28:52 2026
# Track:  https://youtube.com/watch?v=3rSNqhEWH9M
# Reason: Error in yt-dlp while downloading media data: ERROR: [youtube] 3rSNqhEWH9M: Video unavailable

################################

# Entry removed Wed Aug 19 07:28:52 2026
# Track:  https://youtube.com/watch?v=RJEjFh2FOzA
# Reason: Error in yt-dlp while downloading media data: ERROR: [youtube] RJEjFh2FOzA: Video unavailable

################################

# Entry removed Wed Aug 19 07:28:52 2026
# Track:  https://youtube.com/watch?v=9-VL30-Bn48
# Reason: Error in yt-dlp while downloading media data: ERROR: [youtube] 9-VL30-Bn48: Video unavailable

################################

# Entry removed Wed Aug 19 07:28:53 2026
# Track:  https://youtube.com/watch?v=lJ1NYJQnJTI
# Reason: Error in yt-dlp while downloading media data: ERROR: [youtube] lJ1NYJQnJTI: Video unavailable

################################

# Entry removed Wed Aug 19 07:28:53 2026
# Track:  https://youtube.com/watch?v=E-S9ErhqPSo
# Reason: Error in yt-dlp while downloading media data: ERROR: [youtube] E-S9ErhqPSo: Video unavailable

################################

# Entry removed Wed Aug 19 07:28:54 2026
# Track:  https://youtube.com/watch?v=sOd5Ot5-cXE
# Reason: Error in yt-dlp while downloading media data: ERROR: [youtube] sOd5Ot5-cXE: Video unavailable

################################

# Entry removed Wed Aug 19 07:28:54 2026
# Track:  https://youtube.com/watch?v=qHFxncb1gRY
# Reason: Error in yt-dlp while downloading media data: ERROR: [youtube] qHFxncb1gRY: Video unavailable

################################

# Entry removed Wed Aug 19 07:28:55 2026
# Track:  https://youtube.com/watch?v=ytQ5CYE1VZw
# Reason: Error in yt-dlp while downloading media data: ERROR: [youtube] ytQ5CYE1VZw: Video unavailable

################################

# Entry removed Wed Aug 19 07:28:55 2026
# Track:  https://youtube.com/watch?v=2lzD5NTs3l0
# Reason: Error in yt-dlp while downloading media data: ERROR: [youtube] 2lzD5NTs3l0: Video unavailable

################################

# Entry removed Wed Aug 19 07:28:55 2026
# Track:  https://youtube.com/watch?v=_cB3HXVvm0g
# Reason: Error in yt-dlp while downloading media data: ERROR: [youtube] _cB3HXVvm0g: Video unavailable

################################

# Entry removed Wed Aug 19 07:28:56 2026
# Track:  https://youtube.com/watch?v=hf4IxNNiqbU
# Reason: Error in yt-dlp while downloading media data: ERROR: [youtube] hf4IxNNiqbU: Video unavailable

################################

# Entry removed Wed Aug 19 07:28:56 2026
# Track:  https://youtube.com/watch?v=gxEPV4kolz0
# Reason: Error in yt-dlp while downloading media data: ERROR: [youtube] gxEPV4kolz0: Video unavailable

################################

# Entry removed Wed Aug 19 07:28:57 2026
# Track:  https://youtube.com/watch?v=Al23Vj-YPn8
# Reason: Error in yt-dlp while downloading media data: ERROR: [youtube] Al23Vj-YPn8: This video is unavailable

################################

# Entry removed Wed Aug 19 07:28:57 2026
# Track:  https://youtube.com/watch?v=4hAz3oI-VD0
# Reason: Error in yt-dlp while downloading media data: ERROR: [youtube] 4hAz3oI-VD0: Video unavailable

################################

# Entry removed Wed Aug 19 07:28:58 2026
# Track:  https://youtube.com/watch?v=vFUJrg5GAvs
# Reason: Error in yt-dlp while downloading media data: ERROR: [youtube] vFUJrg5GAvs: Video unavailable

################################

# Entry removed Wed Aug 19 07:28:58 2026
# Track:  https://youtube.com/watch?v=81S2mEHkTwg
# Reason: Error in yt-dlp while downloading media data: ERROR: [youtube] 81S2mEHkTwg: Video unavailable

################################

# Entry removed Wed Aug 19 07:28:59 2026
# Track:  https://youtube.com/watch?v=IRhS4Iux50E
# Reason: Error in yt-dlp while downloading media data: ERROR: [youtube] IRhS4Iux50E: Video unavailable

################################

# Entry removed Wed Aug 19 07:28:59 2026
# Track:  https://youtube.com/watch?v=RYKnP-6cDWE
# Reason: Error in yt-dlp while downloading media data: ERROR: [youtube] RYKnP-6cDWE: Video unavailable

################################

# Entry removed Wed Aug 19 07:29:00 2026
# Track:  https://youtube.com/watch?v=BqDjMZKf-wg
# Reason: Error in yt-dlp while downloading media data: ERROR: [youtube] BqDjMZKf-wg: Video unavailable

################################

# Entry removed Wed Aug 19 07:29:00 2026
# Track:  https://youtube.com/watch?v=KV8Hj_E8LJc
# Reason: Error in yt-dlp while downloading media data: ERROR: [youtube] KV8Hj_E8LJc: This video is unavailable

################################

# Entry removed Wed Aug 19 07:29:00 2026
# Track:  https://youtube.com/watch?v=wRZ6QyjGIEM
# Reason: Error in yt-dlp while downloading media data: ERROR: [youtube] wRZ6QyjGIEM: This video is unavailable

################################

# Entry removed Wed Aug 19 07:29:00 2026
# Track:  https://youtube.com/watch?v=uTnxi7i_yWg
# Reason: Error in yt-dlp while downloading media data: ERROR: [youtube] uTnxi7i_yWg: This video is unavailable

################################

# Entry removed Wed Aug 19 07:29:00 2026
# Track:  https://youtube.com/watch?v=ZhzN7-Q00KU
# Reason: Error in yt-dlp while downloading media data: ERROR: [youtube] ZhzN7-Q00KU: Video unavailable

################################

# Entry removed Wed Aug 19 07:29:01 2026
# Track:  https://youtube.com/watch?v=gc2NgotkfWE
# Reason: Error in yt-dlp while downloading media data: ERROR: [youtube] gc2NgotkfWE: Video unavailable

################################

# Entry removed Wed Aug 19 07:29:02 2026
# Track:  https://youtube.com/watch?v=YV4oYkIeGJc
# Reason: Error in yt-dlp while downloading media data: ERROR: [youtube] YV4oYkIeGJc: Video unavailable

################################

# Entry removed Wed Aug 19 07:29:02 2026
# Track:  https://youtube.com/watch?v=ZHZxmp88Ts8
# Reason: Error in yt-dlp while downloading media data: ERROR: [youtube] ZHZxmp88Ts8: Video unavailable

################################

# Entry removed Wed Aug 19 07:29:02 2026
# Track:  https://youtube.com/watch?v=Be8nu4w-NS0
# Reason: Error in yt-dlp while downloading media data: ERROR: [youtube] Be8nu4w-NS0: Video unavailable

################################

# Entry removed Wed Aug 19 07:29:03 2026
# Track:  https://youtube.com/watch?v=2-DVhzFGXjE
# Reason: Error in yt-dlp while downloading media data: ERROR: [youtube] 2-DVhzFGXjE: Video unavailable

################################

# Entry removed Wed Aug 19 07:29:03 2026
# Track:  https://youtube.com/watch?v=Ve1N7hShM7M
# Reason: Error in yt-dlp while downloading media data: ERROR: [youtube] Ve1N7hShM7M: Video unavailable

################################

# Entry removed Wed Aug 19 07:29:04 2026
# Track:  https://youtube.com/watch?v=4YHu_DH1zfs
# Reason: Error in yt-dlp while downloading media data: ERROR: [youtube] 4YHu_DH1zfs: Video unavailable

################################

# Entry removed Wed Aug 19 07:29:04 2026
# Track:  https://youtube.com/watch?v=qRF0aAGnJOw
# Reason: Error in yt-dlp while downloading media data: ERROR: [youtube] qRF0aAGnJOw: Video unavailable

################################

# Entry removed Wed Aug 19 07:29:05 2026
# Track:  https://youtube.com/watch?v=mk0PdLZqZqU
# Reason: Error in yt-dlp while downloading media data: ERROR: [youtube] mk0PdLZqZqU: Video unavailable

################################

# Entry removed Wed Aug 19 07:29:05 2026
# Track:  https://youtube.com/watch?v=Cy8duEIHEig
# Reason: Error in yt-dlp while downloading media data: ERROR: [youtube] Cy8duEIHEig: Video unavailable

################################

# Entry removed Wed Aug 19 07:29:06 2026
# Track:  https://youtube.com/watch?v=_xuowwzjmTI
# Reason: Error in yt-dlp while downloading media data: ERROR: [youtube] _xuowwzjmTI: Video unavailable

################################

# Entry removed Wed Aug 19 07:29:06 2026
# Track:  https://youtube.com/watch?v=p13lhwtSaQc
# Reason: Error in yt-dlp while downloading media data: ERROR: [youtube] p13lhwtSaQc: Video unavailable

################################

# Entry removed Wed Aug 19 07:29:06 2026
# Track:  https://youtube.com/watch?v=-4vpdkEkup8
# Reason: Error in yt-dlp while downloading media data: ERROR: [youtube] -4vpdkEkup8: Video unavailable

################################

# Entry removed Wed Aug 19 07:29:07 2026
# Track:  https://youtube.com/watch?v=BSINdbWPtss
# Reason: Error in yt-dlp while downloading media data: ERROR: [youtube] BSINdbWPtss: Video unavailable

################################

# Entry removed Wed Aug 19 07:29:07 2026
# Track:  https://youtube.com/watch?v=sR13ECD71xU
# Reason: Error in yt-dlp while downloading media data: ERROR: [youtube] sR13ECD71xU: This video is unavailable

################################

# Entry removed Wed Aug 19 07:29:07 2026
# Track:  https://youtube.com/watch?v=xflkF-sqNaM
# Reason: Error in yt-dlp while downloading media data: ERROR: [youtube] xflkF-sqNaM: Video unavailable

################################

# Entry removed Wed Aug 19 07:29:08 2026
# Track:  https://youtube.com/watch?v=MwSkC85TDgY
# Reason: Error in yt-dlp while downloading media data: ERROR: [youtube] MwSkC85TDgY: Video unavailable

################################

# Entry removed Wed Aug 19 07:29:08 2026
# Track:  https://youtube.com/watch?v=9MKJNZS3kGk
# Reason: Error in yt-dlp while downloading media data: ERROR: [youtube] 9MKJNZS3kGk: Video unavailable

################################

# Entry removed Wed Aug 19 07:29:08 2026
# Track:  https://youtube.com/watch?v=xSaPCoTZr-8
# Reason: Error in yt-dlp while downloading media data: ERROR: [youtube] xSaPCoTZr-8: Video unavailable

################################

# Entry removed Wed Aug 19 07:29:09 2026
# Track:  https://youtube.com/watch?v=pk5tpGclppc
# Reason: Error in yt-dlp while downloading media data: ERROR: [youtube] pk5tpGclppc: Video unavailable

################################

# Entry removed Wed Aug 19 07:29:09 2026
# Track:  https://youtube.com/watch?v=wV0ff1puRUg
# Reason: Error in yt-dlp while downloading media data: ERROR: [youtube] wV0ff1puRUg: Video unavailable

################################

# Entry removed Wed Aug 19 07:29:10 2026
# Track:  https://youtube.com/watch?v=A9nz5UxBZNc
# Reason: Error in yt-dlp while downloading media data: ERROR: [youtube] A9nz5UxBZNc: Video unavailable

################################

# Entry removed Wed Aug 19 07:29:10 2026
# Track:  https://youtube.com/watch?v=ixZDTiXiHsc
# Reason: Error in yt-dlp while downloading media data: ERROR: [youtube] ixZDTiXiHsc: Video unavailable

################################

# Entry removed Wed Aug 19 07:29:11 2026
# Track:  https://youtube.com/watch?v=Pe7ZzNx-FTE
# Reason: Error in yt-dlp while downloading media data: ERROR: [youtube] Pe7ZzNx-FTE: Video unavailable

################################

# Entry removed Wed Aug 19 07:29:11 2026
# Track:  https://youtube.com/watch?v=cXER29tPVow
# Reason: Error in yt-dlp while downloading media data: ERROR: [youtube] cXER29tPVow: Video unavailable

################################

# Entry removed Wed Aug 19 07:29:11 2026
# Track:  https://youtube.com/watch?v=GslhRUBgXNI
# Reason: Error in yt-dlp while downloading media data: ERROR: [youtube] GslhRUBgXNI: Video unavailable

################################

# Entry removed Wed Aug 19 07:29:12 2026
# Track:  https://youtube.com/watch?v=REaZpu0_4WQ
# Reason: Error in yt-dlp while downloading media data: ERROR: [youtube] REaZpu0_4WQ: Video unavailable

################################

# Entry removed Wed Aug 19 07:29:12 2026
# Track:  https://youtube.com/watch?v=jmovwneQ7iQ
# Reason: Error in yt-dlp while downloading media data: ERROR: [youtube] jmovwneQ7iQ: Video unavailable

################################

# Entry removed Wed Aug 19 07:29:12 2026
# Track:  https://youtube.com/watch?v=-4zXv6ys2t4
# Reason: Error in yt-dlp while downloading media data: ERROR: [youtube] -4zXv6ys2t4: Video unavailable

################################

# Entry removed Wed Aug 19 07:29:13 2026
# Track:  https://youtube.com/watch?v=2MG74eZfkJ4
# Reason: Error in yt-dlp while downloading media data: ERROR: [youtube] 2MG74eZfkJ4: This video is unavailable

################################

# Entry removed Wed Aug 19 07:29:13 2026
# Track:  https://youtube.com/watch?v=hwywsmBbPIQ
# Reason: Error in yt-dlp while downloading media data: ERROR: [youtube] hwywsmBbPIQ: Video unavailable

################################

# Entry removed Wed Aug 19 07:29:14 2026
# Track:  https://youtube.com/watch?v=RckKPzpU1eo
# Reason: Error in yt-dlp while downloading media data: ERROR: [youtube] RckKPzpU1eo: Video unavailable

################################

# Entry removed Wed Aug 19 07:29:14 2026
# Track:  https://youtube.com/watch?v=bTNTNxZaTp0
# Reason: Error in yt-dlp while downloading media data: ERROR: [youtube] bTNTNxZaTp0: Video unavailable

################################

# Entry removed Wed Aug 19 07:29:14 2026
# Track:  https://youtube.com/watch?v=1Qt3QbEzq7Q
# Reason: Error in yt-dlp while downloading media data: ERROR: [youtube] 1Qt3QbEzq7Q: Video unavailable

################################

# Entry removed Wed Aug 19 07:29:15 2026
# Track:  https://youtube.com/watch?v=mP0flneNfaQ
# Reason: Error in yt-dlp while downloading media data: ERROR: [youtube] mP0flneNfaQ: Video unavailable

################################

# Entry removed Wed Aug 19 07:29:15 2026
# Track:  https://youtube.com/watch?v=P-a6c1b0qCs
# Reason: Error in yt-dlp while downloading media data: ERROR: [youtube] P-a6c1b0qCs: Video unavailable

################################

# Entry removed Wed Aug 19 07:29:16 2026
# Track:  https://youtube.com/watch?v=f4ERRGkGtpo
# Reason: Error in yt-dlp while downloading media data: ERROR: [youtube] f4ERRGkGtpo: Video unavailable

################################

# Entry removed Wed Aug 19 07:29:16 2026
# Track:  https://youtube.com/watch?v=stoLqWXsIOY
# Reason: Error in yt-dlp while downloading media data: ERROR: [youtube] stoLqWXsIOY: Video unavailable

################################

# Entry removed Wed Aug 19 07:29:17 2026
# Track:  https://youtube.com/watch?v=QWVAJ7xqqGU
# Reason: Error in yt-dlp while downloading media data: ERROR: [youtube] QWVAJ7xqqGU: Video unavailable

################################

# Entry removed Wed Aug 19 07:29:17 2026
# Track:  https://youtube.com/watch?v=wA0jkVfrhuI
# Reason: Error in yt-dlp while downloading media data: ERROR: [youtube] wA0jkVfrhuI: Video unavailable

################################

# Entry removed Wed Aug 19 07:29:18 2026
# Track:  https://youtube.com/watch?v=j9FfYWp_d5w
# Reason: Error in yt-dlp while downloading media data: ERROR: [youtube] j9FfYWp_d5w: Video unavailable

################################

# Entry removed Wed Aug 19 07:29:18 2026
# Track:  https://youtube.com/watch?v=O6pSffe4k60
# Reason: Error in yt-dlp while downloading media data: ERROR: [youtube] O6pSffe4k60: Video unavailable

################################

# Entry removed Wed Aug 19 07:29:19 2026
# Track:  https://youtube.com/watch?v=m0J7XnbUN5o
# Reason: Error in yt-dlp while downloading media data: ERROR: [youtube] m0J7XnbUN5o: Video unavailable

################################

# Entry removed Wed Aug 19 07:29:19 2026
# Track:  https://youtube.com/watch?v=WPNq_VJOSxU
# Reason: Error in yt-dlp while downloading media data: ERROR: [youtube] WPNq_VJOSxU: Video unavailable

################################

# Entry removed Wed Aug 19 07:29:19 2026
# Track:  https://youtube.com/watch?v=wjKHEXsA7lg
# Reason: Error in yt-dlp while downloading media data: ERROR: [youtube] wjKHEXsA7lg: Please sign in. Use --cookies-from-browser or --cookies for the authentication. See  https://github.com/yt-dlp/yt-dlp/wiki/FAQ#how-do-i-pass-cookies-to-yt-dlp  for how to manually pass cookies. Also see  https://github.com/yt-dlp/yt-dlp/wiki/Extractors#exporting-youtube-cookies  for tips on effectively exporting YouTube cookies

################################

# Entry removed Wed Aug 19 07:29:19 2026
# Track:  https://youtube.com/watch?v=kOO8Gzr__zc
# Reason: Error in yt-dlp while downloading media data: ERROR: [youtube] kOO8Gzr__zc: Video unavailable

################################

# Entry removed Wed Aug 19 07:29:19 2026
# Track:  https://youtube.com/watch?v=8ir0d7bjMIk
# Reason: Error in yt-dlp while downloading media data: ERROR: [youtube] 8ir0d7bjMIk: This video is unavailable

################################

# Entry removed Wed Aug 19 07:29:20 2026
# Track:  https://youtube.com/watch?v=llPQnwDAIVU
# Reason: Error in yt-dlp while downloading media data: ERROR: [youtube] llPQnwDAIVU: This video is unavailable

################################

# Entry removed Wed Aug 19 07:29:20 2026
# Track:  https://youtube.com/watch?v=qoQLxO54JZY
# Reason: Error in yt-dlp while downloading media data: ERROR: [youtube] qoQLxO54JZY: Video unavailable

################################

# Entry removed Wed Aug 19 07:29:21 2026
# Track:  https://youtube.com/watch?v=cNxNDWWwC9w
# Reason: Error in yt-dlp while downloading media data: ERROR: [youtube] cNxNDWWwC9w: Video unavailable

################################

# Entry removed Wed Aug 19 07:29:21 2026
# Track:  https://youtube.com/watch?v=jl067ilGr54
# Reason: Error in yt-dlp while downloading media data: ERROR: [youtube] jl067ilGr54: Video unavailable

################################

# Entry removed Wed Aug 19 07:29:21 2026
# Track:  https://youtube.com/watch?v=yXK0pZx92MU
# Reason: Error in yt-dlp while downloading media data: ERROR: [youtube] yXK0pZx92MU: Video unavailable

################################

# Entry removed Wed Aug 19 07:29:22 2026
# Track:  https://youtube.com/watch?v=GzataxzdwIs
# Reason: Error in yt-dlp while downloading media data: ERROR: [youtube] GzataxzdwIs: Video unavailable

################################

# Entry removed Wed Aug 19 07:29:22 2026
# Track:  https://youtube.com/watch?v=BGBM5vWiBLo
# Reason: Error in yt-dlp while downloading media data: ERROR: [youtube] BGBM5vWiBLo: Video unavailable

################################

# Entry removed Wed Aug 19 07:29:23 2026
# Track:  https://youtube.com/watch?v=ZFqw6zxd7J8
# Reason: Error in yt-dlp while downloading media data: ERROR: [youtube] ZFqw6zxd7J8: Video unavailable

################################

# Entry removed Wed Aug 19 07:29:23 2026
# Track:  https://youtube.com/watch?v=e6LUWscWEw4
# Reason: Error in yt-dlp while downloading media data: ERROR: [youtube] e6LUWscWEw4: Video unavailable

################################

# Entry removed Wed Aug 19 07:29:24 2026
# Track:  https://youtube.com/watch?v=ZpbpOgUybBM
# Reason: Error in yt-dlp while downloading media data: ERROR: [youtube] ZpbpOgUybBM: Video unavailable

################################

# Entry removed Wed Aug 19 07:29:24 2026
# Track:  https://youtube.com/watch?v=V5-AQTPFJSg
# Reason: Error in yt-dlp while downloading media data: ERROR: [youtube] V5-AQTPFJSg: Video unavailable

################################

# Entry removed Wed Aug 19 07:29:24 2026
# Track:  https://youtube.com/watch?v=FDUOcHg5ijg
# Reason: Error in yt-dlp while downloading media data: ERROR: [youtube] FDUOcHg5ijg: Video unavailable

################################

# Entry removed Wed Aug 19 07:29:25 2026
# Track:  https://youtube.com/watch?v=Pb6KyewC_Vg
# Reason: Error in yt-dlp while downloading media data: ERROR: [youtube] Pb6KyewC_Vg: Video unavailable

################################

# Entry removed Wed Aug 19 07:29:25 2026
# Track:  https://youtube.com/watch?v=d01XRSB-7dA
# Reason: Error in yt-dlp while downloading media data: ERROR: [youtube] d01XRSB-7dA: Video unavailable

################################

# Entry removed Wed Aug 19 07:29:26 2026
# Track:  https://youtube.com/watch?v=JHqMxtYEArY
# Reason: Error in yt-dlp while downloading media data: ERROR: [youtube] JHqMxtYEArY: Video unavailable

################################

# Entry removed Wed Aug 19 07:29:26 2026
# Track:  https://youtube.com/watch?v=I4KXMyb-aGY
# Reason: Error in yt-dlp while downloading media data: ERROR: [youtube] I4KXMyb-aGY: Video unavailable

################################

# Entry removed Wed Aug 19 07:29:26 2026
# Track:  https://youtube.com/watch?v=MV5apkGSkfM
# Reason: Error in yt-dlp while downloading media data: ERROR: [youtube] MV5apkGSkfM: Video unavailable

################################

# Entry removed Wed Aug 19 07:29:27 2026
# Track:  https://youtube.com/watch?v=Ygv7C3nyN0w
# Reason: Error in yt-dlp while downloading media data: ERROR: [youtube] Ygv7C3nyN0w: Video unavailable

################################

# Entry removed Wed Aug 19 07:29:27 2026
# Track:  https://youtube.com/watch?v=6WXBob7a9go
# Reason: Error in yt-dlp while downloading media data: ERROR: [youtube] 6WXBob7a9go: Video unavailable

################################

# Entry removed Wed Aug 19 07:29:28 2026
# Track:  https://youtube.com/watch?v=-mZ54FJ6h-k
# Reason: Error in yt-dlp while downloading media data: ERROR: [youtube] -mZ54FJ6h-k: Video unavailable

################################

# Entry removed Wed Aug 19 07:29:28 2026
# Track:  https://youtube.com/watch?v=phhPSwFdgS8
# Reason: Error in yt-dlp while downloading media data: ERROR: [youtube] phhPSwFdgS8: Video unavailable

################################

# Entry removed Wed Aug 19 07:29:29 2026
# Track:  https://youtube.com/watch?v=iPe3LT37h-Y
# Reason: Error in yt-dlp while downloading media data: ERROR: [youtube] iPe3LT37h-Y: Video unavailable

################################

# Entry removed Wed Aug 19 07:29:29 2026
# Track:  https://youtube.com/watch?v=GW2pFhSo8Cg
# Reason: Error in yt-dlp while downloading media data: ERROR: [youtube] GW2pFhSo8Cg: Video unavailable

################################

# Entry removed Wed Aug 19 07:29:30 2026
# Track:  https://youtube.com/watch?v=kiOZHPf3hYg
# Reason: Error in yt-dlp while downloading media data: ERROR: [youtube] kiOZHPf3hYg: Video unavailable

################################

# Entry removed Wed Aug 19 07:29:30 2026
# Track:  https://youtube.com/watch?v=L182WF235i4
# Reason: Error in yt-dlp while downloading media data: ERROR: [youtube] L182WF235i4: Video unavailable

################################

# Entry removed Wed Aug 19 07:29:31 2026
# Track:  https://youtube.com/watch?v=haVlcMsRIHE
# Reason: Error in yt-dlp while downloading media data: ERROR: [youtube] haVlcMsRIHE: Video unavailable

################################

# Entry removed Wed Aug 19 07:29:31 2026
# Track:  https://youtube.com/watch?v=5txjj5awqS0
# Reason: Error in yt-dlp while downloading media data: ERROR: [youtube] 5txjj5awqS0: Video unavailable

################################

# Entry removed Wed Aug 19 07:29:31 2026
# Track:  https://youtube.com/watch?v=SSR6ZzjDZ94
# Reason: Error in yt-dlp while downloading media data: ERROR: [youtube] SSR6ZzjDZ94: This video is unavailable

################################

# Entry removed Wed Aug 19 07:29:32 2026
# Track:  https://youtube.com/watch?v=AE0GC4tGZW0
# Reason: Error in yt-dlp while downloading media data: ERROR: [youtube] AE0GC4tGZW0: Video unavailable

################################

# Entry removed Wed Aug 19 07:29:32 2026
# Track:  https://youtube.com/watch?v=4fC67Kjsf4k
# Reason: Error in yt-dlp while downloading media data: ERROR: [youtube] 4fC67Kjsf4k: Video unavailable

################################

# Entry removed Wed Aug 19 07:29:32 2026
# Track:  https://youtube.com/watch?v=3T1c7GkzRQQ
# Reason: Error in yt-dlp while downloading media data: ERROR: [youtube] 3T1c7GkzRQQ: Video unavailable

################################

# Entry removed Wed Aug 19 07:29:33 2026
# Track:  https://youtube.com/watch?v=dnwdYWXuU4s
# Reason: Error in yt-dlp while downloading media data: ERROR: [youtube] dnwdYWXuU4s: Video unavailable

################################

# Entry removed Wed Aug 19 07:29:33 2026
# Track:  https://youtube.com/watch?v=wkFhhnApeF4
# Reason: Error in yt-dlp while downloading media data: ERROR: [youtube] wkFhhnApeF4: Please sign in. Use --cookies-from-browser or --cookies for the authentication. See  https://github.com/yt-dlp/yt-dlp/wiki/FAQ#how-do-i-pass-cookies-to-yt-dlp  for how to manually pass cookies. Also see  https://github.com/yt-dlp/yt-dlp/wiki/Extractors#exporting-youtube-cookies  for tips on effectively exporting YouTube cookies

################################

# Entry removed Wed Aug 19 07:29:34 2026
# Track:  https://youtube.com/watch?v=C_fpzKoHyw8
# Reason: Error in yt-dlp while downloading media data: ERROR: [youtube] C_fpzKoHyw8: Video unavailable

################################

# Entry removed Wed Aug 19 07:29:34 2026
# Track:  https://youtube.com/watch?v=UwuDhK_EV5k
# Reason: Error in yt-dlp while downloading media data: ERROR: [youtube] UwuDhK_EV5k: Video unavailable

################################

# Entry removed Wed Aug 19 07:29:34 2026
# Track:  https://youtube.com/watch?v=cKutTL_KLig
# Reason: Error in yt-dlp while downloading media data: ERROR: [youtube] cKutTL_KLig: Video unavailable

################################

# Entry removed Wed Aug 19 07:29:34 2026
# Track:  https://youtube.com/watch?v=v6UZTw1uHmk
# Reason: Error in yt-dlp while downloading media data: ERROR: [youtube] v6UZTw1uHmk: Video unavailable

################################

# Entry removed Wed Aug 19 07:29:35 2026
# Track:  https://youtube.com/watch?v=nTE4IS0NXxo
# Reason: Error in yt-dlp while downloading media data: ERROR: [youtube] nTE4IS0NXxo: Video unavailable

################################

# Entry removed Wed Aug 19 07:29:35 2026
# Track:  https://youtube.com/watch?v=36Yh5PMynrg
# Reason: Error in yt-dlp while downloading media data: ERROR: [youtube] 36Yh5PMynrg: Video unavailable

################################

# Entry removed Wed Aug 19 07:29:36 2026
# Track:  https://youtube.com/watch?v=CaG0lnjaYNs
# Reason: Error in yt-dlp while downloading media data: ERROR: [youtube] CaG0lnjaYNs: Please sign in. Use --cookies-from-browser or --cookies for the authentication. See  https://github.com/yt-dlp/yt-dlp/wiki/FAQ#how-do-i-pass-cookies-to-yt-dlp  for how to manually pass cookies. Also see  https://github.com/yt-dlp/yt-dlp/wiki/Extractors#exporting-youtube-cookies  for tips on effectively exporting YouTube cookies

################################

# Entry removed Wed Aug 19 07:29:36 2026
# Track:  https://youtube.com/watch?v=ZBiA8XvkLoo
# Reason: Error in yt-dlp while downloading media data: ERROR: [youtube] ZBiA8XvkLoo: This video is unavailable

################################

# Entry removed Wed Aug 19 07:29:36 2026
# Track:  https://youtube.com/watch?v=9YyGCwvFm-U
# Reason: Error in yt-dlp while downloading media data: ERROR: [youtube] 9YyGCwvFm-U: Video unavailable

################################

# Entry removed Wed Aug 19 07:29:37 2026
# Track:  https://youtube.com/watch?v=XjV0z3Rf-ac
# Reason: Error in yt-dlp while downloading media data: ERROR: [youtube] XjV0z3Rf-ac: Video unavailable

################################

# Entry removed Wed Aug 19 07:29:37 2026
# Track:  https://youtube.com/watch?v=d5SBYhZyo1s
# Reason: Error in yt-dlp while downloading media data: ERROR: [youtube] d5SBYhZyo1s: Video unavailable

################################

# Entry removed Wed Aug 19 07:29:38 2026
# Track:  https://youtube.com/watch?v=6sRQ9q4hzv4
# Reason: Error in yt-dlp while downloading media data: ERROR: [youtube] 6sRQ9q4hzv4: Video unavailable

################################

# Entry removed Wed Aug 19 07:29:38 2026
# Track:  https://youtube.com/watch?v=CI9sIgU-WNY
# Reason: Error in yt-dlp while downloading media data: ERROR: [youtube] CI9sIgU-WNY: Video unavailable

################################

# Entry removed Wed Aug 19 07:29:39 2026
# Track:  https://youtube.com/watch?v=jRpPp0RCh-4
# Reason: Error in yt-dlp while downloading media data: ERROR: [youtube] jRpPp0RCh-4: Video unavailable

################################

# Entry removed Wed Aug 19 07:29:39 2026
# Track:  https://youtube.com/watch?v=3nJrkXwAD3I
# Reason: Error in yt-dlp while downloading media data: ERROR: [youtube] 3nJrkXwAD3I: Video unavailable

################################

# Entry removed Wed Aug 19 07:29:40 2026
# Track:  https://youtube.com/watch?v=qDQpZT3GhDg
# Reason: Error in yt-dlp while downloading media data: ERROR: [youtube] qDQpZT3GhDg: Video unavailable

################################

# Entry removed Wed Aug 19 07:29:40 2026
# Track:  https://youtube.com/watch?v=7mdIWaRi-7c
# Reason: Error in yt-dlp while downloading media data: ERROR: [youtube] 7mdIWaRi-7c: Video unavailable

################################

# Entry removed Wed Aug 19 07:29:41 2026
# Track:  https://youtube.com/watch?v=25m3Gk7mRQM
# Reason: Error in yt-dlp while downloading media data: ERROR: [youtube] 25m3Gk7mRQM: Video unavailable

################################

# Entry removed Wed Aug 19 07:29:41 2026
# Track:  https://youtube.com/watch?v=VMnjF1O4eH0
# Reason: Error in yt-dlp while downloading media data: ERROR: [youtube] VMnjF1O4eH0: Video unavailable

################################

# Entry removed Wed Aug 19 07:29:41 2026
# Track:  https://youtube.com/watch?v=h8NwXM6SNbU
# Reason: Error in yt-dlp while downloading media data: ERROR: [youtube] h8NwXM6SNbU: Video unavailable

################################

# Entry removed Wed Aug 19 07:29:41 2026
# Track:  https://youtube.com/watch?v=G5odaPQ0eVo
# Reason: Error in yt-dlp while downloading media data: ERROR: [youtube] G5odaPQ0eVo: Video unavailable

################################

# Entry removed Wed Aug 19 07:29:42 2026
# Track:  https://youtube.com/watch?v=x2KRpRMSu4g
# Reason: Error in yt-dlp while downloading media data: ERROR: [youtube] x2KRpRMSu4g: Video unavailable

################################

# Entry removed Wed Aug 19 07:29:42 2026
# Track:  https://youtube.com/watch?v=YZNx5S5zuqs
# Reason: Error in yt-dlp while downloading media data: ERROR: [youtube] YZNx5S5zuqs: Video unavailable

################################

# Entry removed Wed Aug 19 07:29:43 2026
# Track:  https://youtube.com/watch?v=hkXHsK4AQPs
# Reason: Error in yt-dlp while downloading media data: ERROR: [youtube] hkXHsK4AQPs: Video unavailable

################################

# Entry removed Wed Aug 19 07:29:43 2026
# Track:  https://youtube.com/watch?v=rkJy9feER_o
# Reason: Error in yt-dlp while downloading media data: ERROR: [youtube] rkJy9feER_o: Video unavailable

################################

# Entry removed Wed Aug 19 07:29:43 2026
# Track:  https://youtube.com/watch?v=PPapt88_3aU
# Reason: Error in yt-dlp while downloading media data: ERROR: [youtube] PPapt88_3aU: Video unavailable

################################

# Entry removed Wed Aug 19 07:29:43 2026
# Track:  https://youtube.com/watch?v=x5XvT8NMI8g
# Reason: Error in yt-dlp while downloading media data: ERROR: [youtube] x5XvT8NMI8g: This video is unavailable

################################

# Entry removed Wed Aug 19 07:29:44 2026
# Track:  https://youtube.com/watch?v=INskc6SaCu0
# Reason: Error in yt-dlp while downloading media data: ERROR: [youtube] INskc6SaCu0: Video unavailable

################################

# Entry removed Wed Aug 19 07:29:44 2026
# Track:  https://youtube.com/watch?v=yIlpEnsa2d8
# Reason: Error in yt-dlp while downloading media data: ERROR: [youtube] yIlpEnsa2d8: Video unavailable

################################

# Entry removed Wed Aug 19 07:29:45 2026
# Track:  https://youtube.com/watch?v=QHfCeR8cXvc
# Reason: Error in yt-dlp while downloading media data: ERROR: [youtube] QHfCeR8cXvc: Video unavailable

################################

# Entry removed Wed Aug 19 07:29:45 2026
# Track:  https://youtube.com/watch?v=01uzWZsTH-M
# Reason: Error in yt-dlp while downloading media data: ERROR: [youtube] 01uzWZsTH-M: Video unavailable

################################

# Entry removed Wed Aug 19 07:29:46 2026
# Track:  https://youtube.com/watch?v=wEA5Xuc4-a4
# Reason: Error in yt-dlp while downloading media data: ERROR: [youtube] wEA5Xuc4-a4: Video unavailable

################################

# Entry removed Wed Aug 19 07:29:46 2026
# Track:  https://youtube.com/watch?v=8uUk691o8BI
# Reason: Error in yt-dlp while downloading media data: ERROR: [youtube] 8uUk691o8BI: Video unavailable

################################

# Entry removed Wed Aug 19 07:29:46 2026
# Track:  https://youtube.com/watch?v=pcGGfojS58U
# Reason: Error in yt-dlp while downloading media data: ERROR: [youtube] pcGGfojS58U: Video unavailable

################################

# Entry removed Wed Aug 19 07:29:47 2026
# Track:  https://youtube.com/watch?v=ZS5oJ2-MmEU
# Reason: Error in yt-dlp while downloading media data: ERROR: [youtube] ZS5oJ2-MmEU: Video unavailable

################################

# Entry removed Wed Aug 19 07:29:47 2026
# Track:  https://youtube.com/watch?v=rpkDl6UN4a8
# Reason: Error in yt-dlp while downloading media data: ERROR: [youtube] rpkDl6UN4a8: Video unavailable

################################

# Entry removed Wed Aug 19 07:29:48 2026
# Track:  https://youtube.com/watch?v=8IMn4c4MwM0
# Reason: Error in yt-dlp while downloading media data: ERROR: [youtube] 8IMn4c4MwM0: Video unavailable

################################

# Entry removed Wed Aug 19 07:29:48 2026
# Track:  https://youtube.com/watch?v=5hDs6mCVAKs
# Reason: Error in yt-dlp while downloading media data: ERROR: [youtube] 5hDs6mCVAKs: Video unavailable

################################

# Entry removed Wed Aug 19 07:29:49 2026
# Track:  https://youtube.com/watch?v=oUvQvP0FyJU
# Reason: Error in yt-dlp while downloading media data: ERROR: [youtube] oUvQvP0FyJU: Video unavailable

################################

# Entry removed Wed Aug 19 07:29:49 2026
# Track:  https://youtube.com/watch?v=qDm3Dtr_LR4
# Reason: Error in yt-dlp while downloading media data: ERROR: [youtube] qDm3Dtr_LR4: Video unavailable

################################

# Entry removed Wed Aug 19 07:29:50 2026
# Track:  https://youtube.com/watch?v=vuha_SUwoBU
# Reason: Error in yt-dlp while downloading media data: ERROR: [youtube] vuha_SUwoBU: Video unavailable

################################

# Entry removed Wed Aug 19 07:29:50 2026
# Track:  https://youtube.com/watch?v=sXYIxJScSik
# Reason: Error in yt-dlp while downloading media data: ERROR: [youtube] sXYIxJScSik: Video unavailable

################################

# Entry removed Wed Aug 19 07:29:51 2026
# Track:  https://youtube.com/watch?v=eiBinM-f-Pk
# Reason: Error in yt-dlp while downloading media data: ERROR: [youtube] eiBinM-f-Pk: Video unavailable

################################

# Entry removed Wed Aug 19 07:29:51 2026
# Track:  https://youtube.com/watch?v=SRvCvsRp5ho
# Reason: Error in yt-dlp while downloading media data: ERROR: [youtube] SRvCvsRp5ho: Video unavailable

################################

# Entry removed Wed Aug 19 07:29:52 2026
# Track:  https://youtube.com/watch?v=J2X5mJ3HDYE
# Reason: Error in yt-dlp while downloading media data: ERROR: [youtube] J2X5mJ3HDYE: Video unavailable

################################

# Entry removed Wed Aug 19 07:29:52 2026
# Track:  https://youtube.com/watch?v=hwZNL7QVJjE
# Reason: Error in yt-dlp while downloading media data: ERROR: [youtube] hwZNL7QVJjE: Video unavailable

################################

# Entry removed Wed Aug 19 07:29:53 2026
# Track:  https://youtube.com/watch?v=QBXrhgg9s0c
# Reason: Error in yt-dlp while downloading media data: ERROR: [youtube] QBXrhgg9s0c: Video unavailable

################################

# Entry removed Wed Aug 19 07:29:53 2026
# Track:  https://youtube.com/watch?v=xnKhsTXoKCI
# Reason: Error in yt-dlp while downloading media data: ERROR: [youtube] xnKhsTXoKCI: Video unavailable

################################

# Entry removed Wed Aug 19 07:29:54 2026
# Track:  https://youtube.com/watch?v=bQXj4ZtuwuI
# Reason: Error in yt-dlp while downloading media data: ERROR: [youtube] bQXj4ZtuwuI: Video unavailable

################################

# Entry removed Wed Aug 19 07:29:54 2026
# Track:  https://youtube.com/watch?v=ru3sxF4KxHU
# Reason: Error in yt-dlp while downloading media data: ERROR: [youtube] ru3sxF4KxHU: Video unavailable

################################

